filepath,dataset,emotion,intensity,actor,gender,duration_sec,sample_rate,trimmed_duration_sec,split
data/raw/ravdess/Actor_01/03-01-01-01-01-01-01.wav,ravdess,neutral,normal,ravdess_01,male,3.3032916666666665,48000,1.344,train
data/raw/ravdess/Actor_01/03-01-01-01-01-02-01.wav,ravdess,neutral,normal,ravdess_01,male,3.3366666666666664,48000,1.312,train
data/raw/ravdess/Actor_01/03-01-01-01-02-01-01.wav,ravdess,neutral,normal,ravdess_01,male,3.2699166666666666,48000,1.28,test
data/raw/ravdess/Actor_01/03-01-01-01-02-02-01.wav,ravdess,neutral,normal,ravdess_01,male,3.1698333333333335,48000,1.28,train
data/raw/ravdess/Actor_01/03-01-02-01-01-01-01.wav,ravdess,calm,normal,ravdess_01,male,3.536854166666666,48000,1.568,val
data/raw/ravdess/Actor_01/03-01-02-01-01-02-01.wav,ravdess,calm,normal,ravdess_01,male,3.603583333333334,48000,1.696,train
data/raw/ravdess/Actor_01/03-01-02-01-02-01-01.wav,ravdess,calm,normal,ravdess_01,male,3.5035,48000,1.632,train
data/raw/ravdess/Actor_01/03-01-02-01-02-02-01.wav,ravdess,calm,normal,ravdess_01,male,3.4701458333333335,48000,1.568,train
data/raw/ravdess/Actor_01/03-01-02-02-01-01-01.wav,ravdess,calm,strong,ravdess_01,male,3.703708333333333,48000,1.824,test
data/raw/ravdess/Actor_01/03-01-02-02-01-02-01.wav,ravdess,calm,strong,ravdess_01,male,4.004,48000,2.08,train
data/raw/ravdess/Actor_01/03-01-02-02-02-01-01.wav,ravdess,calm,strong,ravdess_01,male,4.204208333333334,48000,2.336,val
data/raw/ravdess/Actor_01/03-01-02-02-02-02-01.wav,ravdess,calm,strong,ravdess_01,male,4.004,48000,1.984,train
data/raw/ravdess/Actor_01/03-01-03-01-01-01-01.wav,ravdess,happy,normal,ravdess_01,male,3.4701458333333335,48000,1.504,val
data/raw/ravdess/Actor_01/03-01-03-01-01-02-01.wav,ravdess,happy,normal,ravdess_01,male,3.470125,48000,1.728,test
data/raw/ravdess/Actor_01/03-01-03-01-02-01-01.wav,ravdess,happy,normal,ravdess_01,male,3.536854166666666,48000,1.504,val
data/raw/ravdess/Actor_01/03-01-03-01-02-02-01.wav,ravdess,happy,normal,ravdess_01,male,3.703708333333333,48000,1.76,train
data/raw/ravdess/Actor_01/03-01-03-02-01-01-01.wav,ravdess,happy,strong,ravdess_01,male,3.670333333333333,48000,1.6,train
data/raw/ravdess/Actor_01/03-01-03-02-01-02-01.wav,ravdess,happy,strong,ravdess_01,male,3.6369583333333337,48000,1.568,train
data/raw/ravdess/Actor_01/03-01-03-02-02-01-01.wav,ravdess,happy,strong,ravdess_01,male,3.93725,48000,1.952,train
data/raw/ravdess/Actor_01/03-01-03-02-02-02-01.wav,ravdess,happy,strong,ravdess_01,male,3.9372708333333337,48000,1.984,test
data/raw/ravdess/Actor_01/03-01-04-01-01-01-01.wav,ravdess,sad,normal,ravdess_01,male,3.8371666666666666,48000,1.824,test
data/raw/ravdess/Actor_01/03-01-04-01-01-02-01.wav,ravdess,sad,normal,ravdess_01,male,3.5702291666666666,48000,1.6,train
data/raw/ravdess/Actor_01/03-01-04-01-02-01-01.wav,ravdess,sad,normal,ravdess_01,male,3.5035,48000,1.472,train
data/raw/ravdess/Actor_01/03-01-04-01-02-02-01.wav,ravdess,sad,normal,ravdess_01,male,3.370041666666667,48000,1.44,train
data/raw/ravdess/Actor_01/03-01-04-02-01-01-01.wav,ravdess,sad,strong,ravdess_01,male,3.8037916666666662,48000,1.824,train
data/raw/ravdess/Actor_01/03-01-04-02-01-02-01.wav,ravdess,sad,strong,ravdess_01,male,3.703708333333333,48000,1.6,train
data/raw/ravdess/Actor_01/03-01-04-02-02-01-01.wav,ravdess,sad,strong,ravdess_01,male,3.7370833333333335,48000,1.728,train
data/raw/ravdess/Actor_01/03-01-04-02-02-02-01.wav,ravdess,sad,strong,ravdess_01,male,3.7370625,48000,1.76,test
data/raw/ravdess/Actor_01/03-01-05-01-01-01-01.wav,ravdess,angry,normal,ravdess_01,male,3.8705416666666665,48000,1.856,train
data/raw/ravdess/Actor_01/03-01-05-01-01-02-01.wav,ravdess,angry,normal,ravdess_01,male,3.9372708333333337,48000,2.016,test
data/raw/ravdess/Actor_01/03-01-05-01-02-01-01.wav,ravdess,angry,normal,ravdess_01,male,3.5035,48000,1.536,train
data/raw/ravdess/Actor_01/03-01-05-01-02-02-01.wav,ravdess,angry,normal,ravdess_01,male,3.7370625,48000,1.76,train
data/raw/ravdess/Actor_01/03-01-05-02-01-01-01.wav,ravdess,angry,strong,ravdess_01,male,4.104104166666667,48000,2.048,test
data/raw/ravdess/Actor_01/03-01-05-02-01-02-01.wav,ravdess,angry,strong,ravdess_01,male,4.371041666666667,48000,2.304,train
data/raw/ravdess/Actor_01/03-01-05-02-02-01-01.wav,ravdess,angry,strong,ravdess_01,male,4.137458333333333,48000,2.048,train
data/raw/ravdess/Actor_01/03-01-05-02-02-02-01.wav,ravdess,angry,strong,ravdess_01,male,4.437770833333333,48000,2.368,train
data/raw/ravdess/Actor_01/03-01-06-01-01-01-01.wav,ravdess,fearful,normal,ravdess_01,male,3.670333333333333,48000,1.632,train
data/raw/ravdess/Actor_01/03-01-06-01-01-02-01.wav,ravdess,fearful,normal,ravdess_01,male,3.636979166666667,48000,1.696,train
data/raw/ravdess/Actor_01/03-01-06-01-02-01-01.wav,ravdess,fearful,normal,ravdess_01,male,3.4367708333333336,48000,1.504,test
data/raw/ravdess/Actor_01/03-01-06-01-02-02-01.wav,ravdess,fearful,normal,ravdess_01,male,3.7036875,48000,1.76,train
data/raw/ravdess/Actor_01/03-01-06-02-01-01-01.wav,ravdess,fearful,strong,ravdess_01,male,5.005,48000,2.816,test
data/raw/ravdess/Actor_01/03-01-06-02-01-02-01.wav,ravdess,fearful,strong,ravdess_01,male,4.2375625,48000,2.112,train
data/raw/ravdess/Actor_01/03-01-06-02-02-01-01.wav,ravdess,fearful,strong,ravdess_01,male,3.970625,48000,1.824,train
data/raw/ravdess/Actor_01/03-01-06-02-02-02-01.wav,ravdess,fearful,strong,ravdess_01,male,3.9039166666666665,48000,1.792,train
data/raw/ravdess/Actor_01/03-01-07-01-01-01-01.wav,ravdess,disgust,normal,ravdess_01,male,3.8705208333333334,48000,1.92,train
data/raw/ravdess/Actor_01/03-01-07-01-01-02-01.wav,ravdess,disgust,normal,ravdess_01,male,3.903895833333334,48000,1.888,train
data/raw/ravdess/Actor_01/03-01-07-01-02-01-01.wav,ravdess,disgust,normal,ravdess_01,male,3.903895833333334,48000,1.984,val
data/raw/ravdess/Actor_01/03-01-07-01-02-02-01.wav,ravdess,disgust,normal,ravdess_01,male,3.8371666666666666,48000,1.888,test
data/raw/ravdess/Actor_01/03-01-07-02-01-01-01.wav,ravdess,disgust,strong,ravdess_01,male,4.304291666666667,48000,2.24,test
data/raw/ravdess/Actor_01/03-01-07-02-01-02-01.wav,ravdess,disgust,strong,ravdess_01,male,4.104104166666667,48000,1.984,val
data/raw/ravdess/Actor_01/03-01-07-02-02-01-01.wav,ravdess,disgust,strong,ravdess_01,male,4.037375,48000,2.368,test
data/raw/ravdess/Actor_01/03-01-07-02-02-02-01.wav,ravdess,disgust,strong,ravdess_01,male,4.371020833333334,48000,2.336,test
data/raw/ravdess/Actor_01/03-01-08-01-01-01-01.wav,ravdess,surprised,normal,ravdess_01,male,3.403395833333333,48000,1.408,train
data/raw/ravdess/Actor_01/03-01-08-01-01-02-01.wav,ravdess,surprised,normal,ravdess_01,male,3.2699166666666666,48000,1.28,train
data/raw/ravdess/Actor_01/03-01-08-01-02-01-01.wav,ravdess,surprised,normal,ravdess_01,male,3.536875,48000,1.568,test
data/raw/ravdess/Actor_01/03-01-08-01-02-02-01.wav,ravdess,surprised,normal,ravdess_01,male,3.2699166666666666,48000,1.376,test
data/raw/ravdess/Actor_01/03-01-08-02-01-01-01.wav,ravdess,surprised,strong,ravdess_01,male,3.43675,48000,1.408,train
data/raw/ravdess/Actor_01/03-01-08-02-01-02-01.wav,ravdess,surprised,strong,ravdess_01,male,3.5702291666666666,48000,1.568,train
data/raw/ravdess/Actor_01/03-01-08-02-02-01-01.wav,ravdess,surprised,strong,ravdess_01,male,3.5035,48000,1.568,val
data/raw/ravdess/Actor_01/03-01-08-02-02-02-01.wav,ravdess,surprised,strong,ravdess_01,male,3.2699375,48000,1.312,train
data/raw/ravdess/Actor_02/03-01-01-01-01-01-02.wav,ravdess,neutral,normal,ravdess_02,female,3.6369583333333337,48000,1.664,train
data/raw/ravdess/Actor_02/03-01-01-01-01-02-02.wav,ravdess,neutral,normal,ravdess_02,female,3.6036041666666665,48000,1.664,train
data/raw/ravdess/Actor_02/03-01-01-01-02-01-02.wav,ravdess,neutral,normal,ravdess_02,female,3.7704166666666663,48000,1.728,train
data/raw/ravdess/Actor_02/03-01-01-01-02-02-02.wav,ravdess,neutral,normal,ravdess_02,female,3.603583333333334,48000,1.6,train
data/raw/ravdess/Actor_02/03-01-02-01-01-01-02.wav,ravdess,calm,normal,ravdess_02,female,3.8371666666666666,48000,1.856,val
data/raw/ravdess/Actor_02/03-01-02-01-01-02-02.wav,ravdess,calm,normal,ravdess_02,female,4.004,48000,2.016,train
data/raw/ravdess/Actor_02/03-01-02-01-02-01-02.wav,ravdess,calm,normal,ravdess_02,female,3.8371666666666666,48000,1.888,train
data/raw/ravdess/Actor_02/03-01-02-01-02-02-02.wav,ravdess,calm,normal,ravdess_02,female,3.970625,48000,2.016,train
data/raw/ravdess/Actor_02/03-01-02-02-01-01-02.wav,ravdess,calm,strong,ravdess_02,female,4.137479166666667,48000,2.112,train
data/raw/ravdess/Actor_02/03-01-02-02-01-02-02.wav,ravdess,calm,strong,ravdess_02,female,4.037375,48000,2.048,train
data/raw/ravdess/Actor_02/03-01-02-02-02-01-02.wav,ravdess,calm,strong,ravdess_02,female,4.104104166666667,48000,2.112,train
data/raw/ravdess/Actor_02/03-01-02-02-02-02-02.wav,ravdess,calm,strong,ravdess_02,female,4.104104166666667,48000,2.176,train
data/raw/ravdess/Actor_02/03-01-03-01-01-01-02.wav,ravdess,happy,normal,ravdess_02,female,3.6036041666666665,48000,1.6,train
data/raw/ravdess/Actor_02/03-01-03-01-01-02-02.wav,ravdess,happy,normal,ravdess_02,female,3.7036875,48000,1.664,train
data/raw/ravdess/Actor_02/03-01-03-01-02-01-02.wav,ravdess,happy,normal,ravdess_02,female,3.7704375,48000,1.792,train
data/raw/ravdess/Actor_02/03-01-03-01-02-02-02.wav,ravdess,happy,normal,ravdess_02,female,3.7370833333333335,48000,1.76,val
data/raw/ravdess/Actor_02/03-01-03-02-01-01-02.wav,ravdess,happy,strong,ravdess_02,female,3.703708333333333,48000,1.6,train
data/raw/ravdess/Actor_02/03-01-03-02-01-02-02.wav,ravdess,happy,strong,ravdess_02,female,3.670333333333333,48000,1.6,train
data/raw/ravdess/Actor_02/03-01-03-02-02-01-02.wav,ravdess,happy,strong,ravdess_02,female,3.703708333333333,48000,1.696,train
data/raw/ravdess/Actor_02/03-01-03-02-02-02-02.wav,ravdess,happy,strong,ravdess_02,female,3.8705208333333334,48000,1.856,train
data/raw/ravdess/Actor_02/03-01-04-01-01-01-02.wav,ravdess,sad,normal,ravdess_02,female,3.8371666666666666,48000,1.856,train
data/raw/ravdess/Actor_02/03-01-04-01-01-02-02.wav,ravdess,sad,normal,ravdess_02,female,3.7704375,48000,1.792,train
data/raw/ravdess/Actor_02/03-01-04-01-02-01-02.wav,ravdess,sad,normal,ravdess_02,female,3.7370625,48000,1.76,train
data/raw/ravdess/Actor_02/03-01-04-01-02-02-02.wav,ravdess,sad,normal,ravdess_02,female,3.7704375,48000,1.792,train
data/raw/ravdess/Actor_02/03-01-04-02-01-01-02.wav,ravdess,sad,strong,ravdess_02,female,3.7370833333333335,48000,1.6,train
data/raw/ravdess/Actor_02/03-01-04-02-01-02-02.wav,ravdess,sad,strong,ravdess_02,female,3.7704166666666663,48000,1.856,train
data/raw/ravdess/Actor_02/03-01-04-02-02-01-02.wav,ravdess,sad,strong,ravdess_02,female,3.7036875,48000,1.728,val
data/raw/ravdess/Actor_02/03-01-04-02-02-02-02.wav,ravdess,sad,strong,ravdess_02,female,3.670333333333333,48000,1.696,val
data/raw/ravdess/Actor_02/03-01-05-01-01-01-02.wav,ravdess,angry,normal,ravdess_02,female,3.670333333333333,48000,1.696,train
data/raw/ravdess/Actor_02/03-01-05-01-01-02-02.wav,ravdess,angry,normal,ravdess_02,female,3.670333333333333,48000,1.888,train
data/raw/ravdess/Actor_02/03-01-05-01-02-01-02.wav,ravdess,angry,normal,ravdess_02,female,3.7704166666666663,48000,1.76,train
data/raw/ravdess/Actor_02/03-01-05-01-02-02-02.wav,ravdess,angry,normal,ravdess_02,female,3.8037916666666662,48000,1.728,train
data/raw/ravdess/Actor_02/03-01-05-02-01-01-02.wav,ravdess,angry,strong,ravdess_02,female,3.9039166666666665,48000,1.856,test
data/raw/ravdess/Actor_02/03-01-05-02-01-02-02.wav,ravdess,angry,strong,ravdess_02,female,4.004,48000,1.952,test
data/raw/ravdess/Actor_02/03-01-05-02-02-01-02.wav,ravdess,angry,strong,ravdess_02,female,4.004,48000,1.92,test
data/raw/ravdess/Actor_02/03-01-05-02-02-02-02.wav,ravdess,angry,strong,ravdess_02,female,4.004,48000,1.984,train
data/raw/ravdess/Actor_02/03-01-06-01-01-01-02.wav,ravdess,fearful,normal,ravdess_02,female,3.636979166666667,48000,1.664,test
data/raw/ravdess/Actor_02/03-01-06-01-01-02-02.wav,ravdess,fearful,normal,ravdess_02,female,3.7370625,48000,1.728,train
data/raw/ravdess/Actor_02/03-01-06-01-02-01-02.wav,ravdess,fearful,normal,ravdess_02,female,3.670333333333333,48000,1.696,val
data/raw/ravdess/Actor_02/03-01-06-01-02-02-02.wav,ravdess,fearful,normal,ravdess_02,female,3.7370625,48000,1.76,test
data/raw/ravdess/Actor_02/03-01-06-02-01-01-02.wav,ravdess,fearful,strong,ravdess_02,female,3.8037916666666662,48000,1.6,train
data/raw/ravdess/Actor_02/03-01-06-02-01-02-02.wav,ravdess,fearful,strong,ravdess_02,female,3.636979166666667,48000,1.504,train
data/raw/ravdess/Actor_02/03-01-06-02-02-01-02.wav,ravdess,fearful,strong,ravdess_02,female,3.6036041666666665,48000,1.568,train
data/raw/ravdess/Actor_02/03-01-06-02-02-02-02.wav,ravdess,fearful,strong,ravdess_02,female,3.6036041666666665,48000,1.536,val
data/raw/ravdess/Actor_02/03-01-07-01-01-01-02.wav,ravdess,disgust,normal,ravdess_02,female,3.670333333333333,48000,1.728,train
data/raw/ravdess/Actor_02/03-01-07-01-01-02-02.wav,ravdess,disgust,normal,ravdess_02,female,3.636979166666667,48000,1.696,train
data/raw/ravdess/Actor_02/03-01-07-01-02-01-02.wav,ravdess,disgust,normal,ravdess_02,female,3.8705416666666665,48000,1.92,train
data/raw/ravdess/Actor_02/03-01-07-01-02-02-02.wav,ravdess,disgust,normal,ravdess_02,female,3.8371666666666666,48000,1.856,train
data/raw/ravdess/Actor_02/03-01-07-02-01-01-02.wav,ravdess,disgust,strong,ravdess_02,female,4.137458333333333,48000,2.08,test
data/raw/ravdess/Actor_02/03-01-07-02-01-02-02.wav,ravdess,disgust,strong,ravdess_02,female,4.137458333333333,48000,2.048,train
data/raw/ravdess/Actor_02/03-01-07-02-02-01-02.wav,ravdess,disgust,strong,ravdess_02,female,4.004,48000,2.048,val
data/raw/ravdess/Actor_02/03-01-07-02-02-02-02.wav,ravdess,disgust,strong,ravdess_02,female,4.037375,48000,2.048,train
data/raw/ravdess/Actor_02/03-01-08-01-01-01-02.wav,ravdess,surprised,normal,ravdess_02,female,3.536854166666666,48000,1.536,train
data/raw/ravdess/Actor_02/03-01-08-01-01-02-02.wav,ravdess,surprised,normal,ravdess_02,female,3.536854166666666,48000,1.6,train
data/raw/ravdess/Actor_02/03-01-08-01-02-01-02.wav,ravdess,surprised,normal,ravdess_02,female,3.6036041666666665,48000,1.6,train
data/raw/ravdess/Actor_02/03-01-08-01-02-02-02.wav,ravdess,surprised,normal,ravdess_02,female,3.536875,48000,1.6,test
data/raw/ravdess/Actor_02/03-01-08-02-01-01-02.wav,ravdess,surprised,strong,ravdess_02,female,3.7370625,48000,1.76,val
data/raw/ravdess/Actor_02/03-01-08-02-01-02-02.wav,ravdess,surprised,strong,ravdess_02,female,3.7704375,48000,1.792,train
data/raw/ravdess/Actor_02/03-01-08-02-02-01-02.wav,ravdess,surprised,strong,ravdess_02,female,3.7370833333333335,48000,1.792,train
data/raw/ravdess/Actor_02/03-01-08-02-02-02-02.wav,ravdess,surprised,strong,ravdess_02,female,3.8038125,48000,1.824,val
data/raw/ravdess/Actor_03/03-01-01-01-01-01-03.wav,ravdess,neutral,normal,ravdess_03,male,3.4367708333333336,48000,1.504,train
data/raw/ravdess/Actor_03/03-01-01-01-01-02-03.wav,ravdess,neutral,normal,ravdess_03,male,3.5035,48000,1.6,val
data/raw/ravdess/Actor_03/03-01-01-01-02-01-03.wav,ravdess,neutral,normal,ravdess_03,male,3.5035,48000,1.632,test
data/raw/ravdess/Actor_03/03-01-01-01-02-02-03.wav,ravdess,neutral,normal,ravdess_03,male,3.4701458333333335,48000,1.536,test
data/raw/ravdess/Actor_03/03-01-02-01-01-01-03.wav,ravdess,calm,normal,ravdess_03,male,3.8371666666666666,48000,2.016,train
data/raw/ravdess/Actor_03/03-01-02-01-01-02-03.wav,ravdess,calm,normal,ravdess_03,male,3.7370625,48000,1.984,train
data/raw/ravdess/Actor_03/03-01-02-01-02-01-03.wav,ravdess,calm,normal,ravdess_03,male,3.8371666666666666,48000,2.112,val
data/raw/ravdess/Actor_03/03-01-02-01-02-02-03.wav,ravdess,calm,normal,ravdess_03,male,3.970625,48000,2.496,val
data/raw/ravdess/Actor_03/03-01-02-02-01-01-03.wav,ravdess,calm,strong,ravdess_03,male,4.037375,48000,2.848,train
data/raw/ravdess/Actor_03/03-01-02-02-01-02-03.wav,ravdess,calm,strong,ravdess_03,male,3.970645833333333,48000,2.176,train
data/raw/ravdess/Actor_03/03-01-02-02-02-01-03.wav,ravdess,calm,strong,ravdess_03,male,4.137458333333333,48000,2.688,train
data/raw/ravdess/Actor_03/03-01-02-02-02-02-03.wav,ravdess,calm,strong,ravdess_03,male,4.004,48000,2.624,train
data/raw/ravdess/Actor_03/03-01-03-01-01-01-03.wav,ravdess,happy,normal,ravdess_03,male,3.7704166666666663,48000,1.856,train
data/raw/ravdess/Actor_03/03-01-03-01-01-02-03.wav,ravdess,happy,normal,ravdess_03,male,3.603583333333334,48000,1.76,train
data/raw/ravdess/Actor_03/03-01-03-01-02-01-03.wav,ravdess,happy,normal,ravdess_03,male,3.5035,48000,1.664,test
data/raw/ravdess/Actor_03/03-01-03-01-02-02-03.wav,ravdess,happy,normal,ravdess_03,male,3.5035,48000,1.632,test
data/raw/ravdess/Actor_03/03-01-03-02-01-01-03.wav,ravdess,happy,strong,ravdess_03,male,4.3043125,48000,2.272,val
data/raw/ravdess/Actor_03/03-01-03-02-01-02-03.wav,ravdess,happy,strong,ravdess_03,male,4.404395833333333,48000,2.464,train
data/raw/ravdess/Actor_03/03-01-03-02-02-01-03.wav,ravdess,happy,strong,ravdess_03,male,4.137458333333333,48000,2.656,train
data/raw/ravdess/Actor_03/03-01-03-02-02-02-03.wav,ravdess,happy,strong,ravdess_03,male,3.8371666666666666,48000,2.112,train
data/raw/ravdess/Actor_03/03-01-04-01-01-01-03.wav,ravdess,sad,normal,ravdess_03,male,3.6036041666666665,48000,1.792,train
data/raw/ravdess/Actor_03/03-01-04-01-01-02-03.wav,ravdess,sad,normal,ravdess_03,male,3.5702291666666666,48000,2.208,train
data/raw/ravdess/Actor_03/03-01-04-01-02-01-03.wav,ravdess,sad,normal,ravdess_03,male,3.5702291666666666,48000,2.272,train
data/raw/ravdess/Actor_03/03-01-04-01-02-02-03.wav,ravdess,sad,normal,ravdess_03,male,3.536875,48000,2.208,train
data/raw/ravdess/Actor_03/03-01-04-02-01-01-03.wav,ravdess,sad,strong,ravdess_03,male,3.7704375,48000,2.56,test
data/raw/ravdess/Actor_03/03-01-04-02-01-02-03.wav,ravdess,sad,strong,ravdess_03,male,3.8371666666666666,48000,2.848,train
data/raw/ravdess/Actor_03/03-01-04-02-02-01-03.wav,ravdess,sad,strong,ravdess_03,male,3.470125,48000,3.086125,train
data/raw/ravdess/Actor_03/03-01-04-02-02-02-03.wav,ravdess,sad,strong,ravdess_03,male,3.7036875,48000,2.048,train
data/raw/ravdess/Actor_03/03-01-05-01-01-01-03.wav,ravdess,angry,normal,ravdess_03,male,4.004,48000,2.08,train
data/raw/ravdess/Actor_03/03-01-05-01-01-02-03.wav,ravdess,angry,normal,ravdess_03,male,4.070729166666666,48000,2.048,train
data/raw/ravdess/Actor_03/03-01-05-01-02-01-03.wav,ravdess,angry,normal,ravdess_03,male,3.8038125,48000,1.92,train
data/raw/ravdess/Actor_03/03-01-05-01-02-02-03.wav,ravdess,angry,normal,ravdess_03,male,3.8371666666666666,48000,1.984,train
data/raw/ravdess/Actor_03/03-01-05-02-01-01-03.wav,ravdess,angry,strong,ravdess_03,male,4.404395833333333,48000,2.464,test
data/raw/ravdess/Actor_03/03-01-05-02-01-02-03.wav,ravdess,angry,strong,ravdess_03,male,4.404416666666667,48000,2.432,val
data/raw/ravdess/Actor_03/03-01-05-02-02-01-03.wav,ravdess,angry,strong,ravdess_03,male,4.2375625,48000,2.336,train
data/raw/ravdess/Actor_03/03-01-05-02-02-02-03.wav,ravdess,angry,strong,ravdess_03,male,4.5045,48000,2.656,train
data/raw/ravdess/Actor_03/03-01-06-01-01-01-03.wav,ravdess,fearful,normal,ravdess_03,male,3.7370833333333335,48000,1.92,val
data/raw/ravdess/Actor_03/03-01-06-01-01-02-03.wav,ravdess,fearful,normal,ravdess_03,male,3.8371666666666666,48000,1.952,train
data/raw/ravdess/Actor_03/03-01-06-01-02-01-03.wav,ravdess,fearful,normal,ravdess_03,male,3.5035,48000,1.632,train
data/raw/ravdess/Actor_03/03-01-06-01-02-02-03.wav,ravdess,fearful,normal,ravdess_03,male,3.2032083333333334,48000,2.016,test
data/raw/ravdess/Actor_03/03-01-06-02-01-01-03.wav,ravdess,fearful,strong,ravdess_03,male,3.3033125,48000,2.624,train
data/raw/ravdess/Actor_03/03-01-06-02-01-02-03.wav,ravdess,fearful,strong,ravdess_03,male,3.903895833333334,48000,2.144,train
data/raw/ravdess/Actor_03/03-01-06-02-02-01-03.wav,ravdess,fearful,strong,ravdess_03,male,3.3033125,48000,1.888,train
data/raw/ravdess/Actor_03/03-01-06-02-02-02-03.wav,ravdess,fearful,strong,ravdess_03,male,3.4367708333333336,48000,1.536,train
data/raw/ravdess/Actor_03/03-01-07-01-01-01-03.wav,ravdess,disgust,normal,ravdess_03,male,4.037375,48000,2.144,train
data/raw/ravdess/Actor_03/03-01-07-01-01-02-03.wav,ravdess,disgust,normal,ravdess_03,male,3.970645833333333,48000,2.016,train
data/raw/ravdess/Actor_03/03-01-07-01-02-01-03.wav,ravdess,disgust,normal,ravdess_03,male,3.6036041666666665,48000,1.92,train
data/raw/ravdess/Actor_03/03-01-07-01-02-02-03.wav,ravdess,disgust,normal,ravdess_03,male,3.7704375,48000,2.08,train
data/raw/ravdess/Actor_03/03-01-07-02-01-01-03.wav,ravdess,disgust,strong,ravdess_03,male,4.104104166666667,48000,2.304,train
data/raw/ravdess/Actor_03/03-01-07-02-01-02-03.wav,ravdess,disgust,strong,ravdess_03,male,4.104104166666667,48000,2.624,train
data/raw/ravdess/Actor_03/03-01-07-02-02-01-03.wav,ravdess,disgust,strong,ravdess_03,male,3.8371666666666666,48000,2.976,train
data/raw/ravdess/Actor_03/03-01-07-02-02-02-03.wav,ravdess,disgust,strong,ravdess_03,male,3.9372708333333337,48000,2.56,train
data/raw/ravdess/Actor_03/03-01-08-01-01-01-03.wav,ravdess,surprised,normal,ravdess_03,male,3.2365625,48000,1.44,test
data/raw/ravdess/Actor_03/03-01-08-01-01-02-03.wav,ravdess,surprised,normal,ravdess_03,male,3.370041666666667,48000,1.536,train
data/raw/ravdess/Actor_03/03-01-08-01-02-01-03.wav,ravdess,surprised,normal,ravdess_03,male,3.2032083333333334,48000,1.344,train
data/raw/ravdess/Actor_03/03-01-08-01-02-02-03.wav,ravdess,surprised,normal,ravdess_03,male,3.5702291666666666,48000,1.728,train
data/raw/ravdess/Actor_03/03-01-08-02-01-01-03.wav,ravdess,surprised,strong,ravdess_03,male,3.2699375,48000,1.376,train
data/raw/ravdess/Actor_03/03-01-08-02-01-02-03.wav,ravdess,surprised,strong,ravdess_03,male,3.6036041666666665,48000,1.632,train
data/raw/ravdess/Actor_03/03-01-08-02-02-01-03.wav,ravdess,surprised,strong,ravdess_03,male,3.5035,48000,1.6,val
data/raw/ravdess/Actor_03/03-01-08-02-02-02-03.wav,ravdess,surprised,strong,ravdess_03,male,3.2365625,48000,1.344,test
data/raw/ravdess/Actor_04/03-01-01-01-01-01-04.wav,ravdess,neutral,normal,ravdess_04,female,3.3032916666666665,48000,1.408,test
data/raw/ravdess/Actor_04/03-01-01-01-01-02-04.wav,ravdess,neutral,normal,ravdess_04,female,3.370041666666667,48000,1.44,val
data/raw/ravdess/Actor_04/03-01-01-01-02-01-04.wav,ravdess,neutral,normal,ravdess_04,female,3.2699375,48000,1.28,train
data/raw/ravdess/Actor_04/03-01-01-01-02-02-04.wav,ravdess,neutral,normal,ravdess_04,female,3.2365625,48000,1.28,train
data/raw/ravdess/Actor_04/03-01-02-01-01-01-04.wav,ravdess,calm,normal,ravdess_04,female,3.8037916666666662,48000,1.856,train
data/raw/ravdess/Actor_04/03-01-02-01-01-02-04.wav,ravdess,calm,normal,ravdess_04,female,3.7370625,48000,1.824,train
data/raw/ravdess/Actor_04/03-01-02-01-02-01-04.wav,ravdess,calm,normal,ravdess_04,female,3.636979166666667,48000,1.728,val
data/raw/ravdess/Actor_04/03-01-02-01-02-02-04.wav,ravdess,calm,normal,ravdess_04,female,3.57025,48000,1.696,train
data/raw/ravdess/Actor_04/03-01-02-02-01-01-04.wav,ravdess,calm,strong,ravdess_04,female,3.970625,48000,2.08,test
data/raw/ravdess/Actor_04/03-01-02-02-01-02-04.wav,ravdess,calm,strong,ravdess_04,female,3.8038125,48000,1.856,train
data/raw/ravdess/Actor_04/03-01-02-02-02-01-04.wav,ravdess,calm,strong,ravdess_04,female,3.8037916666666662,48000,2.016,train
data/raw/ravdess/Actor_04/03-01-02-02-02-02-04.wav,ravdess,calm,strong,ravdess_04,female,4.037375,48000,2.112,train
data/raw/ravdess/Actor_04/03-01-03-01-01-01-04.wav,ravdess,happy,normal,ravdess_04,female,3.5035,48000,1.568,train
data/raw/ravdess/Actor_04/03-01-03-01-01-02-04.wav,ravdess,happy,normal,ravdess_04,female,3.536854166666666,48000,1.536,train
data/raw/ravdess/Actor_04/03-01-03-01-02-01-04.wav,ravdess,happy,normal,ravdess_04,female,3.5035,48000,1.6,val
data/raw/ravdess/Actor_04/03-01-03-01-02-02-04.wav,ravdess,happy,normal,ravdess_04,female,3.4367708333333336,48000,1.504,train
data/raw/ravdess/Actor_04/03-01-03-02-01-01-04.wav,ravdess,happy,strong,ravdess_04,female,3.8705416666666665,48000,1.824,train
data/raw/ravdess/Actor_04/03-01-03-02-01-02-04.wav,ravdess,happy,strong,ravdess_04,female,3.5702291666666666,48000,1.568,train
data/raw/ravdess/Actor_04/03-01-03-02-02-01-04.wav,ravdess,happy,strong,ravdess_04,female,3.6036041666666665,48000,1.632,train
data/raw/ravdess/Actor_04/03-01-03-02-02-02-04.wav,ravdess,happy,strong,ravdess_04,female,3.7704166666666663,48000,1.76,train
data/raw/ravdess/Actor_04/03-01-04-01-01-01-04.wav,ravdess,sad,normal,ravdess_04,female,3.370041666666667,48000,1.472,train
data/raw/ravdess/Actor_04/03-01-04-01-01-02-04.wav,ravdess,sad,normal,ravdess_04,female,3.403395833333333,48000,1.44,val
data/raw/ravdess/Actor_04/03-01-04-01-02-01-04.wav,ravdess,sad,normal,ravdess_04,female,3.4367708333333336,48000,1.504,train
data/raw/ravdess/Actor_04/03-01-04-01-02-02-04.wav,ravdess,sad,normal,ravdess_04,female,3.470125,48000,1.536,val
data/raw/ravdess/Actor_04/03-01-04-02-01-01-04.wav,ravdess,sad,strong,ravdess_04,female,3.670333333333333,48000,1.696,train
data/raw/ravdess/Actor_04/03-01-04-02-01-02-04.wav,ravdess,sad,strong,ravdess_04,female,3.7704375,48000,1.728,train
data/raw/ravdess/Actor_04/03-01-04-02-02-01-04.wav,ravdess,sad,strong,ravdess_04,female,3.7704375,48000,1.76,train
data/raw/ravdess/Actor_04/03-01-04-02-02-02-04.wav,ravdess,sad,strong,ravdess_04,female,3.7704375,48000,2.016,train
data/raw/ravdess/Actor_04/03-01-05-01-01-01-04.wav,ravdess,angry,normal,ravdess_04,female,3.703708333333333,48000,1.696,train
data/raw/ravdess/Actor_04/03-01-05-01-01-02-04.wav,ravdess,angry,normal,ravdess_04,female,3.6036041666666665,48000,1.632,train
data/raw/ravdess/Actor_04/03-01-05-01-02-01-04.wav,ravdess,angry,normal,ravdess_04,female,3.470125,48000,1.504,train
data/raw/ravdess/Actor_04/03-01-05-01-02-02-04.wav,ravdess,angry,normal,ravdess_04,female,3.7370625,48000,1.792,test
data/raw/ravdess/Actor_04/03-01-05-02-01-01-04.wav,ravdess,angry,strong,ravdess_04,female,3.7704375,48000,1.696,val
data/raw/ravdess/Actor_04/03-01-05-02-01-02-04.wav,ravdess,angry,strong,ravdess_04,female,3.8705208333333334,48000,1.856,train
data/raw/ravdess/Actor_04/03-01-05-02-02-01-04.wav,ravdess,angry,strong,ravdess_04,female,3.7036875,48000,1.696,train
data/raw/ravdess/Actor_04/03-01-05-02-02-02-04.wav,ravdess,angry,strong,ravdess_04,female,3.8371666666666666,48000,1.888,train
data/raw/ravdess/Actor_04/03-01-06-01-01-01-04.wav,ravdess,fearful,normal,ravdess_04,female,3.3032916666666665,48000,1.344,train
data/raw/ravdess/Actor_04/03-01-06-01-01-02-04.wav,ravdess,fearful,normal,ravdess_04,female,3.236583333333334,48000,1.312,train
data/raw/ravdess/Actor_04/03-01-06-01-02-01-04.wav,ravdess,fearful,normal,ravdess_04,female,3.470125,48000,1.44,train
data/raw/ravdess/Actor_04/03-01-06-01-02-02-04.wav,ravdess,fearful,normal,ravdess_04,female,3.470125,48000,1.44,train
data/raw/ravdess/Actor_04/03-01-06-02-01-01-04.wav,ravdess,fearful,strong,ravdess_04,female,3.9372708333333337,48000,2.08,test
data/raw/ravdess/Actor_04/03-01-06-02-01-02-04.wav,ravdess,fearful,strong,ravdess_04,female,3.403395833333333,48000,1.344,train
data/raw/ravdess/Actor_04/03-01-06-02-02-01-04.wav,ravdess,fearful,strong,ravdess_04,female,3.6036041666666665,48000,1.536,train
data/raw/ravdess/Actor_04/03-01-06-02-02-02-04.wav,ravdess,fearful,strong,ravdess_04,female,3.5702291666666666,48000,1.536,train
data/raw/ravdess/Actor_04/03-01-07-01-01-01-04.wav,ravdess,disgust,normal,ravdess_04,female,3.9039166666666665,48000,1.952,val
data/raw/ravdess/Actor_04/03-01-07-01-01-02-04.wav,ravdess,disgust,normal,ravdess_04,female,3.903895833333334,48000,1.92,val
data/raw/ravdess/Actor_04/03-01-07-01-02-01-04.wav,ravdess,disgust,normal,ravdess_04,female,3.7704375,48000,1.824,train
data/raw/ravdess/Actor_04/03-01-07-01-02-02-04.wav,ravdess,disgust,normal,ravdess_04,female,3.8038125,48000,1.792,val
data/raw/ravdess/Actor_04/03-01-07-02-01-01-04.wav,ravdess,disgust,strong,ravdess_04,female,4.004,48000,1.984,train
data/raw/ravdess/Actor_04/03-01-07-02-01-02-04.wav,ravdess,disgust,strong,ravdess_04,female,4.037375,48000,1.952,train
data/raw/ravdess/Actor_04/03-01-07-02-02-01-04.wav,ravdess,disgust,strong,ravdess_04,female,3.8705416666666665,48000,1.888,test
data/raw/ravdess/Actor_04/03-01-07-02-02-02-04.wav,ravdess,disgust,strong,ravdess_04,female,3.9372708333333337,48000,1.92,train
data/raw/ravdess/Actor_04/03-01-08-01-01-01-04.wav,ravdess,surprised,normal,ravdess_04,female,3.236583333333334,48000,1.28,val
data/raw/ravdess/Actor_04/03-01-08-01-01-02-04.wav,ravdess,surprised,normal,ravdess_04,female,3.3366666666666664,48000,1.408,val
data/raw/ravdess/Actor_04/03-01-08-01-02-01-04.wav,ravdess,surprised,normal,ravdess_04,female,3.6369583333333337,48000,1.664,train
data/raw/ravdess/Actor_04/03-01-08-01-02-02-04.wav,ravdess,surprised,normal,ravdess_04,female,3.43675,48000,1.44,val
data/raw/ravdess/Actor_04/03-01-08-02-01-01-04.wav,ravdess,surprised,strong,ravdess_04,female,3.670333333333333,48000,1.664,val
data/raw/ravdess/Actor_04/03-01-08-02-01-02-04.wav,ravdess,surprised,strong,ravdess_04,female,3.5702291666666666,48000,1.536,train
data/raw/ravdess/Actor_04/03-01-08-02-02-01-04.wav,ravdess,surprised,strong,ravdess_04,female,3.470125,48000,1.536,val
data/raw/ravdess/Actor_04/03-01-08-02-02-02-04.wav,ravdess,surprised,strong,ravdess_04,female,3.536854166666666,48000,1.6,train
data/raw/ravdess/Actor_05/03-01-01-01-01-01-05.wav,ravdess,neutral,normal,ravdess_05,male,3.6036041666666665,48000,1.632,train
data/raw/ravdess/Actor_05/03-01-01-01-01-02-05.wav,ravdess,neutral,normal,ravdess_05,male,3.636979166666667,48000,1.76,val
data/raw/ravdess/Actor_05/03-01-01-01-02-01-05.wav,ravdess,neutral,normal,ravdess_05,male,3.103083333333333,48000,1.344,val
data/raw/ravdess/Actor_05/03-01-01-01-02-02-05.wav,ravdess,neutral,normal,ravdess_05,male,3.6036041666666665,48000,1.632,test
data/raw/ravdess/Actor_05/03-01-02-01-01-01-05.wav,ravdess,calm,normal,ravdess_05,male,4.037354166666667,48000,2.048,train
data/raw/ravdess/Actor_05/03-01-02-01-01-02-05.wav,ravdess,calm,normal,ravdess_05,male,4.104104166666667,48000,2.048,train
data/raw/ravdess/Actor_05/03-01-02-01-02-01-05.wav,ravdess,calm,normal,ravdess_05,male,4.137479166666667,48000,2.144,train
data/raw/ravdess/Actor_05/03-01-02-01-02-02-05.wav,ravdess,calm,normal,ravdess_05,male,4.2375625,48000,2.144,test
data/raw/ravdess/Actor_05/03-01-02-02-01-01-05.wav,ravdess,calm,strong,ravdess_05,male,4.7380625,48000,2.752,train
data/raw/ravdess/Actor_05/03-01-02-02-01-02-05.wav,ravdess,calm,strong,ravdess_05,male,4.5045,48000,2.336,train
data/raw/ravdess/Actor_05/03-01-02-02-02-01-05.wav,ravdess,calm,strong,ravdess_05,male,4.7714375,48000,2.624,val
data/raw/ravdess/Actor_05/03-01-02-02-02-02-05.wav,ravdess,calm,strong,ravdess_05,male,4.304291666666667,48000,2.272,train
data/raw/ravdess/Actor_05/03-01-03-01-01-01-05.wav,ravdess,happy,normal,ravdess_05,male,4.004,48000,2.048,train
data/raw/ravdess/Actor_05/03-01-03-01-01-02-05.wav,ravdess,happy,normal,ravdess_05,male,3.2365625,48000,1.504,train
data/raw/ravdess/Actor_05/03-01-03-01-02-01-05.wav,ravdess,happy,normal,ravdess_05,male,3.3700208333333332,48000,1.44,val
data/raw/ravdess/Actor_05/03-01-03-01-02-02-05.wav,ravdess,happy,normal,ravdess_05,male,3.7704375,48000,1.888,train
data/raw/ravdess/Actor_05/03-01-03-02-01-01-05.wav,ravdess,happy,strong,ravdess_05,male,4.137479166666667,48000,2.272,train
data/raw/ravdess/Actor_05/03-01-03-02-01-02-05.wav,ravdess,happy,strong,ravdess_05,male,3.8705416666666665,48000,2.08,train
data/raw/ravdess/Actor_05/03-01-03-02-02-01-05.wav,ravdess,happy,strong,ravdess_05,male,3.603583333333334,48000,1.92,test
data/raw/ravdess/Actor_05/03-01-03-02-02-02-05.wav,ravdess,happy,strong,ravdess_05,male,3.403395833333333,48000,1.568,train
data/raw/ravdess/Actor_05/03-01-04-01-01-01-05.wav,ravdess,sad,normal,ravdess_05,male,3.2699375,48000,1.696,train
data/raw/ravdess/Actor_05/03-01-04-01-01-02-05.wav,ravdess,sad,normal,ravdess_05,male,3.6369583333333337,48000,1.792,train
data/raw/ravdess/Actor_05/03-01-04-01-02-01-05.wav,ravdess,sad,normal,ravdess_05,male,3.1031041666666668,48000,1.28,val
data/raw/ravdess/Actor_05/03-01-04-01-02-02-05.wav,ravdess,sad,normal,ravdess_05,male,3.7036875,48000,1.92,train
data/raw/ravdess/Actor_05/03-01-04-02-01-01-05.wav,ravdess,sad,strong,ravdess_05,male,3.536854166666666,48000,1.664,train
data/raw/ravdess/Actor_05/03-01-04-02-01-02-05.wav,ravdess,sad,strong,ravdess_05,male,3.2699375,48000,1.44,test
data/raw/ravdess/Actor_05/03-01-04-02-02-01-05.wav,ravdess,sad,strong,ravdess_05,male,3.2699166666666666,48000,1.28,train
data/raw/ravdess/Actor_05/03-01-04-02-02-02-05.wav,ravdess,sad,strong,ravdess_05,male,3.1364791666666667,48000,1.248,train
data/raw/ravdess/Actor_05/03-01-05-01-01-01-05.wav,ravdess,angry,normal,ravdess_05,male,3.8705416666666665,48000,1.952,val
data/raw/ravdess/Actor_05/03-01-05-01-01-02-05.wav,ravdess,angry,normal,ravdess_05,male,3.8037916666666662,48000,1.92,train
data/raw/ravdess/Actor_05/03-01-05-01-02-01-05.wav,ravdess,angry,normal,ravdess_05,male,4.070729166666666,48000,2.208,val
data/raw/ravdess/Actor_05/03-01-05-01-02-02-05.wav,ravdess,angry,normal,ravdess_05,male,4.404395833333333,48000,2.496,val
data/raw/ravdess/Actor_05/03-01-05-02-01-01-05.wav,ravdess,angry,strong,ravdess_05,male,3.403395833333333,48000,1.568,train
data/raw/ravdess/Actor_05/03-01-05-02-01-02-05.wav,ravdess,angry,strong,ravdess_05,male,3.5702291666666666,48000,1.632,train
data/raw/ravdess/Actor_05/03-01-05-02-02-01-05.wav,ravdess,angry,strong,ravdess_05,male,3.6369583333333337,48000,1.664,train
data/raw/ravdess/Actor_05/03-01-05-02-02-02-05.wav,ravdess,angry,strong,ravdess_05,male,3.636979166666667,48000,1.664,train
data/raw/ravdess/Actor_05/03-01-06-01-01-01-05.wav,ravdess,fearful,normal,ravdess_05,male,3.1364791666666667,48000,1.344,train
data/raw/ravdess/Actor_05/03-01-06-01-01-02-05.wav,ravdess,fearful,normal,ravdess_05,male,3.3700208333333332,48000,1.472,train
data/raw/ravdess/Actor_05/03-01-06-01-02-01-05.wav,ravdess,fearful,normal,ravdess_05,male,3.136458333333333,48000,1.28,train
data/raw/ravdess/Actor_05/03-01-06-01-02-02-05.wav,ravdess,fearful,normal,ravdess_05,male,3.069729166666667,48000,1.184,train
data/raw/ravdess/Actor_05/03-01-06-02-01-01-05.wav,ravdess,fearful,strong,ravdess_05,male,3.2365625,48000,1.408,train
data/raw/ravdess/Actor_05/03-01-06-02-01-02-05.wav,ravdess,fearful,strong,ravdess_05,male,3.5702291666666666,48000,1.76,train
data/raw/ravdess/Actor_05/03-01-06-02-02-01-05.wav,ravdess,fearful,strong,ravdess_05,male,3.2365625,48000,1.28,test
data/raw/ravdess/Actor_05/03-01-06-02-02-02-05.wav,ravdess,fearful,strong,ravdess_05,male,3.1031041666666668,48000,1.664,train
data/raw/ravdess/Actor_05/03-01-07-01-01-01-05.wav,ravdess,disgust,normal,ravdess_05,male,4.337666666666666,48000,2.208,train
data/raw/ravdess/Actor_05/03-01-07-01-01-02-05.wav,ravdess,disgust,normal,ravdess_05,male,4.104104166666667,48000,2.08,val
data/raw/ravdess/Actor_05/03-01-07-01-02-01-05.wav,ravdess,disgust,normal,ravdess_05,male,3.903895833333334,48000,2.016,train
data/raw/ravdess/Actor_05/03-01-07-01-02-02-05.wav,ravdess,disgust,normal,ravdess_05,male,3.7370625,48000,1.664,val
data/raw/ravdess/Actor_05/03-01-07-02-01-01-05.wav,ravdess,disgust,strong,ravdess_05,male,4.337666666666666,48000,2.4,train
data/raw/ravdess/Actor_05/03-01-07-02-01-02-05.wav,ravdess,disgust,strong,ravdess_05,male,3.903895833333334,48000,1.984,train
data/raw/ravdess/Actor_05/03-01-07-02-02-01-05.wav,ravdess,disgust,strong,ravdess_05,male,4.2709375,48000,2.4,val
data/raw/ravdess/Actor_05/03-01-07-02-02-02-05.wav,ravdess,disgust,strong,ravdess_05,male,4.537875,48000,3.232,test
data/raw/ravdess/Actor_05/03-01-08-01-01-01-05.wav,ravdess,surprised,normal,ravdess_05,male,3.7370625,48000,1.856,val
data/raw/ravdess/Actor_05/03-01-08-01-01-02-05.wav,ravdess,surprised,normal,ravdess_05,male,3.670333333333333,48000,1.824,train
data/raw/ravdess/Actor_05/03-01-08-01-02-01-05.wav,ravdess,surprised,normal,ravdess_05,male,3.069729166666667,48000,1.248,train
data/raw/ravdess/Actor_05/03-01-08-01-02-02-05.wav,ravdess,surprised,normal,ravdess_05,male,3.7036875,48000,1.856,train
data/raw/ravdess/Actor_05/03-01-08-02-01-01-05.wav,ravdess,surprised,strong,ravdess_05,male,4.137479166666667,48000,2.24,train
data/raw/ravdess/Actor_05/03-01-08-02-01-02-05.wav,ravdess,surprised,strong,ravdess_05,male,4.104104166666667,48000,2.272,train
data/raw/ravdess/Actor_05/03-01-08-02-02-01-05.wav,ravdess,surprised,strong,ravdess_05,male,3.670333333333333,48000,1.728,train
data/raw/ravdess/Actor_05/03-01-08-02-02-02-05.wav,ravdess,surprised,strong,ravdess_05,male,3.536875,48000,1.632,train
data/raw/ravdess/Actor_06/03-01-01-01-01-01-06.wav,ravdess,neutral,normal,ravdess_06,female,3.3366666666666664,48000,1.44,train
data/raw/ravdess/Actor_06/03-01-01-01-01-02-06.wav,ravdess,neutral,normal,ravdess_06,female,3.6036041666666665,48000,1.728,test
data/raw/ravdess/Actor_06/03-01-01-01-02-01-06.wav,ravdess,neutral,normal,ravdess_06,female,3.403395833333333,48000,1.536,val
data/raw/ravdess/Actor_06/03-01-01-01-02-02-06.wav,ravdess,neutral,normal,ravdess_06,female,3.4367708333333336,48000,1.568,test
data/raw/ravdess/Actor_06/03-01-02-01-01-01-06.wav,ravdess,calm,normal,ravdess_06,female,4.037354166666667,48000,2.528,train
data/raw/ravdess/Actor_06/03-01-02-01-01-02-06.wav,ravdess,calm,normal,ravdess_06,female,4.104104166666667,48000,2.912,train
data/raw/ravdess/Actor_06/03-01-02-01-02-01-06.wav,ravdess,calm,normal,ravdess_06,female,3.970625,48000,2.4,train
data/raw/ravdess/Actor_06/03-01-02-01-02-02-06.wav,ravdess,calm,normal,ravdess_06,female,4.2041875,48000,2.176,test
data/raw/ravdess/Actor_06/03-01-02-02-01-01-06.wav,ravdess,calm,strong,ravdess_06,female,4.5045,48000,3.392,test
data/raw/ravdess/Actor_06/03-01-02-02-01-02-06.wav,ravdess,calm,strong,ravdess_06,female,4.637979166666667,48000,2.656,train
data/raw/ravdess/Actor_06/03-01-02-02-02-01-06.wav,ravdess,calm,strong,ravdess_06,female,4.337666666666666,48000,2.432,test
data/raw/ravdess/Actor_06/03-01-02-02-02-02-06.wav,ravdess,calm,strong,ravdess_06,female,4.7714375,48000,2.912,train
data/raw/ravdess/Actor_06/03-01-03-01-01-01-06.wav,ravdess,happy,normal,ravdess_06,female,3.536854166666666,48000,1.728,train
data/raw/ravdess/Actor_06/03-01-03-01-01-02-06.wav,ravdess,happy,normal,ravdess_06,female,3.6036041666666665,48000,1.824,train
data/raw/ravdess/Actor_06/03-01-03-01-02-01-06.wav,ravdess,happy,normal,ravdess_06,female,3.470125,48000,1.6,test
data/raw/ravdess/Actor_06/03-01-03-01-02-02-06.wav,ravdess,happy,normal,ravdess_06,female,3.4367708333333336,48000,1.536,train
data/raw/ravdess/Actor_06/03-01-03-02-01-01-06.wav,ravdess,happy,strong,ravdess_06,female,3.5035,48000,1.696,train
data/raw/ravdess/Actor_06/03-01-03-02-01-02-06.wav,ravdess,happy,strong,ravdess_06,female,3.470125,48000,1.664,train
data/raw/ravdess/Actor_06/03-01-03-02-02-01-06.wav,ravdess,happy,strong,ravdess_06,female,3.5702291666666666,48000,1.792,train
data/raw/ravdess/Actor_06/03-01-03-02-02-02-06.wav,ravdess,happy,strong,ravdess_06,female,3.603583333333334,48000,1.76,train
data/raw/ravdess/Actor_06/03-01-04-01-01-01-06.wav,ravdess,sad,normal,ravdess_06,female,3.5702291666666666,48000,1.792,test
data/raw/ravdess/Actor_06/03-01-04-01-01-02-06.wav,ravdess,sad,normal,ravdess_06,female,3.6036041666666665,48000,1.888,train
data/raw/ravdess/Actor_06/03-01-04-01-02-01-06.wav,ravdess,sad,normal,ravdess_06,female,3.4701458333333335,48000,1.6,test
data/raw/ravdess/Actor_06/03-01-04-01-02-02-06.wav,ravdess,sad,normal,ravdess_06,female,3.4367708333333336,48000,1.664,train
data/raw/ravdess/Actor_06/03-01-04-02-01-01-06.wav,ravdess,sad,strong,ravdess_06,female,4.2041875,48000,2.688,train
data/raw/ravdess/Actor_06/03-01-04-02-01-02-06.wav,ravdess,sad,strong,ravdess_06,female,4.104104166666667,48000,2.496,train
data/raw/ravdess/Actor_06/03-01-04-02-02-01-06.wav,ravdess,sad,strong,ravdess_06,female,4.604583333333333,48000,2.88,test
data/raw/ravdess/Actor_06/03-01-04-02-02-02-06.wav,ravdess,sad,strong,ravdess_06,female,4.037354166666667,48000,2.816,train
data/raw/ravdess/Actor_06/03-01-05-01-01-01-06.wav,ravdess,angry,normal,ravdess_06,female,3.7704375,48000,1.856,val
data/raw/ravdess/Actor_06/03-01-05-01-01-02-06.wav,ravdess,angry,normal,ravdess_06,female,3.970625,48000,2.016,val
data/raw/ravdess/Actor_06/03-01-05-01-02-01-06.wav,ravdess,angry,normal,ravdess_06,female,4.2041875,48000,2.304,train
data/raw/ravdess/Actor_06/03-01-05-01-02-02-06.wav,ravdess,angry,normal,ravdess_06,female,3.903895833333334,48000,2.048,test
data/raw/ravdess/Actor_06/03-01-05-02-01-01-06.wav,ravdess,angry,strong,ravdess_06,female,4.104104166666667,48000,2.144,test
data/raw/ravdess/Actor_06/03-01-05-02-01-02-06.wav,ravdess,angry,strong,ravdess_06,female,4.2041875,48000,2.272,train
data/raw/ravdess/Actor_06/03-01-05-02-02-01-06.wav,ravdess,angry,strong,ravdess_06,female,4.437770833333333,48000,2.592,train
data/raw/ravdess/Actor_06/03-01-05-02-02-02-06.wav,ravdess,angry,strong,ravdess_06,female,4.471125,48000,2.528,test
data/raw/ravdess/Actor_06/03-01-06-01-01-01-06.wav,ravdess,fearful,normal,ravdess_06,female,3.6369583333333337,48000,1.856,train
data/raw/ravdess/Actor_06/03-01-06-01-01-02-06.wav,ravdess,fearful,normal,ravdess_06,female,3.4367708333333336,48000,1.632,train
data/raw/ravdess/Actor_06/03-01-06-01-02-01-06.wav,ravdess,fearful,normal,ravdess_06,female,3.57025,48000,1.76,train
data/raw/ravdess/Actor_06/03-01-06-01-02-02-06.wav,ravdess,fearful,normal,ravdess_06,female,3.5035,48000,1.728,train
data/raw/ravdess/Actor_06/03-01-06-02-01-01-06.wav,ravdess,fearful,strong,ravdess_06,female,3.636979166666667,48000,1.76,train
data/raw/ravdess/Actor_06/03-01-06-02-01-02-06.wav,ravdess,fearful,strong,ravdess_06,female,3.6036041666666665,48000,1.824,train
data/raw/ravdess/Actor_06/03-01-06-02-02-01-06.wav,ravdess,fearful,strong,ravdess_06,female,3.7370625,48000,1.888,test
data/raw/ravdess/Actor_06/03-01-06-02-02-02-06.wav,ravdess,fearful,strong,ravdess_06,female,3.7370625,48000,1.92,train
data/raw/ravdess/Actor_06/03-01-07-01-01-01-06.wav,ravdess,disgust,normal,ravdess_06,female,3.5035,48000,2.368,train
data/raw/ravdess/Actor_06/03-01-07-01-01-02-06.wav,ravdess,disgust,normal,ravdess_06,female,4.2709375,48000,2.432,val
data/raw/ravdess/Actor_06/03-01-07-01-02-01-06.wav,ravdess,disgust,normal,ravdess_06,female,3.7370625,48000,1.888,test
data/raw/ravdess/Actor_06/03-01-07-01-02-02-06.wav,ravdess,disgust,normal,ravdess_06,female,3.9372708333333337,48000,2.208,train
data/raw/ravdess/Actor_06/03-01-07-02-01-01-06.wav,ravdess,disgust,strong,ravdess_06,female,4.3043125,48000,2.4,train
data/raw/ravdess/Actor_06/03-01-07-02-01-02-06.wav,ravdess,disgust,strong,ravdess_06,female,3.9372708333333337,48000,2.08,test
data/raw/ravdess/Actor_06/03-01-07-02-02-01-06.wav,ravdess,disgust,strong,ravdess_06,female,4.037354166666667,48000,2.08,test
data/raw/ravdess/Actor_06/03-01-07-02-02-02-06.wav,ravdess,disgust,strong,ravdess_06,female,3.970625,48000,2.048,test
data/raw/ravdess/Actor_06/03-01-08-01-01-01-06.wav,ravdess,surprised,normal,ravdess_06,female,3.2365625,48000,1.408,train
data/raw/ravdess/Actor_06/03-01-08-01-01-02-06.wav,ravdess,surprised,normal,ravdess_06,female,3.2365625,48000,1.344,train
data/raw/ravdess/Actor_06/03-01-08-01-02-01-06.wav,ravdess,surprised,normal,ravdess_06,female,3.2032083333333334,48000,1.344,val
data/raw/ravdess/Actor_06/03-01-08-01-02-02-06.wav,ravdess,surprised,normal,ravdess_06,female,3.136458333333333,48000,1.344,val
data/raw/ravdess/Actor_06/03-01-08-02-01-01-06.wav,ravdess,surprised,strong,ravdess_06,female,3.2365625,48000,1.408,val
data/raw/ravdess/Actor_06/03-01-08-02-01-02-06.wav,ravdess,surprised,strong,ravdess_06,female,3.370041666666667,48000,1.504,train
data/raw/ravdess/Actor_06/03-01-08-02-02-01-06.wav,ravdess,surprised,strong,ravdess_06,female,3.3033125,48000,1.472,train
data/raw/ravdess/Actor_06/03-01-08-02-02-02-06.wav,ravdess,surprised,strong,ravdess_06,female,3.2032083333333334,48000,1.44,train
data/raw/ravdess/Actor_07/03-01-01-01-01-01-07.wav,ravdess,neutral,normal,ravdess_07,male,3.9039166666666665,48000,2.08,train
data/raw/ravdess/Actor_07/03-01-01-01-01-02-07.wav,ravdess,neutral,normal,ravdess_07,male,3.8038125,48000,1.984,train
data/raw/ravdess/Actor_07/03-01-01-01-02-01-07.wav,ravdess,neutral,normal,ravdess_07,male,4.137458333333333,48000,2.016,train
data/raw/ravdess/Actor_07/03-01-01-01-02-02-07.wav,ravdess,neutral,normal,ravdess_07,male,3.7370625,48000,1.984,train
data/raw/ravdess/Actor_07/03-01-02-01-01-01-07.wav,ravdess,calm,normal,ravdess_07,male,3.470125,48000,1.632,train
data/raw/ravdess/Actor_07/03-01-02-01-01-02-07.wav,ravdess,calm,normal,ravdess_07,male,3.7370625,48000,1.888,train
data/raw/ravdess/Actor_07/03-01-02-01-02-01-07.wav,ravdess,calm,normal,ravdess_07,male,3.5035,48000,2.048,train
data/raw/ravdess/Actor_07/03-01-02-01-02-02-07.wav,ravdess,calm,normal,ravdess_07,male,3.536875,48000,1.696,train
data/raw/ravdess/Actor_07/03-01-02-02-01-01-07.wav,ravdess,calm,strong,ravdess_07,male,4.004,48000,2.976,train
data/raw/ravdess/Actor_07/03-01-02-02-01-02-07.wav,ravdess,calm,strong,ravdess_07,male,3.8705416666666665,48000,2.048,train
data/raw/ravdess/Actor_07/03-01-02-02-02-01-07.wav,ravdess,calm,strong,ravdess_07,male,4.2709375,48000,2.56,train
data/raw/ravdess/Actor_07/03-01-02-02-02-02-07.wav,ravdess,calm,strong,ravdess_07,male,4.104104166666667,48000,2.528,test
data/raw/ravdess/Actor_07/03-01-03-01-01-01-07.wav,ravdess,happy,normal,ravdess_07,male,3.5035,48000,1.696,train
data/raw/ravdess/Actor_07/03-01-03-01-01-02-07.wav,ravdess,happy,normal,ravdess_07,male,3.470125,48000,1.664,train
data/raw/ravdess/Actor_07/03-01-03-01-02-01-07.wav,ravdess,happy,normal,ravdess_07,male,3.403395833333333,48000,1.536,val
data/raw/ravdess/Actor_07/03-01-03-01-02-02-07.wav,ravdess,happy,normal,ravdess_07,male,3.403395833333333,48000,1.536,test
data/raw/ravdess/Actor_07/03-01-03-02-01-01-07.wav,ravdess,happy,strong,ravdess_07,male,4.104104166666667,48000,2.528,test
data/raw/ravdess/Actor_07/03-01-03-02-01-02-07.wav,ravdess,happy,strong,ravdess_07,male,4.037354166666667,48000,2.208,train
data/raw/ravdess/Actor_07/03-01-03-02-02-01-07.wav,ravdess,happy,strong,ravdess_07,male,4.037375,48000,2.688,train
data/raw/ravdess/Actor_07/03-01-03-02-02-02-07.wav,ravdess,happy,strong,ravdess_07,male,3.8371666666666666,48000,2.24,train
data/raw/ravdess/Actor_07/03-01-04-01-01-01-07.wav,ravdess,sad,normal,ravdess_07,male,3.536875,48000,1.664,test
data/raw/ravdess/Actor_07/03-01-04-01-01-02-07.wav,ravdess,sad,normal,ravdess_07,male,3.603583333333334,48000,1.632,train
data/raw/ravdess/Actor_07/03-01-04-01-02-01-07.wav,ravdess,sad,normal,ravdess_07,male,3.536875,48000,1.664,train
data/raw/ravdess/Actor_07/03-01-04-01-02-02-07.wav,ravdess,sad,normal,ravdess_07,male,3.8705208333333334,48000,2.016,train
data/raw/ravdess/Actor_07/03-01-04-02-01-01-07.wav,ravdess,sad,strong,ravdess_07,male,3.93725,48000,1.952,train
data/raw/ravdess/Actor_07/03-01-04-02-01-02-07.wav,ravdess,sad,strong,ravdess_07,male,3.8371666666666666,48000,2.8131875,train
data/raw/ravdess/Actor_07/03-01-04-02-02-01-07.wav,ravdess,sad,strong,ravdess_07,male,3.636979166666667,48000,2.677,train
data/raw/ravdess/Actor_07/03-01-04-02-02-02-07.wav,ravdess,sad,strong,ravdess_07,male,3.8371666666666666,48000,1.984,train
data/raw/ravdess/Actor_07/03-01-05-01-01-01-07.wav,ravdess,angry,normal,ravdess_07,male,4.004,48000,2.08,train
data/raw/ravdess/Actor_07/03-01-05-01-01-02-07.wav,ravdess,angry,normal,ravdess_07,male,3.970645833333333,48000,2.08,train
data/raw/ravdess/Actor_07/03-01-05-01-02-01-07.wav,ravdess,angry,normal,ravdess_07,male,4.004,48000,2.144,train
data/raw/ravdess/Actor_07/03-01-05-01-02-02-07.wav,ravdess,angry,normal,ravdess_07,male,4.004,48000,2.08,test
data/raw/ravdess/Actor_07/03-01-05-02-01-01-07.wav,ravdess,angry,strong,ravdess_07,male,3.6036041666666665,48000,1.664,test
data/raw/ravdess/Actor_07/03-01-05-02-01-02-07.wav,ravdess,angry,strong,ravdess_07,male,4.004,48000,2.048,train
data/raw/ravdess/Actor_07/03-01-05-02-02-01-07.wav,ravdess,angry,strong,ravdess_07,male,3.8371666666666666,48000,1.888,train
data/raw/ravdess/Actor_07/03-01-05-02-02-02-07.wav,ravdess,angry,strong,ravdess_07,male,4.337666666666666,48000,2.4,train
data/raw/ravdess/Actor_07/03-01-06-01-01-01-07.wav,ravdess,fearful,normal,ravdess_07,male,3.4367708333333336,48000,2.304,train
data/raw/ravdess/Actor_07/03-01-06-01-01-02-07.wav,ravdess,fearful,normal,ravdess_07,male,3.5035,48000,1.568,train
data/raw/ravdess/Actor_07/03-01-06-01-02-01-07.wav,ravdess,fearful,normal,ravdess_07,male,3.4367708333333336,48000,1.568,train
data/raw/ravdess/Actor_07/03-01-06-01-02-02-07.wav,ravdess,fearful,normal,ravdess_07,male,3.370041666666667,48000,1.536,val
data/raw/ravdess/Actor_07/03-01-06-02-01-01-07.wav,ravdess,fearful,strong,ravdess_07,male,3.636979166666667,48000,1.728,train
data/raw/ravdess/Actor_07/03-01-06-02-01-02-07.wav,ravdess,fearful,strong,ravdess_07,male,3.470125,48000,1.568,val
data/raw/ravdess/Actor_07/03-01-06-02-02-01-07.wav,ravdess,fearful,strong,ravdess_07,male,3.403395833333333,48000,1.536,train
data/raw/ravdess/Actor_07/03-01-06-02-02-02-07.wav,ravdess,fearful,strong,ravdess_07,male,3.5035,48000,1.6,train
data/raw/ravdess/Actor_07/03-01-07-01-01-01-07.wav,ravdess,disgust,normal,ravdess_07,male,3.536854166666666,48000,1.632,train
data/raw/ravdess/Actor_07/03-01-07-01-01-02-07.wav,ravdess,disgust,normal,ravdess_07,male,3.5035,48000,1.632,train
data/raw/ravdess/Actor_07/03-01-07-01-02-01-07.wav,ravdess,disgust,normal,ravdess_07,male,3.4367708333333336,48000,1.632,test
data/raw/ravdess/Actor_07/03-01-07-01-02-02-07.wav,ravdess,disgust,normal,ravdess_07,male,3.536854166666666,48000,1.664,train
data/raw/ravdess/Actor_07/03-01-07-02-01-01-07.wav,ravdess,disgust,strong,ravdess_07,male,4.137479166666667,48000,2.24,val
data/raw/ravdess/Actor_07/03-01-07-02-01-02-07.wav,ravdess,disgust,strong,ravdess_07,male,4.404395833333333,48000,2.496,train
data/raw/ravdess/Actor_07/03-01-07-02-02-01-07.wav,ravdess,disgust,strong,ravdess_07,male,4.137458333333333,48000,2.272,train
data/raw/ravdess/Actor_07/03-01-07-02-02-02-07.wav,ravdess,disgust,strong,ravdess_07,male,4.771416666666667,48000,2.912,val
data/raw/ravdess/Actor_07/03-01-08-01-01-01-07.wav,ravdess,surprised,normal,ravdess_07,male,3.470125,48000,1.632,val
data/raw/ravdess/Actor_07/03-01-08-01-01-02-07.wav,ravdess,surprised,normal,ravdess_07,male,3.536875,48000,1.696,train
data/raw/ravdess/Actor_07/03-01-08-01-02-01-07.wav,ravdess,surprised,normal,ravdess_07,male,3.4367708333333336,48000,1.632,train
data/raw/ravdess/Actor_07/03-01-08-01-02-02-07.wav,ravdess,surprised,normal,ravdess_07,male,3.4367708333333336,48000,1.632,train
data/raw/ravdess/Actor_07/03-01-08-02-01-01-07.wav,ravdess,surprised,strong,ravdess_07,male,3.8705416666666665,48000,1.952,val
data/raw/ravdess/Actor_07/03-01-08-02-01-02-07.wav,ravdess,surprised,strong,ravdess_07,male,3.6369583333333337,48000,1.76,val
data/raw/ravdess/Actor_07/03-01-08-02-02-01-07.wav,ravdess,surprised,strong,ravdess_07,male,3.4367708333333336,48000,1.536,test
data/raw/ravdess/Actor_07/03-01-08-02-02-02-07.wav,ravdess,surprised,strong,ravdess_07,male,3.470125,48000,1.632,train
data/raw/ravdess/Actor_08/03-01-01-01-01-01-08.wav,ravdess,neutral,normal,ravdess_08,female,3.5035,48000,1.536,val
data/raw/ravdess/Actor_08/03-01-01-01-01-02-08.wav,ravdess,neutral,normal,ravdess_08,female,3.636979166666667,48000,1.728,test
data/raw/ravdess/Actor_08/03-01-01-01-02-01-08.wav,ravdess,neutral,normal,ravdess_08,female,3.536854166666666,48000,1.6,train
data/raw/ravdess/Actor_08/03-01-01-01-02-02-08.wav,ravdess,neutral,normal,ravdess_08,female,3.5035,48000,1.568,val
data/raw/ravdess/Actor_08/03-01-02-01-01-01-08.wav,ravdess,calm,normal,ravdess_08,female,3.6036041666666665,48000,1.696,train
data/raw/ravdess/Actor_08/03-01-02-01-01-02-08.wav,ravdess,calm,normal,ravdess_08,female,3.4034166666666668,48000,1.536,val
data/raw/ravdess/Actor_08/03-01-02-01-02-01-08.wav,ravdess,calm,normal,ravdess_08,female,3.470125,48000,1.568,train
data/raw/ravdess/Actor_08/03-01-02-01-02-02-08.wav,ravdess,calm,normal,ravdess_08,female,3.470125,48000,1.6,train
data/raw/ravdess/Actor_08/03-01-02-02-01-01-08.wav,ravdess,calm,strong,ravdess_08,female,3.6369583333333337,48000,1.792,test
data/raw/ravdess/Actor_08/03-01-02-02-01-02-08.wav,ravdess,calm,strong,ravdess_08,female,3.7370625,48000,1.92,train
data/raw/ravdess/Actor_08/03-01-02-02-02-01-08.wav,ravdess,calm,strong,ravdess_08,female,3.670333333333333,48000,1.856,train
data/raw/ravdess/Actor_08/03-01-02-02-02-02-08.wav,ravdess,calm,strong,ravdess_08,female,3.8038125,48000,1.92,train
data/raw/ravdess/Actor_08/03-01-03-01-01-01-08.wav,ravdess,happy,normal,ravdess_08,female,3.5035,48000,1.6,train
data/raw/ravdess/Actor_08/03-01-03-01-01-02-08.wav,ravdess,happy,normal,ravdess_08,female,3.43675,48000,1.568,train
data/raw/ravdess/Actor_08/03-01-03-01-02-01-08.wav,ravdess,happy,normal,ravdess_08,female,3.470125,48000,1.536,val
data/raw/ravdess/Actor_08/03-01-03-01-02-02-08.wav,ravdess,happy,normal,ravdess_08,female,3.4367708333333336,48000,1.504,train
data/raw/ravdess/Actor_08/03-01-03-02-01-01-08.wav,ravdess,happy,strong,ravdess_08,female,3.7704166666666663,48000,1.76,train
data/raw/ravdess/Actor_08/03-01-03-02-01-02-08.wav,ravdess,happy,strong,ravdess_08,female,3.903895833333334,48000,1.888,train
data/raw/ravdess/Actor_08/03-01-03-02-02-01-08.wav,ravdess,happy,strong,ravdess_08,female,3.8371666666666666,48000,1.856,train
data/raw/ravdess/Actor_08/03-01-03-02-02-02-08.wav,ravdess,happy,strong,ravdess_08,female,3.9372708333333337,48000,1.792,train
data/raw/ravdess/Actor_08/03-01-04-01-01-01-08.wav,ravdess,sad,normal,ravdess_08,female,4.204208333333334,48000,2.144,train
data/raw/ravdess/Actor_08/03-01-04-01-01-02-08.wav,ravdess,sad,normal,ravdess_08,female,3.8705208333333334,48000,1.792,train
data/raw/ravdess/Actor_08/03-01-04-01-02-01-08.wav,ravdess,sad,normal,ravdess_08,female,3.57025,48000,1.504,train
data/raw/ravdess/Actor_08/03-01-04-01-02-02-08.wav,ravdess,sad,normal,ravdess_08,female,3.6036041666666665,48000,1.504,train
data/raw/ravdess/Actor_08/03-01-04-02-01-01-08.wav,ravdess,sad,strong,ravdess_08,female,3.7704166666666663,48000,1.568,test
data/raw/ravdess/Actor_08/03-01-04-02-01-02-08.wav,ravdess,sad,strong,ravdess_08,female,3.9372708333333337,48000,2.816,test
data/raw/ravdess/Actor_08/03-01-04-02-02-01-08.wav,ravdess,sad,strong,ravdess_08,female,3.670333333333333,48000,1.6,test
data/raw/ravdess/Actor_08/03-01-04-02-02-02-08.wav,ravdess,sad,strong,ravdess_08,female,3.703708333333333,48000,2.71175,train
data/raw/ravdess/Actor_08/03-01-05-01-01-01-08.wav,ravdess,angry,normal,ravdess_08,female,3.703708333333333,48000,1.568,train
data/raw/ravdess/Actor_08/03-01-05-01-01-02-08.wav,ravdess,angry,normal,ravdess_08,female,3.6036041666666665,48000,1.504,train
data/raw/ravdess/Actor_08/03-01-05-01-02-01-08.wav,ravdess,angry,normal,ravdess_08,female,3.536875,48000,1.44,val
data/raw/ravdess/Actor_08/03-01-05-01-02-02-08.wav,ravdess,angry,normal,ravdess_08,female,3.5702291666666666,48000,1.536,train
data/raw/ravdess/Actor_08/03-01-05-02-01-01-08.wav,ravdess,angry,strong,ravdess_08,female,3.970625,48000,1.824,train
data/raw/ravdess/Actor_08/03-01-05-02-01-02-08.wav,ravdess,angry,strong,ravdess_08,female,3.7704375,48000,1.632,test
data/raw/ravdess/Actor_08/03-01-05-02-02-01-08.wav,ravdess,angry,strong,ravdess_08,female,3.6036041666666665,48000,1.568,test
data/raw/ravdess/Actor_08/03-01-05-02-02-02-08.wav,ravdess,angry,strong,ravdess_08,female,3.6369583333333337,48000,1.568,train
data/raw/ravdess/Actor_08/03-01-06-01-01-01-08.wav,ravdess,fearful,normal,ravdess_08,female,3.970645833333333,48000,1.888,train
data/raw/ravdess/Actor_08/03-01-06-01-01-02-08.wav,ravdess,fearful,normal,ravdess_08,female,3.670333333333333,48000,2.336,train
data/raw/ravdess/Actor_08/03-01-06-01-02-01-08.wav,ravdess,fearful,normal,ravdess_08,female,3.7704375,48000,1.696,test
data/raw/ravdess/Actor_08/03-01-06-01-02-02-08.wav,ravdess,fearful,normal,ravdess_08,female,3.670333333333333,48000,1.664,train
data/raw/ravdess/Actor_08/03-01-06-02-01-01-08.wav,ravdess,fearful,strong,ravdess_08,female,3.970625,48000,1.568,test
data/raw/ravdess/Actor_08/03-01-06-02-01-02-08.wav,ravdess,fearful,strong,ravdess_08,female,3.903895833333334,48000,1.472,test
data/raw/ravdess/Actor_08/03-01-06-02-02-01-08.wav,ravdess,fearful,strong,ravdess_08,female,3.8705208333333334,48000,1.632,test
data/raw/ravdess/Actor_08/03-01-06-02-02-02-08.wav,ravdess,fearful,strong,ravdess_08,female,3.9372708333333337,48000,2.88,train
data/raw/ravdess/Actor_08/03-01-07-01-01-01-08.wav,ravdess,disgust,normal,ravdess_08,female,3.903895833333334,48000,1.952,train
data/raw/ravdess/Actor_08/03-01-07-01-01-02-08.wav,ravdess,disgust,normal,ravdess_08,female,3.670333333333333,48000,1.664,train
data/raw/ravdess/Actor_08/03-01-07-01-02-01-08.wav,ravdess,disgust,normal,ravdess_08,female,3.9372708333333337,48000,1.92,train
data/raw/ravdess/Actor_08/03-01-07-01-02-02-08.wav,ravdess,disgust,normal,ravdess_08,female,3.8371666666666666,48000,1.76,train
data/raw/ravdess/Actor_08/03-01-07-02-01-01-08.wav,ravdess,disgust,strong,ravdess_08,female,4.070729166666666,48000,2.048,val
data/raw/ravdess/Actor_08/03-01-07-02-01-02-08.wav,ravdess,disgust,strong,ravdess_08,female,3.7704375,48000,2.592,val
data/raw/ravdess/Actor_08/03-01-07-02-02-01-08.wav,ravdess,disgust,strong,ravdess_08,female,3.7370833333333335,48000,1.696,train
data/raw/ravdess/Actor_08/03-01-07-02-02-02-08.wav,ravdess,disgust,strong,ravdess_08,female,3.8705208333333334,48000,1.824,train
data/raw/ravdess/Actor_08/03-01-08-01-01-01-08.wav,ravdess,surprised,normal,ravdess_08,female,3.703708333333333,48000,1.632,train
data/raw/ravdess/Actor_08/03-01-08-01-01-02-08.wav,ravdess,surprised,normal,ravdess_08,female,3.8037916666666662,48000,1.76,train
data/raw/ravdess/Actor_08/03-01-08-01-02-01-08.wav,ravdess,surprised,normal,ravdess_08,female,3.7704375,48000,1.632,val
data/raw/ravdess/Actor_08/03-01-08-01-02-02-08.wav,ravdess,surprised,normal,ravdess_08,female,3.536875,48000,1.568,train
data/raw/ravdess/Actor_08/03-01-08-02-01-01-08.wav,ravdess,surprised,strong,ravdess_08,female,3.8371666666666666,48000,2.8771875,train
data/raw/ravdess/Actor_08/03-01-08-02-01-02-08.wav,ravdess,surprised,strong,ravdess_08,female,3.7036875,48000,1.568,train
data/raw/ravdess/Actor_08/03-01-08-02-02-01-08.wav,ravdess,surprised,strong,ravdess_08,female,3.8037916666666662,48000,1.6,train
data/raw/ravdess/Actor_08/03-01-08-02-02-02-08.wav,ravdess,surprised,strong,ravdess_08,female,3.8705416666666665,48000,1.728,train
data/raw/ravdess/Actor_09/03-01-01-01-01-01-09.wav,ravdess,neutral,normal,ravdess_09,male,3.2699375,48000,2.432,train
data/raw/ravdess/Actor_09/03-01-01-01-01-02-09.wav,ravdess,neutral,normal,ravdess_09,male,3.2032083333333334,48000,1.44,train
data/raw/ravdess/Actor_09/03-01-01-01-02-01-09.wav,ravdess,neutral,normal,ravdess_09,male,3.3366666666666664,48000,1.472,train
data/raw/ravdess/Actor_09/03-01-01-01-02-02-09.wav,ravdess,neutral,normal,ravdess_09,male,3.236583333333334,48000,1.376,train
data/raw/ravdess/Actor_09/03-01-02-01-01-01-09.wav,ravdess,calm,normal,ravdess_09,male,3.3366666666666664,48000,1.504,test
data/raw/ravdess/Actor_09/03-01-02-01-01-02-09.wav,ravdess,calm,normal,ravdess_09,male,3.3366666666666664,48000,1.44,train
data/raw/ravdess/Actor_09/03-01-02-01-02-01-09.wav,ravdess,calm,normal,ravdess_09,male,3.4701458333333335,48000,2.4,train
data/raw/ravdess/Actor_09/03-01-02-01-02-02-09.wav,ravdess,calm,normal,ravdess_09,male,3.5702291666666666,48000,1.76,train
data/raw/ravdess/Actor_09/03-01-02-02-01-01-09.wav,ravdess,calm,strong,ravdess_09,male,3.3366666666666664,48000,2.3766875,train
data/raw/ravdess/Actor_09/03-01-02-02-01-02-09.wav,ravdess,calm,strong,ravdess_09,male,3.4367708333333336,48000,2.112,test
data/raw/ravdess/Actor_09/03-01-02-02-02-01-09.wav,ravdess,calm,strong,ravdess_09,male,3.8037916666666662,48000,2.8438125,val
data/raw/ravdess/Actor_09/03-01-02-02-02-02-09.wav,ravdess,calm,strong,ravdess_09,male,3.636979166666667,48000,1.728,train
data/raw/ravdess/Actor_09/03-01-03-01-01-01-09.wav,ravdess,happy,normal,ravdess_09,male,3.3366666666666664,48000,1.952,val
data/raw/ravdess/Actor_09/03-01-03-01-01-02-09.wav,ravdess,happy,normal,ravdess_09,male,3.536854166666666,48000,1.664,train
data/raw/ravdess/Actor_09/03-01-03-01-02-01-09.wav,ravdess,happy,normal,ravdess_09,male,3.3032916666666665,48000,1.472,train
data/raw/ravdess/Actor_09/03-01-03-01-02-02-09.wav,ravdess,happy,normal,ravdess_09,male,3.4701458333333335,48000,1.6,train
data/raw/ravdess/Actor_09/03-01-03-02-01-01-09.wav,ravdess,happy,strong,ravdess_09,male,3.7704375,48000,1.888,val
data/raw/ravdess/Actor_09/03-01-03-02-01-02-09.wav,ravdess,happy,strong,ravdess_09,male,4.170833333333333,48000,2.176,train
data/raw/ravdess/Actor_09/03-01-03-02-02-01-09.wav,ravdess,happy,strong,ravdess_09,male,3.57025,48000,1.632,train
data/raw/ravdess/Actor_09/03-01-03-02-02-02-09.wav,ravdess,happy,strong,ravdess_09,male,3.5702291666666666,48000,1.664,train
data/raw/ravdess/Actor_09/03-01-04-01-01-01-09.wav,ravdess,sad,normal,ravdess_09,male,3.2699375,48000,1.44,test
data/raw/ravdess/Actor_09/03-01-04-01-01-02-09.wav,ravdess,sad,normal,ravdess_09,male,3.43675,48000,1.28,test
data/raw/ravdess/Actor_09/03-01-04-01-02-01-09.wav,ravdess,sad,normal,ravdess_09,male,3.403395833333333,48000,1.248,test
data/raw/ravdess/Actor_09/03-01-04-01-02-02-09.wav,ravdess,sad,normal,ravdess_09,male,3.4034166666666668,48000,1.6,val
data/raw/ravdess/Actor_09/03-01-04-02-01-01-09.wav,ravdess,sad,strong,ravdess_09,male,3.9372708333333337,48000,2.592,train
data/raw/ravdess/Actor_09/03-01-04-02-01-02-09.wav,ravdess,sad,strong,ravdess_09,male,3.903895833333334,48000,2.016,train
data/raw/ravdess/Actor_09/03-01-04-02-02-01-09.wav,ravdess,sad,strong,ravdess_09,male,3.636979166666667,48000,2.208,train
data/raw/ravdess/Actor_09/03-01-04-02-02-02-09.wav,ravdess,sad,strong,ravdess_09,male,3.8705416666666665,48000,2.08,val
data/raw/ravdess/Actor_09/03-01-05-01-01-01-09.wav,ravdess,angry,normal,ravdess_09,male,3.5702291666666666,48000,1.856,test
data/raw/ravdess/Actor_09/03-01-05-01-01-02-09.wav,ravdess,angry,normal,ravdess_09,male,3.57025,48000,1.664,test
data/raw/ravdess/Actor_09/03-01-05-01-02-01-09.wav,ravdess,angry,normal,ravdess_09,male,3.7370625,48000,1.824,train
data/raw/ravdess/Actor_09/03-01-05-01-02-02-09.wav,ravdess,angry,normal,ravdess_09,male,3.536875,48000,1.664,train
data/raw/ravdess/Actor_09/03-01-05-02-01-01-09.wav,ravdess,angry,strong,ravdess_09,male,3.8038125,48000,1.92,train
data/raw/ravdess/Actor_09/03-01-05-02-01-02-09.wav,ravdess,angry,strong,ravdess_09,male,3.7704375,48000,1.856,train
data/raw/ravdess/Actor_09/03-01-05-02-02-01-09.wav,ravdess,angry,strong,ravdess_09,male,4.371041666666667,48000,2.4,train
data/raw/ravdess/Actor_09/03-01-05-02-02-02-09.wav,ravdess,angry,strong,ravdess_09,male,3.970645833333333,48000,2.048,train
data/raw/ravdess/Actor_09/03-01-06-01-01-01-09.wav,ravdess,fearful,normal,ravdess_09,male,3.1698333333333335,48000,1.344,train
data/raw/ravdess/Actor_09/03-01-06-01-01-02-09.wav,ravdess,fearful,normal,ravdess_09,male,3.1698333333333335,48000,1.344,train
data/raw/ravdess/Actor_09/03-01-06-01-02-01-09.wav,ravdess,fearful,normal,ravdess_09,male,3.1364791666666667,48000,2.24,train
data/raw/ravdess/Actor_09/03-01-06-01-02-02-09.wav,ravdess,fearful,normal,ravdess_09,male,3.136458333333333,48000,1.312,test
data/raw/ravdess/Actor_09/03-01-06-02-01-01-09.wav,ravdess,fearful,strong,ravdess_09,male,3.2365625,48000,1.696,train
data/raw/ravdess/Actor_09/03-01-06-02-01-02-09.wav,ravdess,fearful,strong,ravdess_09,male,3.2699375,48000,1.408,train
data/raw/ravdess/Actor_09/03-01-06-02-02-01-09.wav,ravdess,fearful,strong,ravdess_09,male,3.2365625,48000,1.344,train
data/raw/ravdess/Actor_09/03-01-06-02-02-02-09.wav,ravdess,fearful,strong,ravdess_09,male,3.2365625,48000,1.344,val
data/raw/ravdess/Actor_09/03-01-07-01-01-01-09.wav,ravdess,disgust,normal,ravdess_09,male,3.403395833333333,48000,1.6,train
data/raw/ravdess/Actor_09/03-01-07-01-01-02-09.wav,ravdess,disgust,normal,ravdess_09,male,3.5035,48000,1.632,train
data/raw/ravdess/Actor_09/03-01-07-01-02-01-09.wav,ravdess,disgust,normal,ravdess_09,male,3.470125,48000,1.6,val
data/raw/ravdess/Actor_09/03-01-07-01-02-02-09.wav,ravdess,disgust,normal,ravdess_09,male,3.403395833333333,48000,1.952,val
data/raw/ravdess/Actor_09/03-01-07-02-01-01-09.wav,ravdess,disgust,strong,ravdess_09,male,3.636979166666667,48000,1.792,val
data/raw/ravdess/Actor_09/03-01-07-02-01-02-09.wav,ravdess,disgust,strong,ravdess_09,male,3.536854166666666,48000,2.24,val
data/raw/ravdess/Actor_09/03-01-07-02-02-01-09.wav,ravdess,disgust,strong,ravdess_09,male,3.5702291666666666,48000,1.632,train
data/raw/ravdess/Actor_09/03-01-07-02-02-02-09.wav,ravdess,disgust,strong,ravdess_09,male,3.603583333333334,48000,1.728,train
data/raw/ravdess/Actor_09/03-01-08-01-01-01-09.wav,ravdess,surprised,normal,ravdess_09,male,3.069729166666667,48000,1.472,test
data/raw/ravdess/Actor_09/03-01-08-01-01-02-09.wav,ravdess,surprised,normal,ravdess_09,male,3.3366666666666664,48000,1.472,train
data/raw/ravdess/Actor_09/03-01-08-01-02-01-09.wav,ravdess,surprised,normal,ravdess_09,male,3.4367708333333336,48000,2.304,train
data/raw/ravdess/Actor_09/03-01-08-01-02-02-09.wav,ravdess,surprised,normal,ravdess_09,male,3.43675,48000,1.536,train
data/raw/ravdess/Actor_09/03-01-08-02-01-01-09.wav,ravdess,surprised,strong,ravdess_09,male,3.3032916666666665,48000,1.376,train
data/raw/ravdess/Actor_09/03-01-08-02-01-02-09.wav,ravdess,surprised,strong,ravdess_09,male,3.2699375,48000,1.376,train
data/raw/ravdess/Actor_09/03-01-08-02-02-01-09.wav,ravdess,surprised,strong,ravdess_09,male,3.403395833333333,48000,1.504,train
data/raw/ravdess/Actor_09/03-01-08-02-02-02-09.wav,ravdess,surprised,strong,ravdess_09,male,3.43675,48000,1.568,train
data/raw/ravdess/Actor_10/03-01-01-01-01-01-10.wav,ravdess,neutral,normal,ravdess_10,female,3.536875,48000,1.632,train
data/raw/ravdess/Actor_10/03-01-01-01-01-02-10.wav,ravdess,neutral,normal,ravdess_10,female,3.8371666666666666,48000,1.92,train
data/raw/ravdess/Actor_10/03-01-01-01-02-01-10.wav,ravdess,neutral,normal,ravdess_10,female,3.7370625,48000,1.792,val
data/raw/ravdess/Actor_10/03-01-01-01-02-02-10.wav,ravdess,neutral,normal,ravdess_10,female,3.670333333333333,48000,1.664,train
data/raw/ravdess/Actor_10/03-01-02-01-01-01-10.wav,ravdess,calm,normal,ravdess_10,female,3.5702291666666666,48000,1.792,train
data/raw/ravdess/Actor_10/03-01-02-01-01-02-10.wav,ravdess,calm,normal,ravdess_10,female,3.603583333333334,48000,1.632,val
data/raw/ravdess/Actor_10/03-01-02-01-02-01-10.wav,ravdess,calm,normal,ravdess_10,female,3.6369583333333337,48000,1.696,train
data/raw/ravdess/Actor_10/03-01-02-01-02-02-10.wav,ravdess,calm,normal,ravdess_10,female,3.703708333333333,48000,1.728,train
data/raw/ravdess/Actor_10/03-01-02-02-01-01-10.wav,ravdess,calm,strong,ravdess_10,female,3.7370625,48000,1.76,train
data/raw/ravdess/Actor_10/03-01-02-02-01-02-10.wav,ravdess,calm,strong,ravdess_10,female,3.7370625,48000,1.824,train
data/raw/ravdess/Actor_10/03-01-02-02-02-01-10.wav,ravdess,calm,strong,ravdess_10,female,3.8037916666666662,48000,1.888,train
data/raw/ravdess/Actor_10/03-01-02-02-02-02-10.wav,ravdess,calm,strong,ravdess_10,female,3.8371666666666666,48000,1.952,test
data/raw/ravdess/Actor_10/03-01-03-01-01-01-10.wav,ravdess,happy,normal,ravdess_10,female,3.5035,48000,1.536,train
data/raw/ravdess/Actor_10/03-01-03-01-01-02-10.wav,ravdess,happy,normal,ravdess_10,female,3.470125,48000,1.472,train
data/raw/ravdess/Actor_10/03-01-03-01-02-01-10.wav,ravdess,happy,normal,ravdess_10,female,3.3032916666666665,48000,1.344,train
data/raw/ravdess/Actor_10/03-01-03-01-02-02-10.wav,ravdess,happy,normal,ravdess_10,female,3.3366666666666664,48000,1.408,test
data/raw/ravdess/Actor_10/03-01-03-02-01-01-10.wav,ravdess,happy,strong,ravdess_10,female,3.8371666666666666,48000,1.856,test
data/raw/ravdess/Actor_10/03-01-03-02-01-02-10.wav,ravdess,happy,strong,ravdess_10,female,3.5035,48000,1.472,train
data/raw/ravdess/Actor_10/03-01-03-02-02-01-10.wav,ravdess,happy,strong,ravdess_10,female,3.7370625,48000,1.696,train
data/raw/ravdess/Actor_10/03-01-03-02-02-02-10.wav,ravdess,happy,strong,ravdess_10,female,3.970645833333333,48000,1.856,train
data/raw/ravdess/Actor_10/03-01-04-01-01-01-10.wav,ravdess,sad,normal,ravdess_10,female,3.3032916666666665,48000,1.472,val
data/raw/ravdess/Actor_10/03-01-04-01-01-02-10.wav,ravdess,sad,normal,ravdess_10,female,3.470125,48000,1.568,train
data/raw/ravdess/Actor_10/03-01-04-01-02-01-10.wav,ravdess,sad,normal,ravdess_10,female,3.536875,48000,1.632,train
data/raw/ravdess/Actor_10/03-01-04-01-02-02-10.wav,ravdess,sad,normal,ravdess_10,female,3.8037916666666662,48000,1.92,val
data/raw/ravdess/Actor_10/03-01-04-02-01-01-10.wav,ravdess,sad,strong,ravdess_10,female,3.5035,48000,1.536,train
data/raw/ravdess/Actor_10/03-01-04-02-01-02-10.wav,ravdess,sad,strong,ravdess_10,female,3.5702291666666666,48000,1.696,train
data/raw/ravdess/Actor_10/03-01-04-02-02-01-10.wav,ravdess,sad,strong,ravdess_10,female,3.670333333333333,48000,1.728,train
data/raw/ravdess/Actor_10/03-01-04-02-02-02-10.wav,ravdess,sad,strong,ravdess_10,female,3.5702291666666666,48000,1.6,train
data/raw/ravdess/Actor_10/03-01-05-01-01-01-10.wav,ravdess,angry,normal,ravdess_10,female,3.903895833333334,48000,1.952,train
data/raw/ravdess/Actor_10/03-01-05-01-01-02-10.wav,ravdess,angry,normal,ravdess_10,female,4.004,48000,2.048,train
data/raw/ravdess/Actor_10/03-01-05-01-02-01-10.wav,ravdess,angry,normal,ravdess_10,female,4.104104166666667,48000,2.144,train
data/raw/ravdess/Actor_10/03-01-05-01-02-02-10.wav,ravdess,angry,normal,ravdess_10,female,4.137479166666667,48000,2.144,train
data/raw/ravdess/Actor_10/03-01-05-02-01-01-10.wav,ravdess,angry,strong,ravdess_10,female,4.170833333333333,48000,2.144,train
data/raw/ravdess/Actor_10/03-01-05-02-01-02-10.wav,ravdess,angry,strong,ravdess_10,female,4.471125,48000,2.464,train
data/raw/ravdess/Actor_10/03-01-05-02-02-01-10.wav,ravdess,angry,strong,ravdess_10,female,3.8705208333333334,48000,1.824,train
data/raw/ravdess/Actor_10/03-01-05-02-02-02-10.wav,ravdess,angry,strong,ravdess_10,female,4.137458333333333,48000,2.176,train
data/raw/ravdess/Actor_10/03-01-06-01-01-01-10.wav,ravdess,fearful,normal,ravdess_10,female,3.4034166666666668,48000,1.376,val
data/raw/ravdess/Actor_10/03-01-06-01-01-02-10.wav,ravdess,fearful,normal,ravdess_10,female,3.3033125,48000,1.408,train
data/raw/ravdess/Actor_10/03-01-06-01-02-01-10.wav,ravdess,fearful,normal,ravdess_10,female,3.536854166666666,48000,1.664,train
data/raw/ravdess/Actor_10/03-01-06-01-02-02-10.wav,ravdess,fearful,normal,ravdess_10,female,3.4367708333333336,48000,1.504,train
data/raw/ravdess/Actor_10/03-01-06-02-01-01-10.wav,ravdess,fearful,strong,ravdess_10,female,3.5035,48000,1.504,train
data/raw/ravdess/Actor_10/03-01-06-02-01-02-10.wav,ravdess,fearful,strong,ravdess_10,female,3.703708333333333,48000,1.6,train
data/raw/ravdess/Actor_10/03-01-06-02-02-01-10.wav,ravdess,fearful,strong,ravdess_10,female,3.8037916666666662,48000,1.888,train
data/raw/ravdess/Actor_10/03-01-06-02-02-02-10.wav,ravdess,fearful,strong,ravdess_10,female,3.8705416666666665,48000,1.92,train
data/raw/ravdess/Actor_10/03-01-07-01-01-01-10.wav,ravdess,disgust,normal,ravdess_10,female,3.703708333333333,48000,1.76,test
data/raw/ravdess/Actor_10/03-01-07-01-01-02-10.wav,ravdess,disgust,normal,ravdess_10,female,4.2041875,48000,2.272,train
data/raw/ravdess/Actor_10/03-01-07-01-02-01-10.wav,ravdess,disgust,normal,ravdess_10,female,3.8705416666666665,48000,1.952,test
data/raw/ravdess/Actor_10/03-01-07-01-02-02-10.wav,ravdess,disgust,normal,ravdess_10,female,4.2709375,48000,2.336,train
data/raw/ravdess/Actor_10/03-01-07-02-01-01-10.wav,ravdess,disgust,strong,ravdess_10,female,4.671333333333333,48000,2.624,train
data/raw/ravdess/Actor_10/03-01-07-02-01-02-10.wav,ravdess,disgust,strong,ravdess_10,female,4.537875,48000,2.592,test
data/raw/ravdess/Actor_10/03-01-07-02-02-01-10.wav,ravdess,disgust,strong,ravdess_10,female,4.2041875,48000,2.272,train
data/raw/ravdess/Actor_10/03-01-07-02-02-02-10.wav,ravdess,disgust,strong,ravdess_10,female,4.871541666666666,48000,2.88,train
data/raw/ravdess/Actor_10/03-01-08-01-01-01-10.wav,ravdess,surprised,normal,ravdess_10,female,3.2365625,48000,1.312,train
data/raw/ravdess/Actor_10/03-01-08-01-01-02-10.wav,ravdess,surprised,normal,ravdess_10,female,3.4034166666666668,48000,1.472,train
data/raw/ravdess/Actor_10/03-01-08-01-02-01-10.wav,ravdess,surprised,normal,ravdess_10,female,3.5035,48000,1.568,train
data/raw/ravdess/Actor_10/03-01-08-01-02-02-10.wav,ravdess,surprised,normal,ravdess_10,female,3.470125,48000,1.568,train
data/raw/ravdess/Actor_10/03-01-08-02-01-01-10.wav,ravdess,surprised,strong,ravdess_10,female,3.5035,48000,1.536,train
data/raw/ravdess/Actor_10/03-01-08-02-01-02-10.wav,ravdess,surprised,strong,ravdess_10,female,3.403395833333333,48000,1.408,train
data/raw/ravdess/Actor_10/03-01-08-02-02-01-10.wav,ravdess,surprised,strong,ravdess_10,female,3.6369583333333337,48000,1.664,test
data/raw/ravdess/Actor_10/03-01-08-02-02-02-10.wav,ravdess,surprised,strong,ravdess_10,female,3.5035,48000,1.536,train
data/raw/ravdess/Actor_11/03-01-01-01-01-01-11.wav,ravdess,neutral,normal,ravdess_11,male,3.1364791666666667,48000,1.312,train
data/raw/ravdess/Actor_11/03-01-01-01-01-02-11.wav,ravdess,neutral,normal,ravdess_11,male,3.1031041666666668,48000,1.312,train
data/raw/ravdess/Actor_11/03-01-01-01-02-01-11.wav,ravdess,neutral,normal,ravdess_11,male,3.2032083333333334,48000,1.376,train
data/raw/ravdess/Actor_11/03-01-01-01-02-02-11.wav,ravdess,neutral,normal,ravdess_11,male,3.1698333333333335,48000,1.376,val
data/raw/ravdess/Actor_11/03-01-02-01-01-01-11.wav,ravdess,calm,normal,ravdess_11,male,3.2699166666666666,48000,1.568,train
data/raw/ravdess/Actor_11/03-01-02-01-01-02-11.wav,ravdess,calm,normal,ravdess_11,male,3.3366666666666664,48000,1.664,train
data/raw/ravdess/Actor_11/03-01-02-01-02-01-11.wav,ravdess,calm,normal,ravdess_11,male,3.3366666666666664,48000,1.536,val
data/raw/ravdess/Actor_11/03-01-02-01-02-02-11.wav,ravdess,calm,normal,ravdess_11,male,3.670333333333333,48000,2.016,train
data/raw/ravdess/Actor_11/03-01-02-02-01-01-11.wav,ravdess,calm,strong,ravdess_11,male,3.8371666666666666,48000,2.016,train
data/raw/ravdess/Actor_11/03-01-02-02-01-02-11.wav,ravdess,calm,strong,ravdess_11,male,3.7370833333333335,48000,1.792,test
data/raw/ravdess/Actor_11/03-01-02-02-02-01-11.wav,ravdess,calm,strong,ravdess_11,male,3.7704375,48000,1.984,train
data/raw/ravdess/Actor_11/03-01-02-02-02-02-11.wav,ravdess,calm,strong,ravdess_11,male,3.8371666666666666,48000,2.016,train
data/raw/ravdess/Actor_11/03-01-03-01-01-01-11.wav,ravdess,happy,normal,ravdess_11,male,3.1031041666666668,48000,1.152,train
data/raw/ravdess/Actor_11/03-01-03-01-01-02-11.wav,ravdess,happy,normal,ravdess_11,male,3.2032083333333334,48000,1.376,train
data/raw/ravdess/Actor_11/03-01-03-01-02-01-11.wav,ravdess,happy,normal,ravdess_11,male,3.1698333333333335,48000,1.28,train
data/raw/ravdess/Actor_11/03-01-03-01-02-02-11.wav,ravdess,happy,normal,ravdess_11,male,3.236583333333334,48000,1.344,train
data/raw/ravdess/Actor_11/03-01-03-02-01-01-11.wav,ravdess,happy,strong,ravdess_11,male,4.037375,48000,2.08,test
data/raw/ravdess/Actor_11/03-01-03-02-01-02-11.wav,ravdess,happy,strong,ravdess_11,male,3.636979166666667,48000,1.728,test
data/raw/ravdess/Actor_11/03-01-03-02-02-01-11.wav,ravdess,happy,strong,ravdess_11,male,3.8705208333333334,48000,1.92,train
data/raw/ravdess/Actor_11/03-01-03-02-02-02-11.wav,ravdess,happy,strong,ravdess_11,male,3.5035,48000,1.536,train
data/raw/ravdess/Actor_11/03-01-04-01-01-01-11.wav,ravdess,sad,normal,ravdess_11,male,3.3366666666666664,48000,1.472,train
data/raw/ravdess/Actor_11/03-01-04-01-01-02-11.wav,ravdess,sad,normal,ravdess_11,male,3.6036041666666665,48000,2.048,train
data/raw/ravdess/Actor_11/03-01-04-01-02-01-11.wav,ravdess,sad,normal,ravdess_11,male,3.536854166666666,48000,1.696,test
data/raw/ravdess/Actor_11/03-01-04-01-02-02-11.wav,ravdess,sad,normal,ravdess_11,male,3.4367708333333336,48000,1.536,train
data/raw/ravdess/Actor_11/03-01-04-02-01-01-11.wav,ravdess,sad,strong,ravdess_11,male,3.3366666666666664,48000,1.472,train
data/raw/ravdess/Actor_11/03-01-04-02-01-02-11.wav,ravdess,sad,strong,ravdess_11,male,3.6036041666666665,48000,2.112,train
data/raw/ravdess/Actor_11/03-01-04-02-02-01-11.wav,ravdess,sad,strong,ravdess_11,male,3.370041666666667,48000,1.504,val
data/raw/ravdess/Actor_11/03-01-04-02-02-02-11.wav,ravdess,sad,strong,ravdess_11,male,3.3366666666666664,48000,1.92,train
data/raw/ravdess/Actor_11/03-01-05-01-01-01-11.wav,ravdess,angry,normal,ravdess_11,male,3.6036041666666665,48000,1.728,val
data/raw/ravdess/Actor_11/03-01-05-01-01-02-11.wav,ravdess,angry,normal,ravdess_11,male,3.4701458333333335,48000,1.632,train
data/raw/ravdess/Actor_11/03-01-05-01-02-01-11.wav,ravdess,angry,normal,ravdess_11,male,3.470125,48000,1.568,train
data/raw/ravdess/Actor_11/03-01-05-01-02-02-11.wav,ravdess,angry,normal,ravdess_11,male,3.7370833333333335,48000,1.792,train
data/raw/ravdess/Actor_11/03-01-05-02-01-01-11.wav,ravdess,angry,strong,ravdess_11,male,3.536875,48000,1.632,train
data/raw/ravdess/Actor_11/03-01-05-02-01-02-11.wav,ravdess,angry,strong,ravdess_11,male,3.970625,48000,1.984,val
data/raw/ravdess/Actor_11/03-01-05-02-02-01-11.wav,ravdess,angry,strong,ravdess_11,male,3.9372708333333337,48000,2.016,train
data/raw/ravdess/Actor_11/03-01-05-02-02-02-11.wav,ravdess,angry,strong,ravdess_11,male,3.7704375,48000,1.824,val
data/raw/ravdess/Actor_11/03-01-06-01-01-01-11.wav,ravdess,fearful,normal,ravdess_11,male,3.470125,48000,1.6,val
data/raw/ravdess/Actor_11/03-01-06-01-01-02-11.wav,ravdess,fearful,normal,ravdess_11,male,3.5035,48000,1.664,train
data/raw/ravdess/Actor_11/03-01-06-01-02-01-11.wav,ravdess,fearful,normal,ravdess_11,male,3.1698333333333335,48000,1.312,train
data/raw/ravdess/Actor_11/03-01-06-01-02-02-11.wav,ravdess,fearful,normal,ravdess_11,male,3.2032083333333334,48000,1.312,train
data/raw/ravdess/Actor_11/03-01-06-02-01-01-11.wav,ravdess,fearful,strong,ravdess_11,male,3.2032083333333334,48000,1.312,train
data/raw/ravdess/Actor_11/03-01-06-02-01-02-11.wav,ravdess,fearful,strong,ravdess_11,male,3.2032083333333334,48000,1.344,test
data/raw/ravdess/Actor_11/03-01-06-02-02-01-11.wav,ravdess,fearful,strong,ravdess_11,male,3.06975,48000,1.216,train
data/raw/ravdess/Actor_11/03-01-06-02-02-02-11.wav,ravdess,fearful,strong,ravdess_11,male,3.136458333333333,48000,1.472,train
data/raw/ravdess/Actor_11/03-01-07-01-01-01-11.wav,ravdess,disgust,normal,ravdess_11,male,3.670333333333333,48000,1.76,val
data/raw/ravdess/Actor_11/03-01-07-01-01-02-11.wav,ravdess,disgust,normal,ravdess_11,male,3.6036041666666665,48000,1.664,train
data/raw/ravdess/Actor_11/03-01-07-01-02-01-11.wav,ravdess,disgust,normal,ravdess_11,male,3.470125,48000,1.536,val
data/raw/ravdess/Actor_11/03-01-07-01-02-02-11.wav,ravdess,disgust,normal,ravdess_11,male,3.670333333333333,48000,1.888,train
data/raw/ravdess/Actor_11/03-01-07-02-01-01-11.wav,ravdess,disgust,strong,ravdess_11,male,3.8038125,48000,1.92,train
data/raw/ravdess/Actor_11/03-01-07-02-01-02-11.wav,ravdess,disgust,strong,ravdess_11,male,3.8038125,48000,2.8438125,test
data/raw/ravdess/Actor_11/03-01-07-02-02-01-11.wav,ravdess,disgust,strong,ravdess_11,male,3.7370625,48000,2.048,train
data/raw/ravdess/Actor_11/03-01-07-02-02-02-11.wav,ravdess,disgust,strong,ravdess_11,male,3.7370625,48000,1.92,train
data/raw/ravdess/Actor_11/03-01-08-01-01-01-11.wav,ravdess,surprised,normal,ravdess_11,male,3.069729166666667,48000,1.152,train
data/raw/ravdess/Actor_11/03-01-08-01-01-02-11.wav,ravdess,surprised,normal,ravdess_11,male,3.136458333333333,48000,1.184,train
data/raw/ravdess/Actor_11/03-01-08-01-02-01-11.wav,ravdess,surprised,normal,ravdess_11,male,3.1698333333333335,48000,1.248,test
data/raw/ravdess/Actor_11/03-01-08-01-02-02-11.wav,ravdess,surprised,normal,ravdess_11,male,2.969625,48000,1.12,train
data/raw/ravdess/Actor_11/03-01-08-02-01-01-11.wav,ravdess,surprised,strong,ravdess_11,male,3.069729166666667,48000,1.184,train
data/raw/ravdess/Actor_11/03-01-08-02-01-02-11.wav,ravdess,surprised,strong,ravdess_11,male,3.1031041666666668,48000,1.216,train
data/raw/ravdess/Actor_11/03-01-08-02-02-01-11.wav,ravdess,surprised,strong,ravdess_11,male,3.069729166666667,48000,1.184,train
data/raw/ravdess/Actor_11/03-01-08-02-02-02-11.wav,ravdess,surprised,strong,ravdess_11,male,3.069729166666667,48000,1.152,test
data/raw/ravdess/Actor_12/03-01-01-01-01-01-12.wav,ravdess,neutral,normal,ravdess_12,female,3.6369583333333337,48000,1.728,train
data/raw/ravdess/Actor_12/03-01-01-01-01-02-12.wav,ravdess,neutral,normal,ravdess_12,female,3.536875,48000,1.664,train
data/raw/ravdess/Actor_12/03-01-01-01-02-01-12.wav,ravdess,neutral,normal,ravdess_12,female,3.6036041666666665,48000,1.696,train
data/raw/ravdess/Actor_12/03-01-01-01-02-02-12.wav,ravdess,neutral,normal,ravdess_12,female,3.636979166666667,48000,1.76,train
data/raw/ravdess/Actor_12/03-01-02-01-01-01-12.wav,ravdess,calm,normal,ravdess_12,female,3.8705208333333334,48000,1.984,train
data/raw/ravdess/Actor_12/03-01-02-01-01-02-12.wav,ravdess,calm,normal,ravdess_12,female,3.7704166666666663,48000,1.824,test
data/raw/ravdess/Actor_12/03-01-02-01-02-01-12.wav,ravdess,calm,normal,ravdess_12,female,3.7704375,48000,1.856,test
data/raw/ravdess/Actor_12/03-01-02-01-02-02-12.wav,ravdess,calm,normal,ravdess_12,female,3.670333333333333,48000,1.76,val
data/raw/ravdess/Actor_12/03-01-02-02-01-01-12.wav,ravdess,calm,strong,ravdess_12,female,3.970625,48000,2.08,train
data/raw/ravdess/Actor_12/03-01-02-02-01-02-12.wav,ravdess,calm,strong,ravdess_12,female,3.7704375,48000,1.856,train
data/raw/ravdess/Actor_12/03-01-02-02-02-01-12.wav,ravdess,calm,strong,ravdess_12,female,3.7370833333333335,48000,1.824,train
data/raw/ravdess/Actor_12/03-01-02-02-02-02-12.wav,ravdess,calm,strong,ravdess_12,female,3.8038125,48000,1.888,train
data/raw/ravdess/Actor_12/03-01-03-01-01-01-12.wav,ravdess,happy,normal,ravdess_12,female,3.703708333333333,48000,1.728,val
data/raw/ravdess/Actor_12/03-01-03-01-01-02-12.wav,ravdess,happy,normal,ravdess_12,female,3.7370625,48000,1.792,val
data/raw/ravdess/Actor_12/03-01-03-01-02-01-12.wav,ravdess,happy,normal,ravdess_12,female,3.5035,48000,1.536,train
data/raw/ravdess/Actor_12/03-01-03-01-02-02-12.wav,ravdess,happy,normal,ravdess_12,female,3.7370833333333335,48000,1.76,train
data/raw/ravdess/Actor_12/03-01-03-02-01-01-12.wav,ravdess,happy,strong,ravdess_12,female,4.204208333333334,48000,1.792,val
data/raw/ravdess/Actor_12/03-01-03-02-01-02-12.wav,ravdess,happy,strong,ravdess_12,female,4.137458333333333,48000,1.888,train
data/raw/ravdess/Actor_12/03-01-03-02-02-01-12.wav,ravdess,happy,strong,ravdess_12,female,3.9039166666666665,48000,1.824,train
data/raw/ravdess/Actor_12/03-01-03-02-02-02-12.wav,ravdess,happy,strong,ravdess_12,female,3.970625,48000,1.984,train
data/raw/ravdess/Actor_12/03-01-04-01-01-01-12.wav,ravdess,sad,normal,ravdess_12,female,3.670333333333333,48000,1.632,test
data/raw/ravdess/Actor_12/03-01-04-01-01-02-12.wav,ravdess,sad,normal,ravdess_12,female,3.603583333333334,48000,2.515625,val
data/raw/ravdess/Actor_12/03-01-04-01-02-01-12.wav,ravdess,sad,normal,ravdess_12,female,3.670333333333333,48000,1.632,train
data/raw/ravdess/Actor_12/03-01-04-01-02-02-12.wav,ravdess,sad,normal,ravdess_12,female,3.5702291666666666,48000,1.664,train
data/raw/ravdess/Actor_12/03-01-04-02-01-01-12.wav,ravdess,sad,strong,ravdess_12,female,3.8705208333333334,48000,1.728,test
data/raw/ravdess/Actor_12/03-01-04-02-01-02-12.wav,ravdess,sad,strong,ravdess_12,female,3.7704375,48000,1.76,train
data/raw/ravdess/Actor_12/03-01-04-02-02-01-12.wav,ravdess,sad,strong,ravdess_12,female,3.8037916666666662,48000,2.7798125,train
data/raw/ravdess/Actor_12/03-01-04-02-02-02-12.wav,ravdess,sad,strong,ravdess_12,female,3.8705416666666665,48000,1.856,train
data/raw/ravdess/Actor_12/03-01-05-01-01-01-12.wav,ravdess,angry,normal,ravdess_12,female,4.2709375,48000,2.208,train
data/raw/ravdess/Actor_12/03-01-05-01-01-02-12.wav,ravdess,angry,normal,ravdess_12,female,3.970625,48000,2.016,train
data/raw/ravdess/Actor_12/03-01-05-01-02-01-12.wav,ravdess,angry,normal,ravdess_12,female,3.7370833333333335,48000,1.792,train
data/raw/ravdess/Actor_12/03-01-05-01-02-02-12.wav,ravdess,angry,normal,ravdess_12,female,4.137458333333333,48000,1.952,test
data/raw/ravdess/Actor_12/03-01-05-02-01-01-12.wav,ravdess,angry,strong,ravdess_12,female,3.6369583333333337,48000,1.632,train
data/raw/ravdess/Actor_12/03-01-05-02-01-02-12.wav,ravdess,angry,strong,ravdess_12,female,3.670333333333333,48000,1.664,train
data/raw/ravdess/Actor_12/03-01-05-02-02-01-12.wav,ravdess,angry,strong,ravdess_12,female,3.8038125,48000,1.792,train
data/raw/ravdess/Actor_12/03-01-05-02-02-02-12.wav,ravdess,angry,strong,ravdess_12,female,3.8371666666666666,48000,1.792,val
data/raw/ravdess/Actor_12/03-01-06-01-01-01-12.wav,ravdess,fearful,normal,ravdess_12,female,3.4034166666666668,48000,2.24,val
data/raw/ravdess/Actor_12/03-01-06-01-01-02-12.wav,ravdess,fearful,normal,ravdess_12,female,3.5035,48000,1.6,train
data/raw/ravdess/Actor_12/03-01-06-01-02-01-12.wav,ravdess,fearful,normal,ravdess_12,female,3.3700208333333332,48000,1.44,train
data/raw/ravdess/Actor_12/03-01-06-01-02-02-12.wav,ravdess,fearful,normal,ravdess_12,female,3.2032083333333334,48000,1.312,train
data/raw/ravdess/Actor_12/03-01-06-02-01-01-12.wav,ravdess,fearful,strong,ravdess_12,female,3.7370833333333335,48000,2.144,train
data/raw/ravdess/Actor_12/03-01-06-02-01-02-12.wav,ravdess,fearful,strong,ravdess_12,female,3.703708333333333,48000,2.144,train
data/raw/ravdess/Actor_12/03-01-06-02-02-01-12.wav,ravdess,fearful,strong,ravdess_12,female,3.4701458333333335,48000,1.6,train
data/raw/ravdess/Actor_12/03-01-06-02-02-02-12.wav,ravdess,fearful,strong,ravdess_12,female,3.670333333333333,48000,2.112,train
data/raw/ravdess/Actor_12/03-01-07-01-01-01-12.wav,ravdess,disgust,normal,ravdess_12,female,3.7370625,48000,1.824,train
data/raw/ravdess/Actor_12/03-01-07-01-01-02-12.wav,ravdess,disgust,normal,ravdess_12,female,3.703708333333333,48000,2.784,train
data/raw/ravdess/Actor_12/03-01-07-01-02-01-12.wav,ravdess,disgust,normal,ravdess_12,female,3.6036041666666665,48000,1.728,train
data/raw/ravdess/Actor_12/03-01-07-01-02-02-12.wav,ravdess,disgust,normal,ravdess_12,female,3.703708333333333,48000,1.856,train
data/raw/ravdess/Actor_12/03-01-07-02-01-01-12.wav,ravdess,disgust,strong,ravdess_12,female,3.970645833333333,48000,2.048,test
data/raw/ravdess/Actor_12/03-01-07-02-01-02-12.wav,ravdess,disgust,strong,ravdess_12,female,4.5378541666666665,48000,2.592,val
data/raw/ravdess/Actor_12/03-01-07-02-02-01-12.wav,ravdess,disgust,strong,ravdess_12,female,4.204208333333334,48000,2.208,test
data/raw/ravdess/Actor_12/03-01-07-02-02-02-12.wav,ravdess,disgust,strong,ravdess_12,female,3.970645833333333,48000,1.984,train
data/raw/ravdess/Actor_12/03-01-08-01-01-01-12.wav,ravdess,surprised,normal,ravdess_12,female,3.536875,48000,1.632,train
data/raw/ravdess/Actor_12/03-01-08-01-01-02-12.wav,ravdess,surprised,normal,ravdess_12,female,3.6369583333333337,48000,1.632,val
data/raw/ravdess/Actor_12/03-01-08-01-02-01-12.wav,ravdess,surprised,normal,ravdess_12,female,3.5035,48000,1.504,train
data/raw/ravdess/Actor_12/03-01-08-01-02-02-12.wav,ravdess,surprised,normal,ravdess_12,female,3.6036041666666665,48000,1.632,test
data/raw/ravdess/Actor_12/03-01-08-02-01-01-12.wav,ravdess,surprised,strong,ravdess_12,female,3.7036875,48000,1.696,train
data/raw/ravdess/Actor_12/03-01-08-02-01-02-12.wav,ravdess,surprised,strong,ravdess_12,female,3.7370625,48000,1.76,train
data/raw/ravdess/Actor_12/03-01-08-02-02-01-12.wav,ravdess,surprised,strong,ravdess_12,female,3.7370625,48000,1.792,train
data/raw/ravdess/Actor_12/03-01-08-02-02-02-12.wav,ravdess,surprised,strong,ravdess_12,female,3.670333333333333,48000,1.696,test
data/raw/ravdess/Actor_13/03-01-01-01-01-01-13.wav,ravdess,neutral,normal,ravdess_13,male,3.1698333333333335,48000,1.248,train
data/raw/ravdess/Actor_13/03-01-01-01-01-02-13.wav,ravdess,neutral,normal,ravdess_13,male,3.2031875,48000,1.248,val
data/raw/ravdess/Actor_13/03-01-01-01-02-01-13.wav,ravdess,neutral,normal,ravdess_13,male,3.069729166666667,48000,1.184,train
data/raw/ravdess/Actor_13/03-01-01-01-02-02-13.wav,ravdess,neutral,normal,ravdess_13,male,3.136458333333333,48000,1.216,train
data/raw/ravdess/Actor_13/03-01-02-01-01-01-13.wav,ravdess,calm,normal,ravdess_13,male,3.3032916666666665,48000,1.472,train
data/raw/ravdess/Actor_13/03-01-02-01-01-02-13.wav,ravdess,calm,normal,ravdess_13,male,3.1698333333333335,48000,1.312,train
data/raw/ravdess/Actor_13/03-01-02-01-02-01-13.wav,ravdess,calm,normal,ravdess_13,male,3.136458333333333,48000,1.312,train
data/raw/ravdess/Actor_13/03-01-02-01-02-02-13.wav,ravdess,calm,normal,ravdess_13,male,2.9362708333333334,48000,1.152,train
data/raw/ravdess/Actor_13/03-01-02-02-01-01-13.wav,ravdess,calm,strong,ravdess_13,male,3.1364791666666667,48000,1.312,train
data/raw/ravdess/Actor_13/03-01-02-02-01-02-13.wav,ravdess,calm,strong,ravdess_13,male,3.2032083333333334,48000,1.344,train
data/raw/ravdess/Actor_13/03-01-02-02-02-01-13.wav,ravdess,calm,strong,ravdess_13,male,3.003,48000,1.152,train
data/raw/ravdess/Actor_13/03-01-02-02-02-02-13.wav,ravdess,calm,strong,ravdess_13,male,3.0363541666666665,48000,1.152,train
data/raw/ravdess/Actor_13/03-01-03-01-01-01-13.wav,ravdess,happy,normal,ravdess_13,male,3.2365625,48000,1.28,train
data/raw/ravdess/Actor_13/03-01-03-01-01-02-13.wav,ravdess,happy,normal,ravdess_13,male,3.2032083333333334,48000,1.312,train
data/raw/ravdess/Actor_13/03-01-03-01-02-01-13.wav,ravdess,happy,normal,ravdess_13,male,3.1364791666666667,48000,1.216,train
data/raw/ravdess/Actor_13/03-01-03-01-02-02-13.wav,ravdess,happy,normal,ravdess_13,male,3.2032083333333334,48000,1.376,train
data/raw/ravdess/Actor_13/03-01-03-02-01-01-13.wav,ravdess,happy,strong,ravdess_13,male,3.4367708333333336,48000,1.6,train
data/raw/ravdess/Actor_13/03-01-03-02-01-02-13.wav,ravdess,happy,strong,ravdess_13,male,3.6036041666666665,48000,2.016,test
data/raw/ravdess/Actor_13/03-01-03-02-02-01-13.wav,ravdess,happy,strong,ravdess_13,male,3.3700208333333332,48000,1.504,train
data/raw/ravdess/Actor_13/03-01-03-02-02-02-13.wav,ravdess,happy,strong,ravdess_13,male,3.3366666666666664,48000,1.472,train
data/raw/ravdess/Actor_13/03-01-04-01-01-01-13.wav,ravdess,sad,normal,ravdess_13,male,3.5702291666666666,48000,1.664,train
data/raw/ravdess/Actor_13/03-01-04-01-01-02-13.wav,ravdess,sad,normal,ravdess_13,male,3.536854166666666,48000,1.632,train
data/raw/ravdess/Actor_13/03-01-04-01-02-01-13.wav,ravdess,sad,normal,ravdess_13,male,3.4367708333333336,48000,1.568,train
data/raw/ravdess/Actor_13/03-01-04-01-02-02-13.wav,ravdess,sad,normal,ravdess_13,male,3.370041666666667,48000,1.44,train
data/raw/ravdess/Actor_13/03-01-04-02-01-01-13.wav,ravdess,sad,strong,ravdess_13,male,3.3366666666666664,48000,1.408,train
data/raw/ravdess/Actor_13/03-01-04-02-01-02-13.wav,ravdess,sad,strong,ravdess_13,male,3.3032916666666665,48000,1.408,train
data/raw/ravdess/Actor_13/03-01-04-02-02-01-13.wav,ravdess,sad,strong,ravdess_13,male,3.4367708333333336,48000,1.568,train
data/raw/ravdess/Actor_13/03-01-04-02-02-02-13.wav,ravdess,sad,strong,ravdess_13,male,3.2031875,48000,1.376,train
data/raw/ravdess/Actor_13/03-01-05-01-01-01-13.wav,ravdess,angry,normal,ravdess_13,male,3.4367708333333336,48000,1.536,train
data/raw/ravdess/Actor_13/03-01-05-01-01-02-13.wav,ravdess,angry,normal,ravdess_13,male,3.536854166666666,48000,1.6,train
data/raw/ravdess/Actor_13/03-01-05-01-02-01-13.wav,ravdess,angry,normal,ravdess_13,male,3.6036041666666665,48000,1.664,val
data/raw/ravdess/Actor_13/03-01-05-01-02-02-13.wav,ravdess,angry,normal,ravdess_13,male,3.3700208333333332,48000,1.504,test
data/raw/ravdess/Actor_13/03-01-05-02-01-01-13.wav,ravdess,angry,strong,ravdess_13,male,3.670333333333333,48000,1.696,val
data/raw/ravdess/Actor_13/03-01-05-02-01-02-13.wav,ravdess,angry,strong,ravdess_13,male,4.2709375,48000,2.272,train
data/raw/ravdess/Actor_13/03-01-05-02-02-01-13.wav,ravdess,angry,strong,ravdess_13,male,3.5702291666666666,48000,1.696,train
data/raw/ravdess/Actor_13/03-01-05-02-02-02-13.wav,ravdess,angry,strong,ravdess_13,male,4.170833333333333,48000,2.24,train
data/raw/ravdess/Actor_13/03-01-06-01-01-01-13.wav,ravdess,fearful,normal,ravdess_13,male,3.1364791666666667,48000,1.248,train
data/raw/ravdess/Actor_13/03-01-06-01-01-02-13.wav,ravdess,fearful,normal,ravdess_13,male,3.1698333333333335,48000,1.312,test
data/raw/ravdess/Actor_13/03-01-06-01-02-01-13.wav,ravdess,fearful,normal,ravdess_13,male,3.2032083333333334,48000,1.344,test
data/raw/ravdess/Actor_13/03-01-06-01-02-02-13.wav,ravdess,fearful,normal,ravdess_13,male,3.2365625,48000,1.344,train
data/raw/ravdess/Actor_13/03-01-06-02-01-01-13.wav,ravdess,fearful,strong,ravdess_13,male,3.370041666666667,48000,1.472,train
data/raw/ravdess/Actor_13/03-01-06-02-01-02-13.wav,ravdess,fearful,strong,ravdess_13,male,3.2699375,48000,1.408,train
data/raw/ravdess/Actor_13/03-01-06-02-02-01-13.wav,ravdess,fearful,strong,ravdess_13,male,3.5035,48000,1.6,train
data/raw/ravdess/Actor_13/03-01-06-02-02-02-13.wav,ravdess,fearful,strong,ravdess_13,male,3.2032083333333334,48000,1.312,train
data/raw/ravdess/Actor_13/03-01-07-01-01-01-13.wav,ravdess,disgust,normal,ravdess_13,male,3.136458333333333,48000,1.28,train
data/raw/ravdess/Actor_13/03-01-07-01-01-02-13.wav,ravdess,disgust,normal,ravdess_13,male,3.1698333333333335,48000,1.344,train
data/raw/ravdess/Actor_13/03-01-07-01-02-01-13.wav,ravdess,disgust,normal,ravdess_13,male,3.2699375,48000,1.408,train
data/raw/ravdess/Actor_13/03-01-07-01-02-02-13.wav,ravdess,disgust,normal,ravdess_13,male,3.2365625,48000,1.376,train
data/raw/ravdess/Actor_13/03-01-07-02-01-01-13.wav,ravdess,disgust,strong,ravdess_13,male,3.403395833333333,48000,1.568,test
data/raw/ravdess/Actor_13/03-01-07-02-01-02-13.wav,ravdess,disgust,strong,ravdess_13,male,3.703708333333333,48000,1.792,train
data/raw/ravdess/Actor_13/03-01-07-02-02-01-13.wav,ravdess,disgust,strong,ravdess_13,male,3.403395833333333,48000,1.536,train
data/raw/ravdess/Actor_13/03-01-07-02-02-02-13.wav,ravdess,disgust,strong,ravdess_13,male,3.4367708333333336,48000,1.536,train
data/raw/ravdess/Actor_13/03-01-08-01-01-01-13.wav,ravdess,surprised,normal,ravdess_13,male,3.403395833333333,48000,1.472,train
data/raw/ravdess/Actor_13/03-01-08-01-01-02-13.wav,ravdess,surprised,normal,ravdess_13,male,3.136458333333333,48000,1.248,test
data/raw/ravdess/Actor_13/03-01-08-01-02-01-13.wav,ravdess,surprised,normal,ravdess_13,male,3.1364791666666667,48000,1.216,train
data/raw/ravdess/Actor_13/03-01-08-01-02-02-13.wav,ravdess,surprised,normal,ravdess_13,male,3.036375,48000,1.152,test
data/raw/ravdess/Actor_13/03-01-08-02-01-01-13.wav,ravdess,surprised,strong,ravdess_13,male,3.3366666666666664,48000,1.408,val
data/raw/ravdess/Actor_13/03-01-08-02-01-02-13.wav,ravdess,surprised,strong,ravdess_13,male,3.3032916666666665,48000,1.408,val
data/raw/ravdess/Actor_13/03-01-08-02-02-01-13.wav,ravdess,surprised,strong,ravdess_13,male,3.3366666666666664,48000,1.408,train
data/raw/ravdess/Actor_13/03-01-08-02-02-02-13.wav,ravdess,surprised,strong,ravdess_13,male,3.3032916666666665,48000,1.408,test
data/raw/ravdess/Actor_14/03-01-01-01-01-01-14.wav,ravdess,neutral,normal,ravdess_14,female,3.470125,48000,1.536,train
data/raw/ravdess/Actor_14/03-01-01-01-01-02-14.wav,ravdess,neutral,normal,ravdess_14,female,3.3366666666666664,48000,1.408,val
data/raw/ravdess/Actor_14/03-01-01-01-02-01-14.wav,ravdess,neutral,normal,ravdess_14,female,3.4701458333333335,48000,1.504,train
data/raw/ravdess/Actor_14/03-01-01-01-02-02-14.wav,ravdess,neutral,normal,ravdess_14,female,3.5702291666666666,48000,1.6,train
data/raw/ravdess/Actor_14/03-01-02-01-01-01-14.wav,ravdess,calm,normal,ravdess_14,female,3.7370625,48000,1.792,val
data/raw/ravdess/Actor_14/03-01-02-01-01-02-14.wav,ravdess,calm,normal,ravdess_14,female,3.5702291666666666,48000,1.664,train
data/raw/ravdess/Actor_14/03-01-02-01-02-01-14.wav,ravdess,calm,normal,ravdess_14,female,3.4034166666666668,48000,1.504,train
data/raw/ravdess/Actor_14/03-01-02-01-02-02-14.wav,ravdess,calm,normal,ravdess_14,female,3.5035,48000,1.568,val
data/raw/ravdess/Actor_14/03-01-02-02-01-01-14.wav,ravdess,calm,strong,ravdess_14,female,3.8705208333333334,48000,1.888,test
data/raw/ravdess/Actor_14/03-01-02-02-01-02-14.wav,ravdess,calm,strong,ravdess_14,female,3.903895833333334,48000,1.952,train
data/raw/ravdess/Actor_14/03-01-02-02-02-01-14.wav,ravdess,calm,strong,ravdess_14,female,3.7370625,48000,1.728,train
data/raw/ravdess/Actor_14/03-01-02-02-02-02-14.wav,ravdess,calm,strong,ravdess_14,female,3.7704375,48000,1.888,train
data/raw/ravdess/Actor_14/03-01-03-01-01-01-14.wav,ravdess,happy,normal,ravdess_14,female,3.703708333333333,48000,1.696,train
data/raw/ravdess/Actor_14/03-01-03-01-01-02-14.wav,ravdess,happy,normal,ravdess_14,female,3.670333333333333,48000,1.728,val
data/raw/ravdess/Actor_14/03-01-03-01-02-01-14.wav,ravdess,happy,normal,ravdess_14,female,3.403395833333333,48000,1.408,test
data/raw/ravdess/Actor_14/03-01-03-01-02-02-14.wav,ravdess,happy,normal,ravdess_14,female,3.470125,48000,1.536,train
data/raw/ravdess/Actor_14/03-01-03-02-01-01-14.wav,ravdess,happy,strong,ravdess_14,female,3.7704166666666663,48000,1.76,train
data/raw/ravdess/Actor_14/03-01-03-02-01-02-14.wav,ravdess,happy,strong,ravdess_14,female,3.7370625,48000,1.728,val
data/raw/ravdess/Actor_14/03-01-03-02-02-01-14.wav,ravdess,happy,strong,ravdess_14,female,3.8371666666666666,48000,1.792,train
data/raw/ravdess/Actor_14/03-01-03-02-02-02-14.wav,ravdess,happy,strong,ravdess_14,female,3.7370625,48000,1.728,train
data/raw/ravdess/Actor_14/03-01-04-01-01-01-14.wav,ravdess,sad,normal,ravdess_14,female,3.7370625,48000,1.728,train
data/raw/ravdess/Actor_14/03-01-04-01-01-02-14.wav,ravdess,sad,normal,ravdess_14,female,3.6036041666666665,48000,1.664,train
data/raw/ravdess/Actor_14/03-01-04-01-02-01-14.wav,ravdess,sad,normal,ravdess_14,female,3.6036041666666665,48000,1.504,train
data/raw/ravdess/Actor_14/03-01-04-01-02-02-14.wav,ravdess,sad,normal,ravdess_14,female,3.536875,48000,1.536,train
data/raw/ravdess/Actor_14/03-01-04-02-01-01-14.wav,ravdess,sad,strong,ravdess_14,female,3.8705208333333334,48000,1.888,test
data/raw/ravdess/Actor_14/03-01-04-02-01-02-14.wav,ravdess,sad,strong,ravdess_14,female,3.670333333333333,48000,1.728,train
data/raw/ravdess/Actor_14/03-01-04-02-02-01-14.wav,ravdess,sad,strong,ravdess_14,female,3.670333333333333,48000,1.664,train
data/raw/ravdess/Actor_14/03-01-04-02-02-02-14.wav,ravdess,sad,strong,ravdess_14,female,3.9039166666666665,48000,1.92,train
data/raw/ravdess/Actor_14/03-01-05-01-01-01-14.wav,ravdess,angry,normal,ravdess_14,female,3.603583333333334,48000,1.504,train
data/raw/ravdess/Actor_14/03-01-05-01-01-02-14.wav,ravdess,angry,normal,ravdess_14,female,3.703708333333333,48000,1.664,val
data/raw/ravdess/Actor_14/03-01-05-01-02-01-14.wav,ravdess,angry,normal,ravdess_14,female,3.7370625,48000,1.664,train
data/raw/ravdess/Actor_14/03-01-05-01-02-02-14.wav,ravdess,angry,normal,ravdess_14,female,3.9039166666666665,48000,1.888,val
data/raw/ravdess/Actor_14/03-01-05-02-01-01-14.wav,ravdess,angry,strong,ravdess_14,female,4.2709375,48000,2.208,train
data/raw/ravdess/Actor_14/03-01-05-02-01-02-14.wav,ravdess,angry,strong,ravdess_14,female,4.371020833333334,48000,2.336,train
data/raw/ravdess/Actor_14/03-01-05-02-02-01-14.wav,ravdess,angry,strong,ravdess_14,female,4.170833333333333,48000,2.112,train
data/raw/ravdess/Actor_14/03-01-05-02-02-02-14.wav,ravdess,angry,strong,ravdess_14,female,4.404416666666667,48000,2.368,train
data/raw/ravdess/Actor_14/03-01-06-01-01-01-14.wav,ravdess,fearful,normal,ravdess_14,female,3.3700208333333332,48000,1.472,val
data/raw/ravdess/Actor_14/03-01-06-01-01-02-14.wav,ravdess,fearful,normal,ravdess_14,female,3.5702291666666666,48000,1.888,train
data/raw/ravdess/Actor_14/03-01-06-01-02-01-14.wav,ravdess,fearful,normal,ravdess_14,female,3.370041666666667,48000,1.408,val
data/raw/ravdess/Actor_14/03-01-06-01-02-02-14.wav,ravdess,fearful,normal,ravdess_14,female,3.3700208333333332,48000,1.376,val
data/raw/ravdess/Actor_14/03-01-06-02-01-01-14.wav,ravdess,fearful,strong,ravdess_14,female,3.3700208333333332,48000,1.344,train
data/raw/ravdess/Actor_14/03-01-06-02-01-02-14.wav,ravdess,fearful,strong,ravdess_14,female,3.403395833333333,48000,1.344,train
data/raw/ravdess/Actor_14/03-01-06-02-02-01-14.wav,ravdess,fearful,strong,ravdess_14,female,3.5035,48000,1.472,train
data/raw/ravdess/Actor_14/03-01-06-02-02-02-14.wav,ravdess,fearful,strong,ravdess_14,female,3.470125,48000,1.44,train
data/raw/ravdess/Actor_14/03-01-07-01-01-01-14.wav,ravdess,disgust,normal,ravdess_14,female,3.7704166666666663,48000,2.016,train
data/raw/ravdess/Actor_14/03-01-07-01-01-02-14.wav,ravdess,disgust,normal,ravdess_14,female,3.6369583333333337,48000,1.696,test
data/raw/ravdess/Actor_14/03-01-07-01-02-01-14.wav,ravdess,disgust,normal,ravdess_14,female,3.7370625,48000,1.824,test
data/raw/ravdess/Actor_14/03-01-07-01-02-02-14.wav,ravdess,disgust,normal,ravdess_14,female,3.7704375,48000,1.824,train
data/raw/ravdess/Actor_14/03-01-07-02-01-01-14.wav,ravdess,disgust,strong,ravdess_14,female,3.93725,48000,1.984,val
data/raw/ravdess/Actor_14/03-01-07-02-01-02-14.wav,ravdess,disgust,strong,ravdess_14,female,3.7370625,48000,1.792,train
data/raw/ravdess/Actor_14/03-01-07-02-02-01-14.wav,ravdess,disgust,strong,ravdess_14,female,3.670333333333333,48000,1.696,val
data/raw/ravdess/Actor_14/03-01-07-02-02-02-14.wav,ravdess,disgust,strong,ravdess_14,female,3.8037916666666662,48000,1.824,val
data/raw/ravdess/Actor_14/03-01-08-01-01-01-14.wav,ravdess,surprised,normal,ravdess_14,female,3.636979166666667,48000,1.728,train
data/raw/ravdess/Actor_14/03-01-08-01-01-02-14.wav,ravdess,surprised,normal,ravdess_14,female,3.57025,48000,1.632,train
data/raw/ravdess/Actor_14/03-01-08-01-02-01-14.wav,ravdess,surprised,normal,ravdess_14,female,3.2032083333333334,48000,1.248,train
data/raw/ravdess/Actor_14/03-01-08-01-02-02-14.wav,ravdess,surprised,normal,ravdess_14,female,3.3032916666666665,48000,1.408,train
data/raw/ravdess/Actor_14/03-01-08-02-01-01-14.wav,ravdess,surprised,strong,ravdess_14,female,3.970625,48000,2.016,train
data/raw/ravdess/Actor_14/03-01-08-02-01-02-14.wav,ravdess,surprised,strong,ravdess_14,female,3.703708333333333,48000,1.728,train
data/raw/ravdess/Actor_14/03-01-08-02-02-01-14.wav,ravdess,surprised,strong,ravdess_14,female,3.703708333333333,48000,1.728,test
data/raw/ravdess/Actor_14/03-01-08-02-02-02-14.wav,ravdess,surprised,strong,ravdess_14,female,3.7370625,48000,1.792,train
data/raw/ravdess/Actor_15/03-01-01-01-01-01-15.wav,ravdess,neutral,normal,ravdess_15,male,3.370041666666667,48000,1.376,train
data/raw/ravdess/Actor_15/03-01-01-01-01-02-15.wav,ravdess,neutral,normal,ravdess_15,male,3.4367708333333336,48000,1.408,train
data/raw/ravdess/Actor_15/03-01-01-01-02-01-15.wav,ravdess,neutral,normal,ravdess_15,male,3.43675,48000,1.472,train
data/raw/ravdess/Actor_15/03-01-01-01-02-02-15.wav,ravdess,neutral,normal,ravdess_15,male,3.403395833333333,48000,1.44,train
data/raw/ravdess/Actor_15/03-01-02-01-01-01-15.wav,ravdess,calm,normal,ravdess_15,male,3.57025,48000,1.6,val
data/raw/ravdess/Actor_15/03-01-02-01-01-02-15.wav,ravdess,calm,normal,ravdess_15,male,3.5702291666666666,48000,1.6,train
data/raw/ravdess/Actor_15/03-01-02-01-02-01-15.wav,ravdess,calm,normal,ravdess_15,male,3.7370625,48000,2.7450625,train
data/raw/ravdess/Actor_15/03-01-02-01-02-02-15.wav,ravdess,calm,normal,ravdess_15,male,3.5702291666666666,48000,1.632,train
data/raw/ravdess/Actor_15/03-01-02-02-01-01-15.wav,ravdess,calm,strong,ravdess_15,male,3.670333333333333,48000,1.696,val
data/raw/ravdess/Actor_15/03-01-02-02-01-02-15.wav,ravdess,calm,strong,ravdess_15,male,3.8038125,48000,2.208,test
data/raw/ravdess/Actor_15/03-01-02-02-02-01-15.wav,ravdess,calm,strong,ravdess_15,male,3.9372708333333337,48000,2.528,train
data/raw/ravdess/Actor_15/03-01-02-02-02-02-15.wav,ravdess,calm,strong,ravdess_15,male,3.603583333333334,48000,2.496,train
data/raw/ravdess/Actor_15/03-01-03-01-01-01-15.wav,ravdess,happy,normal,ravdess_15,male,3.403395833333333,48000,1.44,train
data/raw/ravdess/Actor_15/03-01-03-01-01-02-15.wav,ravdess,happy,normal,ravdess_15,male,3.3366666666666664,48000,2.208,test
data/raw/ravdess/Actor_15/03-01-03-01-02-01-15.wav,ravdess,happy,normal,ravdess_15,male,3.3366666666666664,48000,1.568,train
data/raw/ravdess/Actor_15/03-01-03-01-02-02-15.wav,ravdess,happy,normal,ravdess_15,male,3.4367708333333336,48000,1.44,train
data/raw/ravdess/Actor_15/03-01-03-02-01-01-15.wav,ravdess,happy,strong,ravdess_15,male,3.5702291666666666,48000,1.76,test
data/raw/ravdess/Actor_15/03-01-03-02-01-02-15.wav,ravdess,happy,strong,ravdess_15,male,3.470125,48000,1.472,train
data/raw/ravdess/Actor_15/03-01-03-02-02-01-15.wav,ravdess,happy,strong,ravdess_15,male,3.8037916666666662,48000,1.856,val
data/raw/ravdess/Actor_15/03-01-03-02-02-02-15.wav,ravdess,happy,strong,ravdess_15,male,3.370041666666667,48000,1.408,train
data/raw/ravdess/Actor_15/03-01-04-01-01-01-15.wav,ravdess,sad,normal,ravdess_15,male,3.5035,48000,2.08,train
data/raw/ravdess/Actor_15/03-01-04-01-01-02-15.wav,ravdess,sad,normal,ravdess_15,male,3.3032916666666665,48000,1.344,train
data/raw/ravdess/Actor_15/03-01-04-01-02-01-15.wav,ravdess,sad,normal,ravdess_15,male,3.3033125,48000,1.408,val
data/raw/ravdess/Actor_15/03-01-04-01-02-02-15.wav,ravdess,sad,normal,ravdess_15,male,3.3700208333333332,48000,1.984,train
data/raw/ravdess/Actor_15/03-01-04-02-01-01-15.wav,ravdess,sad,strong,ravdess_15,male,3.2699166666666666,48000,1.696,train
data/raw/ravdess/Actor_15/03-01-04-02-01-02-15.wav,ravdess,sad,strong,ravdess_15,male,3.403395833333333,48000,1.792,train
data/raw/ravdess/Actor_15/03-01-04-02-02-01-15.wav,ravdess,sad,strong,ravdess_15,male,3.536875,48000,1.568,train
data/raw/ravdess/Actor_15/03-01-04-02-02-02-15.wav,ravdess,sad,strong,ravdess_15,male,3.4367708333333336,48000,2.24,val
data/raw/ravdess/Actor_15/03-01-05-01-01-01-15.wav,ravdess,angry,normal,ravdess_15,male,3.636979166666667,48000,1.568,train
data/raw/ravdess/Actor_15/03-01-05-01-01-02-15.wav,ravdess,angry,normal,ravdess_15,male,3.6036041666666665,48000,1.632,train
data/raw/ravdess/Actor_15/03-01-05-01-02-01-15.wav,ravdess,angry,normal,ravdess_15,male,3.703708333333333,48000,2.4,train
data/raw/ravdess/Actor_15/03-01-05-01-02-02-15.wav,ravdess,angry,normal,ravdess_15,male,3.536875,48000,1.536,val
data/raw/ravdess/Actor_15/03-01-05-02-01-01-15.wav,ravdess,angry,strong,ravdess_15,male,3.536875,48000,1.536,train
data/raw/ravdess/Actor_15/03-01-05-02-01-02-15.wav,ravdess,angry,strong,ravdess_15,male,3.7370833333333335,48000,1.728,train
data/raw/ravdess/Actor_15/03-01-05-02-02-01-15.wav,ravdess,angry,strong,ravdess_15,male,3.4701458333333335,48000,1.504,train
data/raw/ravdess/Actor_15/03-01-05-02-02-02-15.wav,ravdess,angry,strong,ravdess_15,male,3.6036041666666665,48000,1.6,train
data/raw/ravdess/Actor_15/03-01-06-01-01-01-15.wav,ravdess,fearful,normal,ravdess_15,male,3.3032916666666665,48000,2.112,train
data/raw/ravdess/Actor_15/03-01-06-01-01-02-15.wav,ravdess,fearful,normal,ravdess_15,male,3.3033125,48000,1.792,train
data/raw/ravdess/Actor_15/03-01-06-01-02-01-15.wav,ravdess,fearful,normal,ravdess_15,male,3.2699375,48000,1.824,train
data/raw/ravdess/Actor_15/03-01-06-01-02-02-15.wav,ravdess,fearful,normal,ravdess_15,male,3.3032916666666665,48000,1.952,train
data/raw/ravdess/Actor_15/03-01-06-02-01-01-15.wav,ravdess,fearful,strong,ravdess_15,male,3.3366666666666664,48000,1.888,train
data/raw/ravdess/Actor_15/03-01-06-02-01-02-15.wav,ravdess,fearful,strong,ravdess_15,male,3.4701458333333335,48000,1.824,train
data/raw/ravdess/Actor_15/03-01-06-02-02-01-15.wav,ravdess,fearful,strong,ravdess_15,male,3.3700208333333332,48000,2.144,train
data/raw/ravdess/Actor_15/03-01-06-02-02-02-15.wav,ravdess,fearful,strong,ravdess_15,male,3.5035,48000,1.504,test
data/raw/ravdess/Actor_15/03-01-07-01-01-01-15.wav,ravdess,disgust,normal,ravdess_15,male,3.7370625,48000,2.112,train
data/raw/ravdess/Actor_15/03-01-07-01-01-02-15.wav,ravdess,disgust,normal,ravdess_15,male,3.6369583333333337,48000,1.76,train
data/raw/ravdess/Actor_15/03-01-07-01-02-01-15.wav,ravdess,disgust,normal,ravdess_15,male,3.670333333333333,48000,1.952,train
data/raw/ravdess/Actor_15/03-01-07-01-02-02-15.wav,ravdess,disgust,normal,ravdess_15,male,4.070729166666666,48000,2.368,train
data/raw/ravdess/Actor_15/03-01-07-02-01-01-15.wav,ravdess,disgust,strong,ravdess_15,male,3.7036875,48000,1.76,train
data/raw/ravdess/Actor_15/03-01-07-02-01-02-15.wav,ravdess,disgust,strong,ravdess_15,male,3.370041666666667,48000,2.144,val
data/raw/ravdess/Actor_15/03-01-07-02-02-01-15.wav,ravdess,disgust,strong,ravdess_15,male,3.3033125,48000,2.272,train
data/raw/ravdess/Actor_15/03-01-07-02-02-02-15.wav,ravdess,disgust,strong,ravdess_15,male,3.4701458333333335,48000,1.728,train
data/raw/ravdess/Actor_15/03-01-08-01-01-01-15.wav,ravdess,surprised,normal,ravdess_15,male,3.636979166666667,48000,2.56,train
data/raw/ravdess/Actor_15/03-01-08-01-01-02-15.wav,ravdess,surprised,normal,ravdess_15,male,3.4367708333333336,48000,1.472,train
data/raw/ravdess/Actor_15/03-01-08-01-02-01-15.wav,ravdess,surprised,normal,ravdess_15,male,3.703708333333333,48000,1.76,train
data/raw/ravdess/Actor_15/03-01-08-01-02-02-15.wav,ravdess,surprised,normal,ravdess_15,male,3.370041666666667,48000,1.376,train
data/raw/ravdess/Actor_15/03-01-08-02-01-01-15.wav,ravdess,surprised,strong,ravdess_15,male,3.3700208333333332,48000,1.376,train
data/raw/ravdess/Actor_15/03-01-08-02-01-02-15.wav,ravdess,surprised,strong,ravdess_15,male,3.3032916666666665,48000,1.664,test
data/raw/ravdess/Actor_15/03-01-08-02-02-01-15.wav,ravdess,surprised,strong,ravdess_15,male,3.2032083333333334,48000,1.248,val
data/raw/ravdess/Actor_15/03-01-08-02-02-02-15.wav,ravdess,surprised,strong,ravdess_15,male,3.3366666666666664,48000,1.376,train
data/raw/ravdess/Actor_16/03-01-01-01-01-01-16.wav,ravdess,neutral,normal,ravdess_16,female,3.7370625,48000,1.824,train
data/raw/ravdess/Actor_16/03-01-01-01-01-02-16.wav,ravdess,neutral,normal,ravdess_16,female,3.7370833333333335,48000,1.856,train
data/raw/ravdess/Actor_16/03-01-01-01-02-01-16.wav,ravdess,neutral,normal,ravdess_16,female,3.6036041666666665,48000,1.728,train
data/raw/ravdess/Actor_16/03-01-01-01-02-02-16.wav,ravdess,neutral,normal,ravdess_16,female,3.5702291666666666,48000,1.632,train
data/raw/ravdess/Actor_16/03-01-02-01-01-01-16.wav,ravdess,calm,normal,ravdess_16,female,3.7036875,48000,1.792,train
data/raw/ravdess/Actor_16/03-01-02-01-01-02-16.wav,ravdess,calm,normal,ravdess_16,female,3.8705208333333334,48000,1.984,test
data/raw/ravdess/Actor_16/03-01-02-01-02-01-16.wav,ravdess,calm,normal,ravdess_16,female,3.8037916666666662,48000,1.888,train
data/raw/ravdess/Actor_16/03-01-02-01-02-02-16.wav,ravdess,calm,normal,ravdess_16,female,3.670333333333333,48000,1.792,train
data/raw/ravdess/Actor_16/03-01-02-02-01-01-16.wav,ravdess,calm,strong,ravdess_16,female,3.8705208333333334,48000,1.952,train
data/raw/ravdess/Actor_16/03-01-02-02-01-02-16.wav,ravdess,calm,strong,ravdess_16,female,3.9372708333333337,48000,1.984,test
data/raw/ravdess/Actor_16/03-01-02-02-02-01-16.wav,ravdess,calm,strong,ravdess_16,female,3.8038125,48000,1.92,test
data/raw/ravdess/Actor_16/03-01-02-02-02-02-16.wav,ravdess,calm,strong,ravdess_16,female,3.8037916666666662,48000,1.92,train
data/raw/ravdess/Actor_16/03-01-03-01-01-01-16.wav,ravdess,happy,normal,ravdess_16,female,3.703708333333333,48000,1.664,train
data/raw/ravdess/Actor_16/03-01-03-01-01-02-16.wav,ravdess,happy,normal,ravdess_16,female,3.670333333333333,48000,1.696,train
data/raw/ravdess/Actor_16/03-01-03-01-02-01-16.wav,ravdess,happy,normal,ravdess_16,female,3.7370625,48000,1.76,train
data/raw/ravdess/Actor_16/03-01-03-01-02-02-16.wav,ravdess,happy,normal,ravdess_16,female,3.670333333333333,48000,1.696,test
data/raw/ravdess/Actor_16/03-01-03-02-01-01-16.wav,ravdess,happy,strong,ravdess_16,female,3.7704375,48000,1.856,train
data/raw/ravdess/Actor_16/03-01-03-02-01-02-16.wav,ravdess,happy,strong,ravdess_16,female,3.5702291666666666,48000,1.6,test
data/raw/ravdess/Actor_16/03-01-03-02-02-01-16.wav,ravdess,happy,strong,ravdess_16,female,3.7704166666666663,48000,1.76,train
data/raw/ravdess/Actor_16/03-01-03-02-02-02-16.wav,ravdess,happy,strong,ravdess_16,female,3.8038125,48000,1.792,train
data/raw/ravdess/Actor_16/03-01-04-01-01-01-16.wav,ravdess,sad,normal,ravdess_16,female,3.5702291666666666,48000,1.664,train
data/raw/ravdess/Actor_16/03-01-04-01-01-02-16.wav,ravdess,sad,normal,ravdess_16,female,3.6369583333333337,48000,1.696,train
data/raw/ravdess/Actor_16/03-01-04-01-02-01-16.wav,ravdess,sad,normal,ravdess_16,female,3.4034166666666668,48000,1.504,train
data/raw/ravdess/Actor_16/03-01-04-01-02-02-16.wav,ravdess,sad,normal,ravdess_16,female,3.5035,48000,1.664,val
data/raw/ravdess/Actor_16/03-01-04-02-01-01-16.wav,ravdess,sad,strong,ravdess_16,female,3.7370625,48000,2.112,train
data/raw/ravdess/Actor_16/03-01-04-02-01-02-16.wav,ravdess,sad,strong,ravdess_16,female,3.8038125,48000,2.24,train
data/raw/ravdess/Actor_16/03-01-04-02-02-01-16.wav,ravdess,sad,strong,ravdess_16,female,3.8705416666666665,48000,1.92,val
data/raw/ravdess/Actor_16/03-01-04-02-02-02-16.wav,ravdess,sad,strong,ravdess_16,female,3.7370625,48000,1.824,train
data/raw/ravdess/Actor_16/03-01-05-01-01-01-16.wav,ravdess,angry,normal,ravdess_16,female,3.970645833333333,48000,2.048,test
data/raw/ravdess/Actor_16/03-01-05-01-01-02-16.wav,ravdess,angry,normal,ravdess_16,female,4.004,48000,2.016,val
data/raw/ravdess/Actor_16/03-01-05-01-02-01-16.wav,ravdess,angry,normal,ravdess_16,female,3.903895833333334,48000,1.952,train
data/raw/ravdess/Actor_16/03-01-05-01-02-02-16.wav,ravdess,angry,normal,ravdess_16,female,3.903895833333334,48000,1.952,train
data/raw/ravdess/Actor_16/03-01-05-02-01-01-16.wav,ravdess,angry,strong,ravdess_16,female,3.970645833333333,48000,1.952,train
data/raw/ravdess/Actor_16/03-01-05-02-01-02-16.wav,ravdess,angry,strong,ravdess_16,female,3.7370625,48000,1.664,train
data/raw/ravdess/Actor_16/03-01-05-02-02-01-16.wav,ravdess,angry,strong,ravdess_16,female,3.8037916666666662,48000,1.76,train
data/raw/ravdess/Actor_16/03-01-05-02-02-02-16.wav,ravdess,angry,strong,ravdess_16,female,4.07075,48000,2.08,test
data/raw/ravdess/Actor_16/03-01-06-01-01-01-16.wav,ravdess,fearful,normal,ravdess_16,female,3.7036875,48000,1.632,train
data/raw/ravdess/Actor_16/03-01-06-01-01-02-16.wav,ravdess,fearful,normal,ravdess_16,female,3.5035,48000,1.568,train
data/raw/ravdess/Actor_16/03-01-06-01-02-01-16.wav,ravdess,fearful,normal,ravdess_16,female,3.6369583333333337,48000,1.664,val
data/raw/ravdess/Actor_16/03-01-06-01-02-02-16.wav,ravdess,fearful,normal,ravdess_16,female,3.5702291666666666,48000,1.6,train
data/raw/ravdess/Actor_16/03-01-06-02-01-01-16.wav,ravdess,fearful,strong,ravdess_16,female,3.7370625,48000,1.888,train
data/raw/ravdess/Actor_16/03-01-06-02-01-02-16.wav,ravdess,fearful,strong,ravdess_16,female,3.7370625,48000,1.664,train
data/raw/ravdess/Actor_16/03-01-06-02-02-01-16.wav,ravdess,fearful,strong,ravdess_16,female,3.536854166666666,48000,1.568,train
data/raw/ravdess/Actor_16/03-01-06-02-02-02-16.wav,ravdess,fearful,strong,ravdess_16,female,3.5035,48000,1.536,train
data/raw/ravdess/Actor_16/03-01-07-01-01-01-16.wav,ravdess,disgust,normal,ravdess_16,female,3.7704375,48000,1.824,val
data/raw/ravdess/Actor_16/03-01-07-01-01-02-16.wav,ravdess,disgust,normal,ravdess_16,female,3.7370625,48000,1.824,train
data/raw/ravdess/Actor_16/03-01-07-01-02-01-16.wav,ravdess,disgust,normal,ravdess_16,female,3.470125,48000,1.536,train
data/raw/ravdess/Actor_16/03-01-07-01-02-02-16.wav,ravdess,disgust,normal,ravdess_16,female,3.5702291666666666,48000,1.696,train
data/raw/ravdess/Actor_16/03-01-07-02-01-01-16.wav,ravdess,disgust,strong,ravdess_16,female,4.2709166666666665,48000,2.304,train
data/raw/ravdess/Actor_16/03-01-07-02-01-02-16.wav,ravdess,disgust,strong,ravdess_16,female,4.237583333333333,48000,2.304,val
data/raw/ravdess/Actor_16/03-01-07-02-02-01-16.wav,ravdess,disgust,strong,ravdess_16,female,4.137458333333333,48000,2.208,train
data/raw/ravdess/Actor_16/03-01-07-02-02-02-16.wav,ravdess,disgust,strong,ravdess_16,female,4.137479166666667,48000,2.176,train
data/raw/ravdess/Actor_16/03-01-08-01-01-01-16.wav,ravdess,surprised,normal,ravdess_16,female,3.536875,48000,1.568,train
data/raw/ravdess/Actor_16/03-01-08-01-01-02-16.wav,ravdess,surprised,normal,ravdess_16,female,3.43675,48000,1.44,train
data/raw/ravdess/Actor_16/03-01-08-01-02-01-16.wav,ravdess,surprised,normal,ravdess_16,female,3.5035,48000,1.568,train
data/raw/ravdess/Actor_16/03-01-08-01-02-02-16.wav,ravdess,surprised,normal,ravdess_16,female,3.4367708333333336,48000,1.44,val
data/raw/ravdess/Actor_16/03-01-08-02-01-01-16.wav,ravdess,surprised,strong,ravdess_16,female,3.536875,48000,1.6,train
data/raw/ravdess/Actor_16/03-01-08-02-01-02-16.wav,ravdess,surprised,strong,ravdess_16,female,3.536854166666666,48000,1.6,test
data/raw/ravdess/Actor_16/03-01-08-02-02-01-16.wav,ravdess,surprised,strong,ravdess_16,female,3.57025,48000,1.664,train
data/raw/ravdess/Actor_16/03-01-08-02-02-02-16.wav,ravdess,surprised,strong,ravdess_16,female,3.5702291666666666,48000,1.6,train
data/raw/ravdess/Actor_17/03-01-01-01-01-01-17.wav,ravdess,neutral,normal,ravdess_17,male,3.8371666666666666,48000,1.76,train
data/raw/ravdess/Actor_17/03-01-01-01-01-02-17.wav,ravdess,neutral,normal,ravdess_17,male,3.5035,48000,1.44,val
data/raw/ravdess/Actor_17/03-01-01-01-02-01-17.wav,ravdess,neutral,normal,ravdess_17,male,3.5035,48000,1.568,train
data/raw/ravdess/Actor_17/03-01-01-01-02-02-17.wav,ravdess,neutral,normal,ravdess_17,male,3.470125,48000,1.504,train
data/raw/ravdess/Actor_17/03-01-02-01-01-01-17.wav,ravdess,calm,normal,ravdess_17,male,3.5035,48000,1.408,train
data/raw/ravdess/Actor_17/03-01-02-01-01-02-17.wav,ravdess,calm,normal,ravdess_17,male,3.536875,48000,1.44,train
data/raw/ravdess/Actor_17/03-01-02-01-02-01-17.wav,ravdess,calm,normal,ravdess_17,male,3.7370833333333335,48000,1.664,test
data/raw/ravdess/Actor_17/03-01-02-01-02-02-17.wav,ravdess,calm,normal,ravdess_17,male,3.7704375,48000,1.728,val
data/raw/ravdess/Actor_17/03-01-02-02-01-01-17.wav,ravdess,calm,strong,ravdess_17,male,3.8705416666666665,48000,1.76,train
data/raw/ravdess/Actor_17/03-01-02-02-01-02-17.wav,ravdess,calm,strong,ravdess_17,male,3.6036041666666665,48000,1.568,test
data/raw/ravdess/Actor_17/03-01-02-02-02-01-17.wav,ravdess,calm,strong,ravdess_17,male,3.8371666666666666,48000,1.76,train
data/raw/ravdess/Actor_17/03-01-02-02-02-02-17.wav,ravdess,calm,strong,ravdess_17,male,3.536875,48000,1.536,val
data/raw/ravdess/Actor_17/03-01-03-01-01-01-17.wav,ravdess,happy,normal,ravdess_17,male,3.470125,48000,1.408,val
data/raw/ravdess/Actor_17/03-01-03-01-01-02-17.wav,ravdess,happy,normal,ravdess_17,male,3.536875,48000,1.472,train
data/raw/ravdess/Actor_17/03-01-03-01-02-01-17.wav,ravdess,happy,normal,ravdess_17,male,3.4701458333333335,48000,1.408,train
data/raw/ravdess/Actor_17/03-01-03-01-02-02-17.wav,ravdess,happy,normal,ravdess_17,male,3.536854166666666,48000,1.472,val
data/raw/ravdess/Actor_17/03-01-03-02-01-01-17.wav,ravdess,happy,strong,ravdess_17,male,3.7370625,48000,1.472,val
data/raw/ravdess/Actor_17/03-01-03-02-01-02-17.wav,ravdess,happy,strong,ravdess_17,male,4.104104166666667,48000,1.728,train
data/raw/ravdess/Actor_17/03-01-03-02-02-01-17.wav,ravdess,happy,strong,ravdess_17,male,3.7370625,48000,1.856,train
data/raw/ravdess/Actor_17/03-01-03-02-02-02-17.wav,ravdess,happy,strong,ravdess_17,male,3.8037916666666662,48000,1.696,val
data/raw/ravdess/Actor_17/03-01-04-01-01-01-17.wav,ravdess,sad,normal,ravdess_17,male,3.670333333333333,48000,1.44,train
data/raw/ravdess/Actor_17/03-01-04-01-01-02-17.wav,ravdess,sad,normal,ravdess_17,male,3.5035,48000,1.344,train
data/raw/ravdess/Actor_17/03-01-04-01-02-01-17.wav,ravdess,sad,normal,ravdess_17,male,3.5702291666666666,48000,1.44,train
data/raw/ravdess/Actor_17/03-01-04-01-02-02-17.wav,ravdess,sad,normal,ravdess_17,male,3.6036041666666665,48000,1.472,val
data/raw/ravdess/Actor_17/03-01-04-02-01-01-17.wav,ravdess,sad,strong,ravdess_17,male,3.670333333333333,48000,2.016,train
data/raw/ravdess/Actor_17/03-01-04-02-01-02-17.wav,ravdess,sad,strong,ravdess_17,male,3.703708333333333,48000,2.016,train
data/raw/ravdess/Actor_17/03-01-04-02-02-01-17.wav,ravdess,sad,strong,ravdess_17,male,3.6036041666666665,48000,2.208,train
data/raw/ravdess/Actor_17/03-01-04-02-02-02-17.wav,ravdess,sad,strong,ravdess_17,male,3.5702291666666666,48000,1.376,val
data/raw/ravdess/Actor_17/03-01-05-01-01-01-17.wav,ravdess,angry,normal,ravdess_17,male,3.4701458333333335,48000,1.376,val
data/raw/ravdess/Actor_17/03-01-05-01-01-02-17.wav,ravdess,angry,normal,ravdess_17,male,3.703708333333333,48000,1.504,train
data/raw/ravdess/Actor_17/03-01-05-01-02-01-17.wav,ravdess,angry,normal,ravdess_17,male,3.6036041666666665,48000,1.472,test
data/raw/ravdess/Actor_17/03-01-05-01-02-02-17.wav,ravdess,angry,normal,ravdess_17,male,3.536875,48000,1.472,train
data/raw/ravdess/Actor_17/03-01-05-02-01-01-17.wav,ravdess,angry,strong,ravdess_17,male,3.5035,48000,1.376,train
data/raw/ravdess/Actor_17/03-01-05-02-01-02-17.wav,ravdess,angry,strong,ravdess_17,male,3.7370625,48000,1.6,test
data/raw/ravdess/Actor_17/03-01-05-02-02-01-17.wav,ravdess,angry,strong,ravdess_17,male,3.636979166666667,48000,1.536,test
data/raw/ravdess/Actor_17/03-01-05-02-02-02-17.wav,ravdess,angry,strong,ravdess_17,male,3.8038125,48000,1.632,train
data/raw/ravdess/Actor_17/03-01-06-01-01-01-17.wav,ravdess,fearful,normal,ravdess_17,male,3.470125,48000,1.28,train
data/raw/ravdess/Actor_17/03-01-06-01-01-02-17.wav,ravdess,fearful,normal,ravdess_17,male,3.5035,48000,1.856,train
data/raw/ravdess/Actor_17/03-01-06-01-02-01-17.wav,ravdess,fearful,normal,ravdess_17,male,3.536875,48000,2.912,val
data/raw/ravdess/Actor_17/03-01-06-01-02-02-17.wav,ravdess,fearful,normal,ravdess_17,male,3.6369583333333337,48000,1.664,train
data/raw/ravdess/Actor_17/03-01-06-02-01-01-17.wav,ravdess,fearful,strong,ravdess_17,male,3.703708333333333,48000,1.6,train
data/raw/ravdess/Actor_17/03-01-06-02-01-02-17.wav,ravdess,fearful,strong,ravdess_17,male,3.7370625,48000,1.728,train
data/raw/ravdess/Actor_17/03-01-06-02-02-01-17.wav,ravdess,fearful,strong,ravdess_17,male,3.670333333333333,48000,1.696,train
data/raw/ravdess/Actor_17/03-01-06-02-02-02-17.wav,ravdess,fearful,strong,ravdess_17,male,3.8371666666666666,48000,1.92,train
data/raw/ravdess/Actor_17/03-01-07-01-01-01-17.wav,ravdess,disgust,normal,ravdess_17,male,3.8371666666666666,48000,1.6,train
data/raw/ravdess/Actor_17/03-01-07-01-01-02-17.wav,ravdess,disgust,normal,ravdess_17,male,3.703708333333333,48000,1.6,train
data/raw/ravdess/Actor_17/03-01-07-01-02-01-17.wav,ravdess,disgust,normal,ravdess_17,male,3.5702291666666666,48000,1.44,train
data/raw/ravdess/Actor_17/03-01-07-01-02-02-17.wav,ravdess,disgust,normal,ravdess_17,male,3.5035,48000,1.472,train
data/raw/ravdess/Actor_17/03-01-07-02-01-01-17.wav,ravdess,disgust,strong,ravdess_17,male,4.204208333333334,48000,1.952,test
data/raw/ravdess/Actor_17/03-01-07-02-01-02-17.wav,ravdess,disgust,strong,ravdess_17,male,4.170833333333333,48000,1.984,val
data/raw/ravdess/Actor_17/03-01-07-02-02-01-17.wav,ravdess,disgust,strong,ravdess_17,male,4.471145833333333,48000,2.656,train
data/raw/ravdess/Actor_17/03-01-07-02-02-02-17.wav,ravdess,disgust,strong,ravdess_17,male,4.604604166666666,48000,2.208,train
data/raw/ravdess/Actor_17/03-01-08-01-01-01-17.wav,ravdess,surprised,normal,ravdess_17,male,3.403395833333333,48000,1.248,train
data/raw/ravdess/Actor_17/03-01-08-01-01-02-17.wav,ravdess,surprised,normal,ravdess_17,male,3.6369583333333337,48000,1.792,train
data/raw/ravdess/Actor_17/03-01-08-01-02-01-17.wav,ravdess,surprised,normal,ravdess_17,male,3.370041666666667,48000,1.6,train
data/raw/ravdess/Actor_17/03-01-08-01-02-02-17.wav,ravdess,surprised,normal,ravdess_17,male,3.4367708333333336,48000,1.472,val
data/raw/ravdess/Actor_17/03-01-08-02-01-01-17.wav,ravdess,surprised,strong,ravdess_17,male,3.536875,48000,1.824,test
data/raw/ravdess/Actor_17/03-01-08-02-01-02-17.wav,ravdess,surprised,strong,ravdess_17,male,3.670333333333333,48000,1.728,test
data/raw/ravdess/Actor_17/03-01-08-02-02-01-17.wav,ravdess,surprised,strong,ravdess_17,male,3.4367708333333336,48000,1.28,val
data/raw/ravdess/Actor_17/03-01-08-02-02-02-17.wav,ravdess,surprised,strong,ravdess_17,male,3.536854166666666,48000,1.952,train
data/raw/ravdess/Actor_18/03-01-01-01-01-01-18.wav,ravdess,neutral,normal,ravdess_18,female,3.4701458333333335,48000,1.664,train
data/raw/ravdess/Actor_18/03-01-01-01-01-02-18.wav,ravdess,neutral,normal,ravdess_18,female,3.536875,48000,1.664,val
data/raw/ravdess/Actor_18/03-01-01-01-02-01-18.wav,ravdess,neutral,normal,ravdess_18,female,3.470125,48000,1.632,train
data/raw/ravdess/Actor_18/03-01-01-01-02-02-18.wav,ravdess,neutral,normal,ravdess_18,female,3.4701458333333335,48000,1.568,val
data/raw/ravdess/Actor_18/03-01-02-01-01-01-18.wav,ravdess,calm,normal,ravdess_18,female,3.470125,48000,1.568,val
data/raw/ravdess/Actor_18/03-01-02-01-01-02-18.wav,ravdess,calm,normal,ravdess_18,female,3.4034166666666668,48000,1.6,train
data/raw/ravdess/Actor_18/03-01-02-01-02-01-18.wav,ravdess,calm,normal,ravdess_18,female,3.636979166666667,48000,1.856,train
data/raw/ravdess/Actor_18/03-01-02-01-02-02-18.wav,ravdess,calm,normal,ravdess_18,female,3.5035,48000,1.696,train
data/raw/ravdess/Actor_18/03-01-02-02-01-01-18.wav,ravdess,calm,strong,ravdess_18,female,3.6036041666666665,48000,1.696,val
data/raw/ravdess/Actor_18/03-01-02-02-01-02-18.wav,ravdess,calm,strong,ravdess_18,female,3.6036041666666665,48000,1.792,train
data/raw/ravdess/Actor_18/03-01-02-02-02-01-18.wav,ravdess,calm,strong,ravdess_18,female,3.603583333333334,48000,1.792,train
data/raw/ravdess/Actor_18/03-01-02-02-02-02-18.wav,ravdess,calm,strong,ravdess_18,female,3.6036041666666665,48000,1.728,train
data/raw/ravdess/Actor_18/03-01-03-01-01-01-18.wav,ravdess,happy,normal,ravdess_18,female,3.403395833333333,48000,1.472,train
data/raw/ravdess/Actor_18/03-01-03-01-01-02-18.wav,ravdess,happy,normal,ravdess_18,female,3.3700208333333332,48000,1.44,train
data/raw/ravdess/Actor_18/03-01-03-01-02-01-18.wav,ravdess,happy,normal,ravdess_18,female,3.43675,48000,1.568,train
data/raw/ravdess/Actor_18/03-01-03-01-02-02-18.wav,ravdess,happy,normal,ravdess_18,female,3.5035,48000,1.632,train
data/raw/ravdess/Actor_18/03-01-03-02-01-01-18.wav,ravdess,happy,strong,ravdess_18,female,3.7704375,48000,1.6,val
data/raw/ravdess/Actor_18/03-01-03-02-01-02-18.wav,ravdess,happy,strong,ravdess_18,female,3.93725,48000,1.696,train
data/raw/ravdess/Actor_18/03-01-03-02-02-01-18.wav,ravdess,happy,strong,ravdess_18,female,3.7704375,48000,1.664,val
data/raw/ravdess/Actor_18/03-01-03-02-02-02-18.wav,ravdess,happy,strong,ravdess_18,female,3.8371666666666666,48000,1.696,val
data/raw/ravdess/Actor_18/03-01-04-01-01-01-18.wav,ravdess,sad,normal,ravdess_18,female,3.5702291666666666,48000,1.568,train
data/raw/ravdess/Actor_18/03-01-04-01-01-02-18.wav,ravdess,sad,normal,ravdess_18,female,3.6369583333333337,48000,1.696,train
data/raw/ravdess/Actor_18/03-01-04-01-02-01-18.wav,ravdess,sad,normal,ravdess_18,female,3.536875,48000,1.632,train
data/raw/ravdess/Actor_18/03-01-04-01-02-02-18.wav,ravdess,sad,normal,ravdess_18,female,3.6369583333333337,48000,1.728,train
data/raw/ravdess/Actor_18/03-01-04-02-01-01-18.wav,ravdess,sad,strong,ravdess_18,female,3.8037916666666662,48000,1.76,test
data/raw/ravdess/Actor_18/03-01-04-02-01-02-18.wav,ravdess,sad,strong,ravdess_18,female,3.8371666666666666,48000,1.76,val
data/raw/ravdess/Actor_18/03-01-04-02-02-01-18.wav,ravdess,sad,strong,ravdess_18,female,4.137479166666667,48000,2.144,val
data/raw/ravdess/Actor_18/03-01-04-02-02-02-18.wav,ravdess,sad,strong,ravdess_18,female,3.8371666666666666,48000,2.176,train
data/raw/ravdess/Actor_18/03-01-05-01-01-01-18.wav,ravdess,angry,normal,ravdess_18,female,3.903895833333334,48000,1.92,train
data/raw/ravdess/Actor_18/03-01-05-01-01-02-18.wav,ravdess,angry,normal,ravdess_18,female,4.170833333333333,48000,2.208,train
data/raw/ravdess/Actor_18/03-01-05-01-02-01-18.wav,ravdess,angry,normal,ravdess_18,female,3.5702291666666666,48000,1.632,val
data/raw/ravdess/Actor_18/03-01-05-01-02-02-18.wav,ravdess,angry,normal,ravdess_18,female,3.636979166666667,48000,1.696,train
data/raw/ravdess/Actor_18/03-01-05-02-01-01-18.wav,ravdess,angry,strong,ravdess_18,female,3.703708333333333,48000,1.632,train
data/raw/ravdess/Actor_18/03-01-05-02-01-02-18.wav,ravdess,angry,strong,ravdess_18,female,3.7704375,48000,1.696,train
data/raw/ravdess/Actor_18/03-01-05-02-02-01-18.wav,ravdess,angry,strong,ravdess_18,female,3.8371666666666666,48000,1.824,val
data/raw/ravdess/Actor_18/03-01-05-02-02-02-18.wav,ravdess,angry,strong,ravdess_18,female,4.2375625,48000,2.176,train
data/raw/ravdess/Actor_18/03-01-06-01-01-01-18.wav,ravdess,fearful,normal,ravdess_18,female,3.4367708333333336,48000,1.408,test
data/raw/ravdess/Actor_18/03-01-06-01-01-02-18.wav,ravdess,fearful,normal,ravdess_18,female,3.403395833333333,48000,1.44,train
data/raw/ravdess/Actor_18/03-01-06-01-02-01-18.wav,ravdess,fearful,normal,ravdess_18,female,3.470125,48000,1.536,train
data/raw/ravdess/Actor_18/03-01-06-01-02-02-18.wav,ravdess,fearful,normal,ravdess_18,female,3.4701458333333335,48000,1.888,test
data/raw/ravdess/Actor_18/03-01-06-02-01-01-18.wav,ravdess,fearful,strong,ravdess_18,female,3.7370833333333335,48000,1.632,val
data/raw/ravdess/Actor_18/03-01-06-02-01-02-18.wav,ravdess,fearful,strong,ravdess_18,female,4.170833333333333,48000,2.08,val
data/raw/ravdess/Actor_18/03-01-06-02-02-01-18.wav,ravdess,fearful,strong,ravdess_18,female,3.8038125,48000,1.888,train
data/raw/ravdess/Actor_18/03-01-06-02-02-02-18.wav,ravdess,fearful,strong,ravdess_18,female,3.8037916666666662,48000,1.632,train
data/raw/ravdess/Actor_18/03-01-07-01-01-01-18.wav,ravdess,disgust,normal,ravdess_18,female,4.3043125,48000,2.336,val
data/raw/ravdess/Actor_18/03-01-07-01-01-02-18.wav,ravdess,disgust,normal,ravdess_18,female,4.07075,48000,1.952,test
data/raw/ravdess/Actor_18/03-01-07-01-02-01-18.wav,ravdess,disgust,normal,ravdess_18,female,3.670333333333333,48000,1.728,train
data/raw/ravdess/Actor_18/03-01-07-01-02-02-18.wav,ravdess,disgust,normal,ravdess_18,female,4.371041666666667,48000,2.4,train
data/raw/ravdess/Actor_18/03-01-07-02-01-01-18.wav,ravdess,disgust,strong,ravdess_18,female,4.771416666666667,48000,2.656,train
data/raw/ravdess/Actor_18/03-01-07-02-01-02-18.wav,ravdess,disgust,strong,ravdess_18,female,4.471145833333333,48000,2.4,train
data/raw/ravdess/Actor_18/03-01-07-02-02-01-18.wav,ravdess,disgust,strong,ravdess_18,female,4.637958333333334,48000,2.56,train
data/raw/ravdess/Actor_18/03-01-07-02-02-02-18.wav,ravdess,disgust,strong,ravdess_18,female,4.571229166666667,48000,2.496,train
data/raw/ravdess/Actor_18/03-01-08-01-01-01-18.wav,ravdess,surprised,normal,ravdess_18,female,3.3700208333333332,48000,1.664,val
data/raw/ravdess/Actor_18/03-01-08-01-01-02-18.wav,ravdess,surprised,normal,ravdess_18,female,3.5035,48000,1.6,val
data/raw/ravdess/Actor_18/03-01-08-01-02-01-18.wav,ravdess,surprised,normal,ravdess_18,female,3.5035,48000,1.6,train
data/raw/ravdess/Actor_18/03-01-08-01-02-02-18.wav,ravdess,surprised,normal,ravdess_18,female,3.5035,48000,1.632,train
data/raw/ravdess/Actor_18/03-01-08-02-01-01-18.wav,ravdess,surprised,strong,ravdess_18,female,3.636979166666667,48000,1.696,test
data/raw/ravdess/Actor_18/03-01-08-02-01-02-18.wav,ravdess,surprised,strong,ravdess_18,female,3.536875,48000,1.6,train
data/raw/ravdess/Actor_18/03-01-08-02-02-01-18.wav,ravdess,surprised,strong,ravdess_18,female,3.8705416666666665,48000,1.952,test
data/raw/ravdess/Actor_18/03-01-08-02-02-02-18.wav,ravdess,surprised,strong,ravdess_18,female,3.6369583333333337,48000,1.728,train
data/raw/ravdess/Actor_19/03-01-01-01-01-01-19.wav,ravdess,neutral,normal,ravdess_19,male,3.370041666666667,48000,1.472,train
data/raw/ravdess/Actor_19/03-01-01-01-01-02-19.wav,ravdess,neutral,normal,ravdess_19,male,3.2365625,48000,1.44,train
data/raw/ravdess/Actor_19/03-01-01-01-02-01-19.wav,ravdess,neutral,normal,ravdess_19,male,3.3366666666666664,48000,1.44,test
data/raw/ravdess/Actor_19/03-01-01-01-02-02-19.wav,ravdess,neutral,normal,ravdess_19,male,3.3032916666666665,48000,1.44,train
data/raw/ravdess/Actor_19/03-01-02-01-01-01-19.wav,ravdess,calm,normal,ravdess_19,male,3.670333333333333,48000,1.824,val
data/raw/ravdess/Actor_19/03-01-02-01-01-02-19.wav,ravdess,calm,normal,ravdess_19,male,3.670333333333333,48000,1.792,train
data/raw/ravdess/Actor_19/03-01-02-01-02-01-19.wav,ravdess,calm,normal,ravdess_19,male,3.3366666666666664,48000,1.472,train
data/raw/ravdess/Actor_19/03-01-02-01-02-02-19.wav,ravdess,calm,normal,ravdess_19,male,3.470125,48000,1.664,test
data/raw/ravdess/Actor_19/03-01-02-02-01-01-19.wav,ravdess,calm,strong,ravdess_19,male,4.471145833333333,48000,2.656,train
data/raw/ravdess/Actor_19/03-01-02-02-01-02-19.wav,ravdess,calm,strong,ravdess_19,male,4.037375,48000,2.144,train
data/raw/ravdess/Actor_19/03-01-02-02-02-01-19.wav,ravdess,calm,strong,ravdess_19,male,4.604604166666666,48000,2.624,train
data/raw/ravdess/Actor_19/03-01-02-02-02-02-19.wav,ravdess,calm,strong,ravdess_19,male,4.304291666666667,48000,2.304,val
data/raw/ravdess/Actor_19/03-01-03-01-01-01-19.wav,ravdess,happy,normal,ravdess_19,male,3.6369583333333337,48000,2.709,test
data/raw/ravdess/Actor_19/03-01-03-01-01-02-19.wav,ravdess,happy,normal,ravdess_19,male,3.703708333333333,48000,2.208,val
data/raw/ravdess/Actor_19/03-01-03-01-02-01-19.wav,ravdess,happy,normal,ravdess_19,male,3.2699375,48000,1.888,test
data/raw/ravdess/Actor_19/03-01-03-01-02-02-19.wav,ravdess,happy,normal,ravdess_19,male,3.3033125,48000,2.08,train
data/raw/ravdess/Actor_19/03-01-03-02-01-01-19.wav,ravdess,happy,strong,ravdess_19,male,3.7704375,48000,1.824,train
data/raw/ravdess/Actor_19/03-01-03-02-01-02-19.wav,ravdess,happy,strong,ravdess_19,male,3.8037916666666662,48000,2.56,train
data/raw/ravdess/Actor_19/03-01-03-02-02-01-19.wav,ravdess,happy,strong,ravdess_19,male,4.404395833333333,48000,3.4444375,test
data/raw/ravdess/Actor_19/03-01-03-02-02-02-19.wav,ravdess,happy,strong,ravdess_19,male,4.004,48000,2.048,train
data/raw/ravdess/Actor_19/03-01-04-01-01-01-19.wav,ravdess,sad,normal,ravdess_19,male,3.4367708333333336,48000,1.568,train
data/raw/ravdess/Actor_19/03-01-04-01-01-02-19.wav,ravdess,sad,normal,ravdess_19,male,3.670333333333333,48000,1.824,train
data/raw/ravdess/Actor_19/03-01-04-01-02-01-19.wav,ravdess,sad,normal,ravdess_19,male,3.1698333333333335,48000,1.376,val
data/raw/ravdess/Actor_19/03-01-04-01-02-02-19.wav,ravdess,sad,normal,ravdess_19,male,3.670333333333333,48000,1.824,train
data/raw/ravdess/Actor_19/03-01-04-02-01-01-19.wav,ravdess,sad,strong,ravdess_19,male,4.004,48000,2.048,train
data/raw/ravdess/Actor_19/03-01-04-02-01-02-19.wav,ravdess,sad,strong,ravdess_19,male,3.703708333333333,48000,2.816,train
data/raw/ravdess/Actor_19/03-01-04-02-02-01-19.wav,ravdess,sad,strong,ravdess_19,male,3.4034166666666668,48000,1.536,train
data/raw/ravdess/Actor_19/03-01-04-02-02-02-19.wav,ravdess,sad,strong,ravdess_19,male,3.7370833333333335,48000,2.144,train
data/raw/ravdess/Actor_19/03-01-05-01-01-01-19.wav,ravdess,angry,normal,ravdess_19,male,3.7704375,48000,1.728,train
data/raw/ravdess/Actor_19/03-01-05-01-01-02-19.wav,ravdess,angry,normal,ravdess_19,male,3.703708333333333,48000,1.728,train
data/raw/ravdess/Actor_19/03-01-05-01-02-01-19.wav,ravdess,angry,normal,ravdess_19,male,3.3033125,48000,1.312,train
data/raw/ravdess/Actor_19/03-01-05-01-02-02-19.wav,ravdess,angry,normal,ravdess_19,male,3.5702291666666666,48000,1.632,train
data/raw/ravdess/Actor_19/03-01-05-02-01-01-19.wav,ravdess,angry,strong,ravdess_19,male,3.970645833333333,48000,1.92,train
data/raw/ravdess/Actor_19/03-01-05-02-01-02-19.wav,ravdess,angry,strong,ravdess_19,male,4.804791666666667,48000,2.816,train
data/raw/ravdess/Actor_19/03-01-05-02-02-01-19.wav,ravdess,angry,strong,ravdess_19,male,4.337666666666666,48000,2.368,train
data/raw/ravdess/Actor_19/03-01-05-02-02-02-19.wav,ravdess,angry,strong,ravdess_19,male,4.104104166666667,48000,2.176,train
data/raw/ravdess/Actor_19/03-01-06-01-01-01-19.wav,ravdess,fearful,normal,ravdess_19,male,3.7036875,48000,1.952,val
data/raw/ravdess/Actor_19/03-01-06-01-01-02-19.wav,ravdess,fearful,normal,ravdess_19,male,3.5035,48000,2.144,val
data/raw/ravdess/Actor_19/03-01-06-01-02-01-19.wav,ravdess,fearful,normal,ravdess_19,male,3.7704375,48000,1.856,train
data/raw/ravdess/Actor_19/03-01-06-01-02-02-19.wav,ravdess,fearful,normal,ravdess_19,male,3.536875,48000,1.664,test
data/raw/ravdess/Actor_19/03-01-06-02-01-01-19.wav,ravdess,fearful,strong,ravdess_19,male,3.8371666666666666,48000,1.888,train
data/raw/ravdess/Actor_19/03-01-06-02-01-02-19.wav,ravdess,fearful,strong,ravdess_19,male,4.371020833333334,48000,2.464,train
data/raw/ravdess/Actor_19/03-01-06-02-02-01-19.wav,ravdess,fearful,strong,ravdess_19,male,3.5702291666666666,48000,1.664,train
data/raw/ravdess/Actor_19/03-01-06-02-02-02-19.wav,ravdess,fearful,strong,ravdess_19,male,4.037354166666667,48000,2.272,val
data/raw/ravdess/Actor_19/03-01-07-01-01-01-19.wav,ravdess,disgust,normal,ravdess_19,male,4.3043125,48000,2.432,val
data/raw/ravdess/Actor_19/03-01-07-01-01-02-19.wav,ravdess,disgust,normal,ravdess_19,male,4.838166666666667,48000,2.944,test
data/raw/ravdess/Actor_19/03-01-07-01-02-01-19.wav,ravdess,disgust,normal,ravdess_19,male,4.170833333333333,48000,3.168,train
data/raw/ravdess/Actor_19/03-01-07-01-02-02-19.wav,ravdess,disgust,normal,ravdess_19,male,3.9372708333333337,48000,2.688,train
data/raw/ravdess/Actor_19/03-01-07-02-01-01-19.wav,ravdess,disgust,strong,ravdess_19,male,4.8048125,48000,2.752,train
data/raw/ravdess/Actor_19/03-01-07-02-01-02-19.wav,ravdess,disgust,strong,ravdess_19,male,5.2719375,48000,3.424,val
data/raw/ravdess/Actor_19/03-01-07-02-02-01-19.wav,ravdess,disgust,strong,ravdess_19,male,4.904895833333334,48000,2.976,train
data/raw/ravdess/Actor_19/03-01-07-02-02-02-19.wav,ravdess,disgust,strong,ravdess_19,male,4.938270833333333,48000,3.04,test
data/raw/ravdess/Actor_19/03-01-08-01-01-01-19.wav,ravdess,surprised,normal,ravdess_19,male,3.7370625,48000,1.824,train
data/raw/ravdess/Actor_19/03-01-08-01-01-02-19.wav,ravdess,surprised,normal,ravdess_19,male,3.536854166666666,48000,1.984,train
data/raw/ravdess/Actor_19/03-01-08-01-02-01-19.wav,ravdess,surprised,normal,ravdess_19,male,4.1040833333333335,48000,2.272,train
data/raw/ravdess/Actor_19/03-01-08-01-02-02-19.wav,ravdess,surprised,normal,ravdess_19,male,3.06975,48000,1.152,train
data/raw/ravdess/Actor_19/03-01-08-02-01-01-19.wav,ravdess,surprised,strong,ravdess_19,male,4.104104166666667,48000,2.24,val
data/raw/ravdess/Actor_19/03-01-08-02-01-02-19.wav,ravdess,surprised,strong,ravdess_19,male,4.637979166666667,48000,2.688,train
data/raw/ravdess/Actor_19/03-01-08-02-02-01-19.wav,ravdess,surprised,strong,ravdess_19,male,3.236583333333334,48000,2.144,train
data/raw/ravdess/Actor_19/03-01-08-02-02-02-19.wav,ravdess,surprised,strong,ravdess_19,male,3.2699375,48000,1.44,train
data/raw/ravdess/Actor_20/03-01-01-01-01-01-20.wav,ravdess,neutral,normal,ravdess_20,female,3.470125,48000,1.504,train
data/raw/ravdess/Actor_20/03-01-01-01-01-02-20.wav,ravdess,neutral,normal,ravdess_20,female,3.5702291666666666,48000,1.664,train
data/raw/ravdess/Actor_20/03-01-01-01-02-01-20.wav,ravdess,neutral,normal,ravdess_20,female,3.4367708333333336,48000,1.472,train
data/raw/ravdess/Actor_20/03-01-01-01-02-02-20.wav,ravdess,neutral,normal,ravdess_20,female,3.536875,48000,1.6,train
data/raw/ravdess/Actor_20/03-01-02-01-01-01-20.wav,ravdess,calm,normal,ravdess_20,female,3.6369583333333337,48000,1.728,train
data/raw/ravdess/Actor_20/03-01-02-01-01-02-20.wav,ravdess,calm,normal,ravdess_20,female,3.5702291666666666,48000,1.568,test
data/raw/ravdess/Actor_20/03-01-02-01-02-01-20.wav,ravdess,calm,normal,ravdess_20,female,3.3366666666666664,48000,1.472,train
data/raw/ravdess/Actor_20/03-01-02-01-02-02-20.wav,ravdess,calm,normal,ravdess_20,female,3.5035,48000,1.6,train
data/raw/ravdess/Actor_20/03-01-02-02-01-01-20.wav,ravdess,calm,strong,ravdess_20,female,3.8705416666666665,48000,1.76,test
data/raw/ravdess/Actor_20/03-01-02-02-01-02-20.wav,ravdess,calm,strong,ravdess_20,female,4.07075,48000,1.984,train
data/raw/ravdess/Actor_20/03-01-02-02-02-01-20.wav,ravdess,calm,strong,ravdess_20,female,3.6369583333333337,48000,1.696,val
data/raw/ravdess/Actor_20/03-01-02-02-02-02-20.wav,ravdess,calm,strong,ravdess_20,female,3.636979166666667,48000,1.696,train
data/raw/ravdess/Actor_20/03-01-03-01-01-01-20.wav,ravdess,happy,normal,ravdess_20,female,3.536875,48000,1.504,test
data/raw/ravdess/Actor_20/03-01-03-01-01-02-20.wav,ravdess,happy,normal,ravdess_20,female,3.7036875,48000,1.696,test
data/raw/ravdess/Actor_20/03-01-03-01-02-01-20.wav,ravdess,happy,normal,ravdess_20,female,3.470125,48000,1.632,train
data/raw/ravdess/Actor_20/03-01-03-01-02-02-20.wav,ravdess,happy,normal,ravdess_20,female,3.403395833333333,48000,1.472,val
data/raw/ravdess/Actor_20/03-01-03-02-01-01-20.wav,ravdess,happy,strong,ravdess_20,female,3.670333333333333,48000,1.696,val
data/raw/ravdess/Actor_20/03-01-03-02-01-02-20.wav,ravdess,happy,strong,ravdess_20,female,4.304291666666667,48000,2.688,val
data/raw/ravdess/Actor_20/03-01-03-02-02-01-20.wav,ravdess,happy,strong,ravdess_20,female,3.57025,48000,1.536,val
data/raw/ravdess/Actor_20/03-01-03-02-02-02-20.wav,ravdess,happy,strong,ravdess_20,female,3.703708333333333,48000,1.76,train
data/raw/ravdess/Actor_20/03-01-04-01-01-01-20.wav,ravdess,sad,normal,ravdess_20,female,3.603583333333334,48000,2.016,val
data/raw/ravdess/Actor_20/03-01-04-01-01-02-20.wav,ravdess,sad,normal,ravdess_20,female,3.5035,48000,1.536,val
data/raw/ravdess/Actor_20/03-01-04-01-02-01-20.wav,ravdess,sad,normal,ravdess_20,female,3.470125,48000,1.504,train
data/raw/ravdess/Actor_20/03-01-04-01-02-02-20.wav,ravdess,sad,normal,ravdess_20,female,3.370041666666667,48000,1.44,test
data/raw/ravdess/Actor_20/03-01-04-02-01-01-20.wav,ravdess,sad,strong,ravdess_20,female,3.7704375,48000,1.76,val
data/raw/ravdess/Actor_20/03-01-04-02-01-02-20.wav,ravdess,sad,strong,ravdess_20,female,4.2375625,48000,3.2135625,train
data/raw/ravdess/Actor_20/03-01-04-02-02-01-20.wav,ravdess,sad,strong,ravdess_20,female,3.8038125,48000,1.76,train
data/raw/ravdess/Actor_20/03-01-04-02-02-02-20.wav,ravdess,sad,strong,ravdess_20,female,3.970625,48000,1.984,train
data/raw/ravdess/Actor_20/03-01-05-01-01-01-20.wav,ravdess,angry,normal,ravdess_20,female,3.236583333333334,48000,1.28,train
data/raw/ravdess/Actor_20/03-01-05-01-01-02-20.wav,ravdess,angry,normal,ravdess_20,female,3.7370625,48000,1.664,train
data/raw/ravdess/Actor_20/03-01-05-01-02-01-20.wav,ravdess,angry,normal,ravdess_20,female,3.670333333333333,48000,1.536,train
data/raw/ravdess/Actor_20/03-01-05-01-02-02-20.wav,ravdess,angry,normal,ravdess_20,female,3.8037916666666662,48000,1.696,train
data/raw/ravdess/Actor_20/03-01-05-02-01-01-20.wav,ravdess,angry,strong,ravdess_20,female,4.137479166666667,48000,2.144,test
data/raw/ravdess/Actor_20/03-01-05-02-01-02-20.wav,ravdess,angry,strong,ravdess_20,female,4.070729166666666,48000,2.08,train
data/raw/ravdess/Actor_20/03-01-05-02-02-01-20.wav,ravdess,angry,strong,ravdess_20,female,4.404416666666667,48000,2.304,train
data/raw/ravdess/Actor_20/03-01-05-02-02-02-20.wav,ravdess,angry,strong,ravdess_20,female,3.536854166666666,48000,1.504,test
data/raw/ravdess/Actor_20/03-01-06-01-01-01-20.wav,ravdess,fearful,normal,ravdess_20,female,3.8038125,48000,1.632,val
data/raw/ravdess/Actor_20/03-01-06-01-01-02-20.wav,ravdess,fearful,normal,ravdess_20,female,4.371020833333334,48000,2.336,train
data/raw/ravdess/Actor_20/03-01-06-01-02-01-20.wav,ravdess,fearful,normal,ravdess_20,female,3.9372708333333337,48000,1.952,train
data/raw/ravdess/Actor_20/03-01-06-01-02-02-20.wav,ravdess,fearful,normal,ravdess_20,female,3.3032916666666665,48000,1.472,train
data/raw/ravdess/Actor_20/03-01-06-02-01-01-20.wav,ravdess,fearful,strong,ravdess_20,female,4.2375625,48000,2.016,train
data/raw/ravdess/Actor_20/03-01-06-02-01-02-20.wav,ravdess,fearful,strong,ravdess_20,female,4.170833333333333,48000,1.984,test
data/raw/ravdess/Actor_20/03-01-06-02-02-01-20.wav,ravdess,fearful,strong,ravdess_20,female,3.8705416666666665,48000,1.76,val
data/raw/ravdess/Actor_20/03-01-06-02-02-02-20.wav,ravdess,fearful,strong,ravdess_20,female,3.9039166666666665,48000,1.728,test
data/raw/ravdess/Actor_20/03-01-07-01-01-01-20.wav,ravdess,disgust,normal,ravdess_20,female,3.8705208333333334,48000,1.952,train
data/raw/ravdess/Actor_20/03-01-07-01-01-02-20.wav,ravdess,disgust,normal,ravdess_20,female,3.7370625,48000,1.824,train
data/raw/ravdess/Actor_20/03-01-07-01-02-01-20.wav,ravdess,disgust,normal,ravdess_20,female,3.6369583333333337,48000,1.728,train
data/raw/ravdess/Actor_20/03-01-07-01-02-02-20.wav,ravdess,disgust,normal,ravdess_20,female,3.8371666666666666,48000,2.144,train
data/raw/ravdess/Actor_20/03-01-07-02-01-01-20.wav,ravdess,disgust,strong,ravdess_20,female,4.104104166666667,48000,2.176,train
data/raw/ravdess/Actor_20/03-01-07-02-01-02-20.wav,ravdess,disgust,strong,ravdess_20,female,4.1040833333333335,48000,2.112,train
data/raw/ravdess/Actor_20/03-01-07-02-02-01-20.wav,ravdess,disgust,strong,ravdess_20,female,4.7380625,48000,2.784,train
data/raw/ravdess/Actor_20/03-01-07-02-02-02-20.wav,ravdess,disgust,strong,ravdess_20,female,3.8705208333333334,48000,2.4,train
data/raw/ravdess/Actor_20/03-01-08-01-01-01-20.wav,ravdess,surprised,normal,ravdess_20,female,3.236583333333334,48000,1.312,val
data/raw/ravdess/Actor_20/03-01-08-01-01-02-20.wav,ravdess,surprised,normal,ravdess_20,female,3.57025,48000,1.6,train
data/raw/ravdess/Actor_20/03-01-08-01-02-01-20.wav,ravdess,surprised,normal,ravdess_20,female,3.1364791666666667,48000,1.216,train
data/raw/ravdess/Actor_20/03-01-08-01-02-02-20.wav,ravdess,surprised,normal,ravdess_20,female,3.2031875,48000,1.248,val
data/raw/ravdess/Actor_20/03-01-08-02-01-01-20.wav,ravdess,surprised,strong,ravdess_20,female,3.7370625,48000,1.76,test
data/raw/ravdess/Actor_20/03-01-08-02-01-02-20.wav,ravdess,surprised,strong,ravdess_20,female,3.236583333333334,48000,1.312,train
data/raw/ravdess/Actor_20/03-01-08-02-02-01-20.wav,ravdess,surprised,strong,ravdess_20,female,3.536854166666666,48000,2.144,train
data/raw/ravdess/Actor_20/03-01-08-02-02-02-20.wav,ravdess,surprised,strong,ravdess_20,female,3.4367708333333336,48000,1.472,test
data/raw/ravdess/Actor_21/03-01-01-01-01-01-21.wav,ravdess,neutral,normal,ravdess_21,male,3.8371666666666666,48000,1.792,train
data/raw/ravdess/Actor_21/03-01-01-01-01-02-21.wav,ravdess,neutral,normal,ravdess_21,male,3.970625,48000,1.92,train
data/raw/ravdess/Actor_21/03-01-01-01-02-01-21.wav,ravdess,neutral,normal,ravdess_21,male,3.6036041666666665,48000,1.696,train
data/raw/ravdess/Actor_21/03-01-01-01-02-02-21.wav,ravdess,neutral,normal,ravdess_21,male,3.670333333333333,48000,1.696,train
data/raw/ravdess/Actor_21/03-01-02-01-01-01-21.wav,ravdess,calm,normal,ravdess_21,male,4.037375,48000,2.016,train
data/raw/ravdess/Actor_21/03-01-02-01-01-02-21.wav,ravdess,calm,normal,ravdess_21,male,4.004,48000,2.048,train
data/raw/ravdess/Actor_21/03-01-02-01-02-01-21.wav,ravdess,calm,normal,ravdess_21,male,3.8038125,48000,1.792,test
data/raw/ravdess/Actor_21/03-01-02-01-02-02-21.wav,ravdess,calm,normal,ravdess_21,male,4.070729166666666,48000,2.112,train
data/raw/ravdess/Actor_21/03-01-02-02-01-01-21.wav,ravdess,calm,strong,ravdess_21,male,4.004,48000,1.984,test
data/raw/ravdess/Actor_21/03-01-02-02-01-02-21.wav,ravdess,calm,strong,ravdess_21,male,4.170833333333333,48000,2.368,val
data/raw/ravdess/Actor_21/03-01-02-02-02-01-21.wav,ravdess,calm,strong,ravdess_21,male,4.137479166666667,48000,2.144,train
data/raw/ravdess/Actor_21/03-01-02-02-02-02-21.wav,ravdess,calm,strong,ravdess_21,male,3.970625,48000,2.08,test
data/raw/ravdess/Actor_21/03-01-03-01-01-01-21.wav,ravdess,happy,normal,ravdess_21,male,3.8371666666666666,48000,1.824,test
data/raw/ravdess/Actor_21/03-01-03-01-01-02-21.wav,ravdess,happy,normal,ravdess_21,male,3.8037916666666662,48000,1.792,train
data/raw/ravdess/Actor_21/03-01-03-01-02-01-21.wav,ravdess,happy,normal,ravdess_21,male,3.703708333333333,48000,1.696,train
data/raw/ravdess/Actor_21/03-01-03-01-02-02-21.wav,ravdess,happy,normal,ravdess_21,male,3.8371666666666666,48000,1.856,train
data/raw/ravdess/Actor_21/03-01-03-02-01-01-21.wav,ravdess,happy,strong,ravdess_21,male,3.8037916666666662,48000,1.824,train
data/raw/ravdess/Actor_21/03-01-03-02-01-02-21.wav,ravdess,happy,strong,ravdess_21,male,3.9372708333333337,48000,1.952,train
data/raw/ravdess/Actor_21/03-01-03-02-02-01-21.wav,ravdess,happy,strong,ravdess_21,male,3.670333333333333,48000,1.696,train
data/raw/ravdess/Actor_21/03-01-03-02-02-02-21.wav,ravdess,happy,strong,ravdess_21,male,3.8037916666666662,48000,1.792,train
data/raw/ravdess/Actor_21/03-01-04-01-01-01-21.wav,ravdess,sad,normal,ravdess_21,male,4.304291666666667,48000,2.528,train
data/raw/ravdess/Actor_21/03-01-04-01-01-02-21.wav,ravdess,sad,normal,ravdess_21,male,4.604604166666666,48000,2.816,val
data/raw/ravdess/Actor_21/03-01-04-01-02-01-21.wav,ravdess,sad,normal,ravdess_21,male,4.07075,48000,2.112,train
data/raw/ravdess/Actor_21/03-01-04-01-02-02-21.wav,ravdess,sad,normal,ravdess_21,male,4.2041875,48000,2.304,train
data/raw/ravdess/Actor_21/03-01-04-02-01-01-21.wav,ravdess,sad,strong,ravdess_21,male,4.170833333333333,48000,2.24,train
data/raw/ravdess/Actor_21/03-01-04-02-01-02-21.wav,ravdess,sad,strong,ravdess_21,male,4.2709166666666665,48000,2.368,train
data/raw/ravdess/Actor_21/03-01-04-02-02-01-21.wav,ravdess,sad,strong,ravdess_21,male,4.2709375,48000,2.336,train
data/raw/ravdess/Actor_21/03-01-04-02-02-02-21.wav,ravdess,sad,strong,ravdess_21,male,4.137479166666667,48000,2.208,train
data/raw/ravdess/Actor_21/03-01-05-01-01-01-21.wav,ravdess,angry,normal,ravdess_21,male,4.137479166666667,48000,2.144,test
data/raw/ravdess/Actor_21/03-01-05-01-01-02-21.wav,ravdess,angry,normal,ravdess_21,male,4.004,48000,2.016,val
data/raw/ravdess/Actor_21/03-01-05-01-02-01-21.wav,ravdess,angry,normal,ravdess_21,male,4.070729166666666,48000,2.048,val
data/raw/ravdess/Actor_21/03-01-05-01-02-02-21.wav,ravdess,angry,normal,ravdess_21,male,3.9372708333333337,48000,1.984,train
data/raw/ravdess/Actor_21/03-01-05-02-01-01-21.wav,ravdess,angry,strong,ravdess_21,male,4.371041666666667,48000,2.272,train
data/raw/ravdess/Actor_21/03-01-05-02-01-02-21.wav,ravdess,angry,strong,ravdess_21,male,4.471125,48000,2.4,train
data/raw/ravdess/Actor_21/03-01-05-02-02-01-21.wav,ravdess,angry,strong,ravdess_21,male,4.1040833333333335,48000,2.08,val
data/raw/ravdess/Actor_21/03-01-05-02-02-02-21.wav,ravdess,angry,strong,ravdess_21,male,4.2375625,48000,2.176,train
data/raw/ravdess/Actor_21/03-01-06-01-01-01-21.wav,ravdess,fearful,normal,ravdess_21,male,3.670333333333333,48000,1.888,val
data/raw/ravdess/Actor_21/03-01-06-01-01-02-21.wav,ravdess,fearful,normal,ravdess_21,male,3.7704166666666663,48000,1.824,train
data/raw/ravdess/Actor_21/03-01-06-01-02-01-21.wav,ravdess,fearful,normal,ravdess_21,male,3.970625,48000,2.24,train
data/raw/ravdess/Actor_21/03-01-06-01-02-02-21.wav,ravdess,fearful,normal,ravdess_21,male,4.070729166666666,48000,2.144,train
data/raw/ravdess/Actor_21/03-01-06-02-01-01-21.wav,ravdess,fearful,strong,ravdess_21,male,3.970625,48000,1.92,train
data/raw/ravdess/Actor_21/03-01-06-02-01-02-21.wav,ravdess,fearful,strong,ravdess_21,male,3.8371666666666666,48000,1.824,train
data/raw/ravdess/Actor_21/03-01-06-02-02-01-21.wav,ravdess,fearful,strong,ravdess_21,male,3.7704375,48000,1.792,train
data/raw/ravdess/Actor_21/03-01-06-02-02-02-21.wav,ravdess,fearful,strong,ravdess_21,male,3.6369583333333337,48000,1.696,train
data/raw/ravdess/Actor_21/03-01-07-01-01-01-21.wav,ravdess,disgust,normal,ravdess_21,male,3.8037916666666662,48000,1.92,train
data/raw/ravdess/Actor_21/03-01-07-01-01-02-21.wav,ravdess,disgust,normal,ravdess_21,male,4.07075,48000,2.112,train
data/raw/ravdess/Actor_21/03-01-07-01-02-01-21.wav,ravdess,disgust,normal,ravdess_21,male,3.636979166666667,48000,1.76,train
data/raw/ravdess/Actor_21/03-01-07-01-02-02-21.wav,ravdess,disgust,normal,ravdess_21,male,3.6036041666666665,48000,1.696,train
data/raw/ravdess/Actor_21/03-01-07-02-01-01-21.wav,ravdess,disgust,strong,ravdess_21,male,4.070729166666666,48000,2.144,train
data/raw/ravdess/Actor_21/03-01-07-02-01-02-21.wav,ravdess,disgust,strong,ravdess_21,male,4.037354166666667,48000,2.112,val
data/raw/ravdess/Actor_21/03-01-07-02-02-01-21.wav,ravdess,disgust,strong,ravdess_21,male,4.170833333333333,48000,2.272,train
data/raw/ravdess/Actor_21/03-01-07-02-02-02-21.wav,ravdess,disgust,strong,ravdess_21,male,3.970625,48000,2.016,train
data/raw/ravdess/Actor_21/03-01-08-01-01-01-21.wav,ravdess,surprised,normal,ravdess_21,male,3.5035,48000,1.536,train
data/raw/ravdess/Actor_21/03-01-08-01-01-02-21.wav,ravdess,surprised,normal,ravdess_21,male,3.470125,48000,1.504,test
data/raw/ravdess/Actor_21/03-01-08-01-02-01-21.wav,ravdess,surprised,normal,ravdess_21,male,3.4701458333333335,48000,1.472,train
data/raw/ravdess/Actor_21/03-01-08-01-02-02-21.wav,ravdess,surprised,normal,ravdess_21,male,3.5702291666666666,48000,1.632,train
data/raw/ravdess/Actor_21/03-01-08-02-01-01-21.wav,ravdess,surprised,strong,ravdess_21,male,3.6369583333333337,48000,1.664,train
data/raw/ravdess/Actor_21/03-01-08-02-01-02-21.wav,ravdess,surprised,strong,ravdess_21,male,3.636979166666667,48000,1.696,val
data/raw/ravdess/Actor_21/03-01-08-02-02-01-21.wav,ravdess,surprised,strong,ravdess_21,male,3.4701458333333335,48000,1.472,train
data/raw/ravdess/Actor_21/03-01-08-02-02-02-21.wav,ravdess,surprised,strong,ravdess_21,male,3.536875,48000,1.632,train
data/raw/ravdess/Actor_22/03-01-01-01-01-01-22.wav,ravdess,neutral,normal,ravdess_22,female,3.636979166666667,48000,1.696,train
data/raw/ravdess/Actor_22/03-01-01-01-01-02-22.wav,ravdess,neutral,normal,ravdess_22,female,3.4367708333333336,48000,1.536,val
data/raw/ravdess/Actor_22/03-01-01-01-02-01-22.wav,ravdess,neutral,normal,ravdess_22,female,3.603583333333334,48000,1.696,train
data/raw/ravdess/Actor_22/03-01-01-01-02-02-22.wav,ravdess,neutral,normal,ravdess_22,female,3.536854166666666,48000,1.632,test
data/raw/ravdess/Actor_22/03-01-02-01-01-01-22.wav,ravdess,calm,normal,ravdess_22,female,3.536854166666666,48000,1.664,train
data/raw/ravdess/Actor_22/03-01-02-01-01-02-22.wav,ravdess,calm,normal,ravdess_22,female,3.5702291666666666,48000,1.632,test
data/raw/ravdess/Actor_22/03-01-02-01-02-01-22.wav,ravdess,calm,normal,ravdess_22,female,3.5702291666666666,48000,1.696,train
data/raw/ravdess/Actor_22/03-01-02-01-02-02-22.wav,ravdess,calm,normal,ravdess_22,female,3.536875,48000,1.632,train
data/raw/ravdess/Actor_22/03-01-02-02-01-01-22.wav,ravdess,calm,strong,ravdess_22,female,3.703708333333333,48000,1.888,train
data/raw/ravdess/Actor_22/03-01-02-02-01-02-22.wav,ravdess,calm,strong,ravdess_22,female,3.8371666666666666,48000,1.888,val
data/raw/ravdess/Actor_22/03-01-02-02-02-01-22.wav,ravdess,calm,strong,ravdess_22,female,3.6369583333333337,48000,2.144,train
data/raw/ravdess/Actor_22/03-01-02-02-02-02-22.wav,ravdess,calm,strong,ravdess_22,female,3.7704375,48000,1.888,train
data/raw/ravdess/Actor_22/03-01-03-01-01-01-22.wav,ravdess,happy,normal,ravdess_22,female,3.536875,48000,1.92,train
data/raw/ravdess/Actor_22/03-01-03-01-01-02-22.wav,ravdess,happy,normal,ravdess_22,female,3.4367708333333336,48000,1.472,train
data/raw/ravdess/Actor_22/03-01-03-01-02-01-22.wav,ravdess,happy,normal,ravdess_22,female,3.5035,48000,1.568,train
data/raw/ravdess/Actor_22/03-01-03-01-02-02-22.wav,ravdess,happy,normal,ravdess_22,female,3.5035,48000,1.568,train
data/raw/ravdess/Actor_22/03-01-03-02-01-01-22.wav,ravdess,happy,strong,ravdess_22,female,3.7370833333333335,48000,1.696,train
data/raw/ravdess/Actor_22/03-01-03-02-01-02-22.wav,ravdess,happy,strong,ravdess_22,female,3.8371666666666666,48000,1.856,train
data/raw/ravdess/Actor_22/03-01-03-02-02-01-22.wav,ravdess,happy,strong,ravdess_22,female,3.670333333333333,48000,1.728,val
data/raw/ravdess/Actor_22/03-01-03-02-02-02-22.wav,ravdess,happy,strong,ravdess_22,female,3.9372708333333337,48000,1.984,train
data/raw/ravdess/Actor_22/03-01-04-01-01-01-22.wav,ravdess,sad,normal,ravdess_22,female,3.6036041666666665,48000,1.696,train
data/raw/ravdess/Actor_22/03-01-04-01-01-02-22.wav,ravdess,sad,normal,ravdess_22,female,3.703708333333333,48000,1.792,train
data/raw/ravdess/Actor_22/03-01-04-01-02-01-22.wav,ravdess,sad,normal,ravdess_22,female,3.670333333333333,48000,1.792,train
data/raw/ravdess/Actor_22/03-01-04-01-02-02-22.wav,ravdess,sad,normal,ravdess_22,female,3.703708333333333,48000,1.76,test
data/raw/ravdess/Actor_22/03-01-04-02-01-01-22.wav,ravdess,sad,strong,ravdess_22,female,3.7370625,48000,1.792,test
data/raw/ravdess/Actor_22/03-01-04-02-01-02-22.wav,ravdess,sad,strong,ravdess_22,female,3.636979166666667,48000,1.696,test
data/raw/ravdess/Actor_22/03-01-04-02-02-01-22.wav,ravdess,sad,strong,ravdess_22,female,3.7370833333333335,48000,1.792,train
data/raw/ravdess/Actor_22/03-01-04-02-02-02-22.wav,ravdess,sad,strong,ravdess_22,female,3.8371666666666666,48000,1.92,train
data/raw/ravdess/Actor_22/03-01-05-01-01-01-22.wav,ravdess,angry,normal,ravdess_22,female,3.703708333333333,48000,1.728,train
data/raw/ravdess/Actor_22/03-01-05-01-01-02-22.wav,ravdess,angry,normal,ravdess_22,female,3.7370625,48000,1.76,test
data/raw/ravdess/Actor_22/03-01-05-01-02-01-22.wav,ravdess,angry,normal,ravdess_22,female,3.8705208333333334,48000,1.888,val
data/raw/ravdess/Actor_22/03-01-05-01-02-02-22.wav,ravdess,angry,normal,ravdess_22,female,4.037354166666667,48000,2.08,val
data/raw/ravdess/Actor_22/03-01-05-02-01-01-22.wav,ravdess,angry,strong,ravdess_22,female,3.8705416666666665,48000,1.888,train
data/raw/ravdess/Actor_22/03-01-05-02-01-02-22.wav,ravdess,angry,strong,ravdess_22,female,3.903895833333334,48000,1.856,train
data/raw/ravdess/Actor_22/03-01-05-02-02-01-22.wav,ravdess,angry,strong,ravdess_22,female,4.237583333333333,48000,2.144,train
data/raw/ravdess/Actor_22/03-01-05-02-02-02-22.wav,ravdess,angry,strong,ravdess_22,female,4.204208333333334,48000,2.208,train
data/raw/ravdess/Actor_22/03-01-06-01-01-01-22.wav,ravdess,fearful,normal,ravdess_22,female,3.57025,48000,1.632,train
data/raw/ravdess/Actor_22/03-01-06-01-01-02-22.wav,ravdess,fearful,normal,ravdess_22,female,3.6036041666666665,48000,1.632,test
data/raw/ravdess/Actor_22/03-01-06-01-02-01-22.wav,ravdess,fearful,normal,ravdess_22,female,3.670333333333333,48000,1.728,val
data/raw/ravdess/Actor_22/03-01-06-01-02-02-22.wav,ravdess,fearful,normal,ravdess_22,female,3.536875,48000,1.6,train
data/raw/ravdess/Actor_22/03-01-06-02-01-01-22.wav,ravdess,fearful,strong,ravdess_22,female,3.5702291666666666,48000,1.568,train
data/raw/ravdess/Actor_22/03-01-06-02-01-02-22.wav,ravdess,fearful,strong,ravdess_22,female,3.5702291666666666,48000,1.568,train
data/raw/ravdess/Actor_22/03-01-06-02-02-01-22.wav,ravdess,fearful,strong,ravdess_22,female,3.670333333333333,48000,1.728,train
data/raw/ravdess/Actor_22/03-01-06-02-02-02-22.wav,ravdess,fearful,strong,ravdess_22,female,3.6036041666666665,48000,1.664,train
data/raw/ravdess/Actor_22/03-01-07-01-01-01-22.wav,ravdess,disgust,normal,ravdess_22,female,3.7036875,48000,1.696,train
data/raw/ravdess/Actor_22/03-01-07-01-01-02-22.wav,ravdess,disgust,normal,ravdess_22,female,3.903895833333334,48000,1.92,train
data/raw/ravdess/Actor_22/03-01-07-01-02-01-22.wav,ravdess,disgust,normal,ravdess_22,female,3.8037916666666662,48000,1.856,train
data/raw/ravdess/Actor_22/03-01-07-01-02-02-22.wav,ravdess,disgust,normal,ravdess_22,female,3.8371666666666666,48000,1.888,train
data/raw/ravdess/Actor_22/03-01-07-02-01-01-22.wav,ravdess,disgust,strong,ravdess_22,female,4.2375625,48000,2.24,val
data/raw/ravdess/Actor_22/03-01-07-02-01-02-22.wav,ravdess,disgust,strong,ravdess_22,female,4.170833333333333,48000,2.176,train
data/raw/ravdess/Actor_22/03-01-07-02-02-01-22.wav,ravdess,disgust,strong,ravdess_22,female,4.204208333333334,48000,2.208,train
data/raw/ravdess/Actor_22/03-01-07-02-02-02-22.wav,ravdess,disgust,strong,ravdess_22,female,4.1040833333333335,48000,2.144,train
data/raw/ravdess/Actor_22/03-01-08-01-01-01-22.wav,ravdess,surprised,normal,ravdess_22,female,3.536875,48000,1.6,train
data/raw/ravdess/Actor_22/03-01-08-01-01-02-22.wav,ravdess,surprised,normal,ravdess_22,female,3.5702291666666666,48000,1.632,val
data/raw/ravdess/Actor_22/03-01-08-01-02-01-22.wav,ravdess,surprised,normal,ravdess_22,female,3.4367708333333336,48000,1.536,val
data/raw/ravdess/Actor_22/03-01-08-01-02-02-22.wav,ravdess,surprised,normal,ravdess_22,female,3.6036041666666665,48000,1.632,train
data/raw/ravdess/Actor_22/03-01-08-02-01-01-22.wav,ravdess,surprised,strong,ravdess_22,female,3.5702291666666666,48000,1.664,val
data/raw/ravdess/Actor_22/03-01-08-02-01-02-22.wav,ravdess,surprised,strong,ravdess_22,female,3.7370833333333335,48000,1.76,train
data/raw/ravdess/Actor_22/03-01-08-02-02-01-22.wav,ravdess,surprised,strong,ravdess_22,female,3.703708333333333,48000,1.76,test
data/raw/ravdess/Actor_22/03-01-08-02-02-02-22.wav,ravdess,surprised,strong,ravdess_22,female,3.6369583333333337,48000,1.664,train
data/raw/ravdess/Actor_23/03-01-01-01-01-01-23.wav,ravdess,neutral,normal,ravdess_23,male,3.8037916666666662,48000,1.792,train
data/raw/ravdess/Actor_23/03-01-01-01-01-02-23.wav,ravdess,neutral,normal,ravdess_23,male,3.7370625,48000,1.76,val
data/raw/ravdess/Actor_23/03-01-01-01-02-01-23.wav,ravdess,neutral,normal,ravdess_23,male,3.670333333333333,48000,1.664,train
data/raw/ravdess/Actor_23/03-01-01-01-02-02-23.wav,ravdess,neutral,normal,ravdess_23,male,3.8371666666666666,48000,1.856,train
data/raw/ravdess/Actor_23/03-01-02-01-01-01-23.wav,ravdess,calm,normal,ravdess_23,male,3.970625,48000,2.016,train
data/raw/ravdess/Actor_23/03-01-02-01-01-02-23.wav,ravdess,calm,normal,ravdess_23,male,4.070729166666666,48000,2.112,val
data/raw/ravdess/Actor_23/03-01-02-01-02-01-23.wav,ravdess,calm,normal,ravdess_23,male,4.170833333333333,48000,2.208,train
data/raw/ravdess/Actor_23/03-01-02-01-02-02-23.wav,ravdess,calm,normal,ravdess_23,male,4.004,48000,2.112,train
data/raw/ravdess/Actor_23/03-01-02-02-01-01-23.wav,ravdess,calm,strong,ravdess_23,male,4.604604166666666,48000,2.656,train
data/raw/ravdess/Actor_23/03-01-02-02-01-02-23.wav,ravdess,calm,strong,ravdess_23,male,4.604583333333333,48000,2.688,train
data/raw/ravdess/Actor_23/03-01-02-02-02-01-23.wav,ravdess,calm,strong,ravdess_23,male,4.104104166666667,48000,2.24,train
data/raw/ravdess/Actor_23/03-01-02-02-02-02-23.wav,ravdess,calm,strong,ravdess_23,male,4.571229166666667,48000,2.624,train
data/raw/ravdess/Actor_23/03-01-03-01-01-01-23.wav,ravdess,happy,normal,ravdess_23,male,3.3366666666666664,48000,1.344,train
data/raw/ravdess/Actor_23/03-01-03-01-01-02-23.wav,ravdess,happy,normal,ravdess_23,male,3.2699375,48000,1.312,val
data/raw/ravdess/Actor_23/03-01-03-01-02-01-23.wav,ravdess,happy,normal,ravdess_23,male,3.2365625,48000,1.312,train
data/raw/ravdess/Actor_23/03-01-03-01-02-02-23.wav,ravdess,happy,normal,ravdess_23,male,3.2699375,48000,1.344,train
data/raw/ravdess/Actor_23/03-01-03-02-01-01-23.wav,ravdess,happy,strong,ravdess_23,male,3.236583333333334,48000,1.248,train
data/raw/ravdess/Actor_23/03-01-03-02-01-02-23.wav,ravdess,happy,strong,ravdess_23,male,3.2031875,48000,1.216,train
data/raw/ravdess/Actor_23/03-01-03-02-02-01-23.wav,ravdess,happy,strong,ravdess_23,male,3.2365625,48000,1.248,train
data/raw/ravdess/Actor_23/03-01-03-02-02-02-23.wav,ravdess,happy,strong,ravdess_23,male,3.2365625,48000,1.248,val
data/raw/ravdess/Actor_23/03-01-04-01-01-01-23.wav,ravdess,sad,normal,ravdess_23,male,3.6036041666666665,48000,1.696,val
data/raw/ravdess/Actor_23/03-01-04-01-01-02-23.wav,ravdess,sad,normal,ravdess_23,male,3.8705416666666665,48000,1.952,train
data/raw/ravdess/Actor_23/03-01-04-01-02-01-23.wav,ravdess,sad,normal,ravdess_23,male,3.5702291666666666,48000,1.664,val
data/raw/ravdess/Actor_23/03-01-04-01-02-02-23.wav,ravdess,sad,normal,ravdess_23,male,3.670333333333333,48000,1.728,train
data/raw/ravdess/Actor_23/03-01-04-02-01-01-23.wav,ravdess,sad,strong,ravdess_23,male,4.2709375,48000,2.272,train
data/raw/ravdess/Actor_23/03-01-04-02-01-02-23.wav,ravdess,sad,strong,ravdess_23,male,4.371020833333334,48000,2.4,train
data/raw/ravdess/Actor_23/03-01-04-02-02-01-23.wav,ravdess,sad,strong,ravdess_23,male,3.9372708333333337,48000,2.016,train
data/raw/ravdess/Actor_23/03-01-04-02-02-02-23.wav,ravdess,sad,strong,ravdess_23,male,4.7380625,48000,3.296,train
data/raw/ravdess/Actor_23/03-01-05-01-01-01-23.wav,ravdess,angry,normal,ravdess_23,male,3.3033125,48000,1.28,train
data/raw/ravdess/Actor_23/03-01-05-01-01-02-23.wav,ravdess,angry,normal,ravdess_23,male,3.3033125,48000,1.312,train
data/raw/ravdess/Actor_23/03-01-05-01-02-01-23.wav,ravdess,angry,normal,ravdess_23,male,3.2699375,48000,1.312,val
data/raw/ravdess/Actor_23/03-01-05-01-02-02-23.wav,ravdess,angry,normal,ravdess_23,male,3.3366666666666664,48000,1.344,train
data/raw/ravdess/Actor_23/03-01-05-02-01-01-23.wav,ravdess,angry,strong,ravdess_23,male,3.403395833333333,48000,1.376,train
data/raw/ravdess/Actor_23/03-01-05-02-01-02-23.wav,ravdess,angry,strong,ravdess_23,male,3.3366666666666664,48000,1.28,train
data/raw/ravdess/Actor_23/03-01-05-02-02-01-23.wav,ravdess,angry,strong,ravdess_23,male,3.2365625,48000,1.248,train
data/raw/ravdess/Actor_23/03-01-05-02-02-02-23.wav,ravdess,angry,strong,ravdess_23,male,3.3032916666666665,48000,1.312,train
data/raw/ravdess/Actor_23/03-01-06-01-01-01-23.wav,ravdess,fearful,normal,ravdess_23,male,3.4367708333333336,48000,1.504,val
data/raw/ravdess/Actor_23/03-01-06-01-01-02-23.wav,ravdess,fearful,normal,ravdess_23,male,3.2365625,48000,1.28,test
data/raw/ravdess/Actor_23/03-01-06-01-02-01-23.wav,ravdess,fearful,normal,ravdess_23,male,3.136458333333333,48000,1.216,train
data/raw/ravdess/Actor_23/03-01-06-01-02-02-23.wav,ravdess,fearful,normal,ravdess_23,male,3.1031041666666668,48000,1.216,train
data/raw/ravdess/Actor_23/03-01-06-02-01-01-23.wav,ravdess,fearful,strong,ravdess_23,male,3.5702291666666666,48000,1.536,train
data/raw/ravdess/Actor_23/03-01-06-02-01-02-23.wav,ravdess,fearful,strong,ravdess_23,male,3.4367708333333336,48000,1.472,train
data/raw/ravdess/Actor_23/03-01-06-02-02-01-23.wav,ravdess,fearful,strong,ravdess_23,male,3.57025,48000,1.504,test
data/raw/ravdess/Actor_23/03-01-06-02-02-02-23.wav,ravdess,fearful,strong,ravdess_23,male,3.536875,48000,1.568,train
data/raw/ravdess/Actor_23/03-01-07-01-01-01-23.wav,ravdess,disgust,normal,ravdess_23,male,3.5702291666666666,48000,1.632,train
data/raw/ravdess/Actor_23/03-01-07-01-01-02-23.wav,ravdess,disgust,normal,ravdess_23,male,3.5702291666666666,48000,1.632,train
data/raw/ravdess/Actor_23/03-01-07-01-02-01-23.wav,ravdess,disgust,normal,ravdess_23,male,3.470125,48000,1.536,train
data/raw/ravdess/Actor_23/03-01-07-01-02-02-23.wav,ravdess,disgust,normal,ravdess_23,male,3.3366666666666664,48000,1.408,test
data/raw/ravdess/Actor_23/03-01-07-02-01-01-23.wav,ravdess,disgust,strong,ravdess_23,male,4.070729166666666,48000,2.112,train
data/raw/ravdess/Actor_23/03-01-07-02-01-02-23.wav,ravdess,disgust,strong,ravdess_23,male,3.8705208333333334,48000,1.92,train
data/raw/ravdess/Actor_23/03-01-07-02-02-01-23.wav,ravdess,disgust,strong,ravdess_23,male,3.7370625,48000,1.824,val
data/raw/ravdess/Actor_23/03-01-07-02-02-02-23.wav,ravdess,disgust,strong,ravdess_23,male,3.8705208333333334,48000,1.856,val
data/raw/ravdess/Actor_23/03-01-08-01-01-01-23.wav,ravdess,surprised,normal,ravdess_23,male,3.2699375,48000,1.28,val
data/raw/ravdess/Actor_23/03-01-08-01-01-02-23.wav,ravdess,surprised,normal,ravdess_23,male,3.2365625,48000,1.28,train
data/raw/ravdess/Actor_23/03-01-08-01-02-01-23.wav,ravdess,surprised,normal,ravdess_23,male,3.3032916666666665,48000,1.312,train
data/raw/ravdess/Actor_23/03-01-08-01-02-02-23.wav,ravdess,surprised,normal,ravdess_23,male,3.3033125,48000,1.312,train
data/raw/ravdess/Actor_23/03-01-08-02-01-01-23.wav,ravdess,surprised,strong,ravdess_23,male,3.5035,48000,1.472,val
data/raw/ravdess/Actor_23/03-01-08-02-01-02-23.wav,ravdess,surprised,strong,ravdess_23,male,3.3700208333333332,48000,1.376,test
data/raw/ravdess/Actor_23/03-01-08-02-02-01-23.wav,ravdess,surprised,strong,ravdess_23,male,3.3366666666666664,48000,1.312,train
data/raw/ravdess/Actor_23/03-01-08-02-02-02-23.wav,ravdess,surprised,strong,ravdess_23,male,3.3032916666666665,48000,1.312,train
data/raw/ravdess/Actor_24/03-01-01-01-01-01-24.wav,ravdess,neutral,normal,ravdess_24,female,3.703708333333333,48000,1.76,train
data/raw/ravdess/Actor_24/03-01-01-01-01-02-24.wav,ravdess,neutral,normal,ravdess_24,female,3.6369583333333337,48000,1.728,train
data/raw/ravdess/Actor_24/03-01-01-01-02-01-24.wav,ravdess,neutral,normal,ravdess_24,female,3.636979166666667,48000,1.728,test
data/raw/ravdess/Actor_24/03-01-01-01-02-02-24.wav,ravdess,neutral,normal,ravdess_24,female,3.6036041666666665,48000,1.632,train
data/raw/ravdess/Actor_24/03-01-02-01-01-01-24.wav,ravdess,calm,normal,ravdess_24,female,3.5702291666666666,48000,1.696,train
data/raw/ravdess/Actor_24/03-01-02-01-01-02-24.wav,ravdess,calm,normal,ravdess_24,female,3.5035,48000,1.632,val
data/raw/ravdess/Actor_24/03-01-02-01-02-01-24.wav,ravdess,calm,normal,ravdess_24,female,3.8705416666666665,48000,1.952,train
data/raw/ravdess/Actor_24/03-01-02-01-02-02-24.wav,ravdess,calm,normal,ravdess_24,female,3.7036875,48000,1.76,train
data/raw/ravdess/Actor_24/03-01-02-02-01-01-24.wav,ravdess,calm,strong,ravdess_24,female,4.104104166666667,48000,2.144,test
data/raw/ravdess/Actor_24/03-01-02-02-01-02-24.wav,ravdess,calm,strong,ravdess_24,female,4.070729166666666,48000,2.144,val
data/raw/ravdess/Actor_24/03-01-02-02-02-01-24.wav,ravdess,calm,strong,ravdess_24,female,4.037375,48000,2.08,train
data/raw/ravdess/Actor_24/03-01-02-02-02-02-24.wav,ravdess,calm,strong,ravdess_24,female,4.104104166666667,48000,2.144,train
data/raw/ravdess/Actor_24/03-01-03-01-01-01-24.wav,ravdess,happy,normal,ravdess_24,female,3.6036041666666665,48000,1.696,test
data/raw/ravdess/Actor_24/03-01-03-01-01-02-24.wav,ravdess,happy,normal,ravdess_24,female,3.903895833333334,48000,1.952,train
data/raw/ravdess/Actor_24/03-01-03-01-02-01-24.wav,ravdess,happy,normal,ravdess_24,female,3.5035,48000,1.568,train
data/raw/ravdess/Actor_24/03-01-03-01-02-02-24.wav,ravdess,happy,normal,ravdess_24,female,3.7370625,48000,1.76,train
data/raw/ravdess/Actor_24/03-01-03-02-01-01-24.wav,ravdess,happy,strong,ravdess_24,female,4.004,48000,1.984,train
data/raw/ravdess/Actor_24/03-01-03-02-01-02-24.wav,ravdess,happy,strong,ravdess_24,female,3.7704375,48000,1.696,train
data/raw/ravdess/Actor_24/03-01-03-02-02-01-24.wav,ravdess,happy,strong,ravdess_24,female,3.8705416666666665,48000,1.856,train
data/raw/ravdess/Actor_24/03-01-03-02-02-02-24.wav,ravdess,happy,strong,ravdess_24,female,3.8705416666666665,48000,1.856,train
data/raw/ravdess/Actor_24/03-01-04-01-01-01-24.wav,ravdess,sad,normal,ravdess_24,female,4.104104166666667,48000,2.144,train
data/raw/ravdess/Actor_24/03-01-04-01-01-02-24.wav,ravdess,sad,normal,ravdess_24,female,3.970625,48000,2.048,train
data/raw/ravdess/Actor_24/03-01-04-01-02-01-24.wav,ravdess,sad,normal,ravdess_24,female,3.536875,48000,1.536,train
data/raw/ravdess/Actor_24/03-01-04-01-02-02-24.wav,ravdess,sad,normal,ravdess_24,female,3.8371666666666666,48000,1.728,train
data/raw/ravdess/Actor_24/03-01-04-02-01-01-24.wav,ravdess,sad,strong,ravdess_24,female,4.404395833333333,48000,2.4,val
data/raw/ravdess/Actor_24/03-01-04-02-01-02-24.wav,ravdess,sad,strong,ravdess_24,female,4.57125,48000,2.624,val
data/raw/ravdess/Actor_24/03-01-04-02-02-01-24.wav,ravdess,sad,strong,ravdess_24,female,4.204208333333334,48000,2.72,test
data/raw/ravdess/Actor_24/03-01-04-02-02-02-24.wav,ravdess,sad,strong,ravdess_24,female,4.671333333333333,48000,2.752,train
data/raw/ravdess/Actor_24/03-01-05-01-01-01-24.wav,ravdess,angry,normal,ravdess_24,female,4.104104166666667,48000,2.048,train
data/raw/ravdess/Actor_24/03-01-05-01-01-02-24.wav,ravdess,angry,normal,ravdess_24,female,3.7370625,48000,1.696,train
data/raw/ravdess/Actor_24/03-01-05-01-02-01-24.wav,ravdess,angry,normal,ravdess_24,female,3.670333333333333,48000,1.696,test
data/raw/ravdess/Actor_24/03-01-05-01-02-02-24.wav,ravdess,angry,normal,ravdess_24,female,4.2041875,48000,2.176,val
data/raw/ravdess/Actor_24/03-01-05-02-01-01-24.wav,ravdess,angry,strong,ravdess_24,female,4.371041666666667,48000,2.304,train
data/raw/ravdess/Actor_24/03-01-05-02-01-02-24.wav,ravdess,angry,strong,ravdess_24,female,4.371041666666667,48000,2.304,val
data/raw/ravdess/Actor_24/03-01-05-02-02-01-24.wav,ravdess,angry,strong,ravdess_24,female,4.170833333333333,48000,2.208,train
data/raw/ravdess/Actor_24/03-01-05-02-02-02-24.wav,ravdess,angry,strong,ravdess_24,female,5.105104166666667,48000,3.104,test
data/raw/ravdess/Actor_24/03-01-06-01-01-01-24.wav,ravdess,fearful,normal,ravdess_24,female,4.104104166666667,48000,1.92,train
data/raw/ravdess/Actor_24/03-01-06-01-01-02-24.wav,ravdess,fearful,normal,ravdess_24,female,4.070729166666666,48000,2.112,train
data/raw/ravdess/Actor_24/03-01-06-01-02-01-24.wav,ravdess,fearful,normal,ravdess_24,female,3.93725,48000,1.856,test
data/raw/ravdess/Actor_24/03-01-06-01-02-02-24.wav,ravdess,fearful,normal,ravdess_24,female,4.004,48000,2.016,val
data/raw/ravdess/Actor_24/03-01-06-02-01-01-24.wav,ravdess,fearful,strong,ravdess_24,female,3.8371666666666666,48000,1.76,train
data/raw/ravdess/Actor_24/03-01-06-02-01-02-24.wav,ravdess,fearful,strong,ravdess_24,female,4.070729166666666,48000,1.92,train
data/raw/ravdess/Actor_24/03-01-06-02-02-01-24.wav,ravdess,fearful,strong,ravdess_24,female,3.603583333333334,48000,1.568,train
data/raw/ravdess/Actor_24/03-01-06-02-02-02-24.wav,ravdess,fearful,strong,ravdess_24,female,3.8371666666666666,48000,1.888,train
data/raw/ravdess/Actor_24/03-01-07-01-01-01-24.wav,ravdess,disgust,normal,ravdess_24,female,4.304291666666667,48000,2.304,train
data/raw/ravdess/Actor_24/03-01-07-01-01-02-24.wav,ravdess,disgust,normal,ravdess_24,female,4.104104166666667,48000,2.144,train
data/raw/ravdess/Actor_24/03-01-07-01-02-01-24.wav,ravdess,disgust,normal,ravdess_24,female,4.004,48000,2.016,train
data/raw/ravdess/Actor_24/03-01-07-01-02-02-24.wav,ravdess,disgust,normal,ravdess_24,female,4.070729166666666,48000,2.112,train
data/raw/ravdess/Actor_24/03-01-07-02-01-01-24.wav,ravdess,disgust,strong,ravdess_24,female,4.337666666666666,48000,2.464,train
data/raw/ravdess/Actor_24/03-01-07-02-01-02-24.wav,ravdess,disgust,strong,ravdess_24,female,4.637958333333334,48000,2.528,train
data/raw/ravdess/Actor_24/03-01-07-02-02-01-24.wav,ravdess,disgust,strong,ravdess_24,female,4.2375625,48000,2.048,train
data/raw/ravdess/Actor_24/03-01-07-02-02-02-24.wav,ravdess,disgust,strong,ravdess_24,female,4.437770833333333,48000,2.368,val
data/raw/ravdess/Actor_24/03-01-08-01-01-01-24.wav,ravdess,surprised,normal,ravdess_24,female,3.3033125,48000,1.376,train
data/raw/ravdess/Actor_24/03-01-08-01-01-02-24.wav,ravdess,surprised,normal,ravdess_24,female,3.4701458333333335,48000,1.472,val
data/raw/ravdess/Actor_24/03-01-08-01-02-01-24.wav,ravdess,surprised,normal,ravdess_24,female,3.370041666666667,48000,1.44,test
data/raw/ravdess/Actor_24/03-01-08-01-02-02-24.wav,ravdess,surprised,normal,ravdess_24,female,3.403395833333333,48000,1.44,val
data/raw/ravdess/Actor_24/03-01-08-02-01-01-24.wav,ravdess,surprised,strong,ravdess_24,female,3.9372708333333337,48000,1.92,train
data/raw/ravdess/Actor_24/03-01-08-02-01-02-24.wav,ravdess,surprised,strong,ravdess_24,female,3.970625,48000,1.952,train
data/raw/ravdess/Actor_24/03-01-08-02-02-01-24.wav,ravdess,surprised,strong,ravdess_24,female,3.670333333333333,48000,1.728,train
data/raw/ravdess/Actor_24/03-01-08-02-02-02-24.wav,ravdess,surprised,strong,ravdess_24,female,3.6369583333333337,48000,1.824,train
data/raw/tess/OAF_Fear/OAF_back_fear.wav,tess,fearful,normal,tess_OAF,female,1.7271237814368805,24414,1.44,val
data/raw/tess/OAF_Fear/OAF_bar_fear.wav,tess,fearful,normal,tess_OAF,female,1.6896862455967887,24414,1.568,train
data/raw/tess/OAF_Fear/OAF_base_fear.wav,tess,fearful,normal,tess_OAF,female,1.8691324649791103,24414,1.6,val
data/raw/tess/OAF_Fear/OAF_bath_fear.wav,tess,fearful,normal,tess_OAF,female,1.77516998443516,24414,1.536,train
data/raw/tess/OAF_Fear/OAF_bean_fear.wav,tess,fearful,normal,tess_OAF,female,1.6051855492750062,24414,1.4771875,train
data/raw/tess/OAF_Fear/OAF_beg_fear.wav,tess,fearful,normal,tess_OAF,female,1.6635536986974686,24414,1.536,test
data/raw/tess/OAF_Fear/OAF_bite_fear.wav,tess,fearful,normal,tess_OAF,female,1.3083067092651757,24414,1.2763125,val
data/raw/tess/OAF_Fear/OAF_boat_fear.wav,tess,fearful,normal,tess_OAF,female,1.514950438273122,24414,1.376,test
data/raw/tess/OAF_Fear/OAF_bone_fear.wav,tess,fearful,normal,tess_OAF,female,1.3869091504874254,24414,1.3549375,train
data/raw/tess/OAF_Fear/OAF_book_fear.wav,tess,fearful,normal,tess_OAF,female,1.4480625870402228,24414,1.344,train
data/raw/tess/OAF_Fear/OAF_bought_fear.wav,tess,fearful,normal,tess_OAF,female,1.4032522323257148,24414,1.3713125,train
data/raw/tess/OAF_Fear/OAF_burn_fear.wav,tess,fearful,normal,tess_OAF,female,1.4535512410911773,24414,1.4215625,train
data/raw/tess/OAF_Fear/OAF_cab_fear.wav,tess,fearful,normal,tess_OAF,female,1.6577783239125092,24414,1.5618125,train
data/raw/tess/OAF_Fear/OAF_calm_fear.wav,tess,fearful,normal,tess_OAF,female,1.4580158925206848,24414,1.4260625,train
data/raw/tess/OAF_Fear/OAF_came_fear.wav,tess,fearful,normal,tess_OAF,female,1.573482428115016,24414,1.5095,train
data/raw/tess/OAF_Fear/OAF_cause_fear.wav,tess,fearful,normal,tess_OAF,female,1.6944376177603016,24414,1.568,train
data/raw/tess/OAF_Fear/OAF_chain_fear.wav,tess,fearful,normal,tess_OAF,female,1.423732284754649,24414,1.39175,train
data/raw/tess/OAF_Fear/OAF_chair_fear.wav,tess,fearful,normal,tess_OAF,female,1.6869419185713117,24414,1.568,train
data/raw/tess/OAF_Fear/OAF_chalk_fear.wav,tess,fearful,normal,tess_OAF,female,1.5799131645777014,24414,1.472,train
data/raw/tess/OAF_Fear/OAF_chat_fear.wav,tess,fearful,normal,tess_OAF,female,1.6822315065126567,24414,1.504,train
data/raw/tess/OAF_Fear/OAF_check_fear.wav,tess,fearful,normal,tess_OAF,female,1.4512574752191365,24414,1.248,train
data/raw/tess/OAF_Fear/OAF_cheek_fear.wav,tess,fearful,normal,tess_OAF,female,1.7091013352994184,24414,1.44,train
data/raw/tess/OAF_Fear/OAF_chief_fear.wav,tess,fearful,normal,tess_OAF,female,1.7299500286720737,24414,1.632,val
data/raw/tess/OAF_Fear/OAF_choice_fear.wav,tess,fearful,normal,tess_OAF,female,1.6561399197181943,24414,1.6,test
data/raw/tess/OAF_Fear/OAF_cool_fear.wav,tess,fearful,normal,tess_OAF,female,1.6046940280167117,24414,1.504,train
data/raw/tess/OAF_Fear/OAF_dab_fear.wav,tess,fearful,normal,tess_OAF,female,1.4963955107725075,24414,1.4324375,test
data/raw/tess/OAF_Fear/OAF_date_fear.wav,tess,fearful,normal,tess_OAF,female,1.5777422790202342,24414,1.51375,train
data/raw/tess/OAF_Fear/OAF_dead_fear.wav,tess,fearful,normal,tess_OAF,female,1.5021299254526093,24414,1.4381875,train
data/raw/tess/OAF_Fear/OAF_death_fear.wav,tess,fearful,normal,tess_OAF,female,1.4556811665437863,24414,1.248,train
data/raw/tess/OAF_Fear/OAF_deep_fear.wav,tess,fearful,normal,tess_OAF,female,1.615548455804047,24414,1.44,train
data/raw/tess/OAF_Fear/OAF_dime_fear.wav,tess,fearful,normal,tess_OAF,female,1.601130498894077,24414,1.5371875,val
data/raw/tess/OAF_Fear/OAF_dip_fear.wav,tess,fearful,normal,tess_OAF,female,1.3964118948144508,24414,1.3324375,train
data/raw/tess/OAF_Fear/OAF_ditch_fear.wav,tess,fearful,normal,tess_OAF,female,1.803309576472516,24414,1.568,train
data/raw/tess/OAF_Fear/OAF_dodge_fear.wav,tess,fearful,normal,tess_OAF,female,1.8363643810928156,24414,1.44,val
data/raw/tess/OAF_Fear/OAF_dog_fear.wav,tess,fearful,normal,tess_OAF,female,1.4802572294585077,24414,1.376,test
data/raw/tess/OAF_Fear/OAF_doll_fear.wav,tess,fearful,normal,tess_OAF,female,1.674940607847956,24414,1.472,train
data/raw/tess/OAF_Fear/OAF_door_fear.wav,tess,fearful,normal,tess_OAF,female,1.498484476120259,24414,1.4345,train
data/raw/tess/OAF_Fear/OAF_fail_fear.wav,tess,fearful,normal,tess_OAF,female,1.5561972638649957,24414,1.46025,train
data/raw/tess/OAF_Fear/OAF_fall_fear.wav,tess,fearful,normal,tess_OAF,female,1.5851560579995083,24414,1.5531875,train
data/raw/tess/OAF_Fear/OAF_far_fear.wav,tess,fearful,normal,tess_OAF,female,1.5957237650528386,24414,1.53175,train
data/raw/tess/OAF_Fear/OAF_fat_fear.wav,tess,fearful,normal,tess_OAF,female,1.60088473826493,24414,1.472,train
data/raw/tess/OAF_Fear/OAF_fit_fear.wav,tess,fearful,normal,tess_OAF,female,1.5835995740149096,24414,1.408,train
data/raw/tess/OAF_Fear/OAF_five_fear.wav,tess,fearful,normal,tess_OAF,female,1.7106168591791595,24414,1.472,train
data/raw/tess/OAF_Fear/OAF_food_fear.wav,tess,fearful,normal,tess_OAF,female,1.5122083333333334,96000,1.344,train
data/raw/tess/OAF_Fear/OAF_gap_fear.wav,tess,fearful,normal,tess_OAF,female,1.6879659211927582,24414,1.44,train
data/raw/tess/OAF_Fear/OAF_gas_fear.wav,tess,fearful,normal,tess_OAF,female,1.556975505857295,24414,1.312,train
data/raw/tess/OAF_Fear/OAF_gaze_fear.wav,tess,fearful,normal,tess_OAF,female,1.6834193495535348,24414,1.568,val
data/raw/tess/OAF_Fear/OAF_germ_fear.wav,tess,fearful,normal,tess_OAF,female,1.6567133611862046,24414,1.59275,train
data/raw/tess/OAF_Fear/OAF_get_fear.wav,tess,fearful,normal,tess_OAF,female,1.2978618825264192,24414,1.216,test
data/raw/tess/OAF_Fear/OAF_gin_fear.wav,tess,fearful,normal,tess_OAF,female,1.5630376013762597,24414,1.4990625,train
data/raw/tess/OAF_Fear/OAF_goal_fear.wav,tess,fearful,normal,tess_OAF,female,1.593348078971082,24414,1.529375,val
data/raw/tess/OAF_Fear/OAF_good_fear.wav,tess,fearful,normal,tess_OAF,female,1.4809125911362333,24414,1.3849375,train
data/raw/tess/OAF_Fear/OAF_goose_fear.wav,tess,fearful,normal,tess_OAF,female,1.597157368722864,24414,1.408,test
data/raw/tess/OAF_Fear/OAF_gun_fear.wav,tess,fearful,normal,tess_OAF,female,1.6813303842057836,24414,1.521375,train
data/raw/tess/OAF_Fear/OAF_half_fear.wav,tess,fearful,normal,tess_OAF,female,1.656303760137626,24414,1.6243125,train
data/raw/tess/OAF_Fear/OAF_hall_fear.wav,tess,fearful,normal,tess_OAF,female,1.391291881707217,24414,1.28,train
data/raw/tess/OAF_Fear/OAF_hash_fear.wav,tess,fearful,normal,tess_OAF,female,1.8289096420086832,24414,1.696,train
data/raw/tess/OAF_Fear/OAF_hate_fear.wav,tess,fearful,normal,tess_OAF,female,1.4971327926599491,24414,1.408,val
data/raw/tess/OAF_Fear/OAF_have_fear.wav,tess,fearful,normal,tess_OAF,female,1.4927500614401572,24414,1.408,test
data/raw/tess/OAF_Fear/OAF_haze_fear.wav,tess,fearful,normal,tess_OAF,female,1.5838862947489143,24414,1.44,train
data/raw/tess/OAF_Fear/OAF_hire_fear.wav,tess,fearful,normal,tess_OAF,female,1.6607684115671335,24414,1.5968125,train
data/raw/tess/OAF_Fear/OAF_hit_fear.wav,tess,fearful,normal,tess_OAF,female,1.5951912836896862,24414,1.472,train
data/raw/tess/OAF_Fear/OAF_hole_fear.wav,tess,fearful,normal,tess_OAF,female,1.446137462111903,24414,1.3821875,train
data/raw/tess/OAF_Fear/OAF_home_fear.wav,tess,fearful,normal,tess_OAF,female,1.560702875399361,24414,1.49675,train
data/raw/tess/OAF_Fear/OAF_hurl_fear.wav,tess,fearful,normal,tess_OAF,female,1.3930941263209633,24414,1.393125,train
data/raw/tess/OAF_Fear/OAF_hush_fear.wav,tess,fearful,normal,tess_OAF,female,1.543294830834767,24414,1.44,train
data/raw/tess/OAF_Fear/OAF_jail_fear.wav,tess,fearful,normal,tess_OAF,female,1.7289669861554846,24414,1.6,val
data/raw/tess/OAF_Fear/OAF_jar_fear.wav,tess,fearful,normal,tess_OAF,female,1.657286802654215,24414,1.6,test
data/raw/tess/OAF_Fear/OAF_join_fear.wav,tess,fearful,normal,tess_OAF,female,1.5158515605799951,24414,1.408,test
data/raw/tess/OAF_Fear/OAF_judge_fear.wav,tess,fearful,normal,tess_OAF,female,1.423117883181781,24414,1.184,val
data/raw/tess/OAF_Fear/OAF_jug_fear.wav,tess,fearful,normal,tess_OAF,female,1.8268616367657904,24414,1.632,train
data/raw/tess/OAF_Fear/OAF_juice_fear.wav,tess,fearful,normal,tess_OAF,female,1.6342262636192348,24414,1.632,train
data/raw/tess/OAF_Fear/OAF_keen_fear.wav,tess,fearful,normal,tess_OAF,female,1.599942655853199,24414,1.536,train
data/raw/tess/OAF_Fear/OAF_keep_fear.wav,tess,fearful,normal,tess_OAF,female,1.675555009420824,24414,1.44,val
data/raw/tess/OAF_Fear/OAF_keg_fear.wav,tess,fearful,normal,tess_OAF,female,1.631359056279184,24414,1.599375,val
data/raw/tess/OAF_Fear/OAF_kick_fear.wav,tess,fearful,normal,tess_OAF,female,1.4254116490538216,24414,1.216,test
data/raw/tess/OAF_Fear/OAF_kill_fear.wav,tess,fearful,normal,tess_OAF,female,1.5065536167772589,24414,1.44,test
data/raw/tess/OAF_Fear/OAF_king_fear.wav,tess,fearful,normal,tess_OAF,female,1.6085852379782093,24414,1.544625,train
data/raw/tess/OAF_Fear/OAF_kite_fear.wav,tess,fearful,normal,tess_OAF,female,1.4605963791267305,24414,1.376,train
data/raw/tess/OAF_Fear/OAF_knock_fear.wav,tess,fearful,normal,tess_OAF,female,1.5390759400344065,24414,1.408,test
data/raw/tess/OAF_Fear/OAF_late_fear.wav,tess,fearful,normal,tess_OAF,female,1.8246088309986073,24414,1.504,test
data/raw/tess/OAF_Fear/OAF_laud_fear.wav,tess,fearful,normal,tess_OAF,female,1.5293683951830916,24414,1.497375,test
data/raw/tess/OAF_Fear/OAF_lean_fear.wav,tess,fearful,normal,tess_OAF,female,1.487220447284345,24414,1.376,train
data/raw/tess/OAF_Fear/OAF_learn_fear.wav,tess,fearful,normal,tess_OAF,female,1.6991480298189563,24414,1.5391875,train
data/raw/tess/OAF_Fear/OAF_lease_fear.wav,tess,fearful,normal,tess_OAF,female,1.5940444007536658,24414,1.44,train
data/raw/tess/OAF_Fear/OAF_lid_fear.wav,tess,fearful,normal,tess_OAF,female,1.5826165314983207,24414,1.486625,train
data/raw/tess/OAF_Fear/OAF_life_fear.wav,tess,fearful,normal,tess_OAF,female,1.8087982305234704,24414,1.632,train
data/raw/tess/OAF_Fear/OAF_limb_fear.wav,tess,fearful,normal,tess_OAF,female,1.465142950765954,24414,1.4011875,train
data/raw/tess/OAF_Fear/OAF_live_fear.wav,tess,fearful,normal,tess_OAF,female,1.621200950274433,24414,1.504,train
data/raw/tess/OAF_Fear/OAF_loaf_fear.wav,tess,fearful,normal,tess_OAF,female,1.7091013352994184,24414,1.44,train
data/raw/tess/OAF_Fear/OAF_long_fear.wav,tess,fearful,normal,tess_OAF,female,1.496231670353076,24414,1.408,train
data/raw/tess/OAF_Fear/OAF_lore_fear.wav,tess,fearful,normal,tess_OAF,female,1.674367166379946,24414,1.514375,train
data/raw/tess/OAF_Fear/OAF_lose_fear.wav,tess,fearful,normal,tess_OAF,female,1.446424182845908,24414,1.28,train
data/raw/tess/OAF_Fear/OAF_lot_fear.wav,tess,fearful,normal,tess_OAF,female,1.5453428360776604,24414,1.44,train
data/raw/tess/OAF_Fear/OAF_love_fear.wav,tess,fearful,normal,tess_OAF,female,1.5406324240190057,24414,1.5406875,train
data/raw/tess/OAF_Fear/OAF_luck_fear.wav,tess,fearful,normal,tess_OAF,female,1.620176947652986,24414,1.536,val
data/raw/tess/OAF_Fear/OAF_make_fear.wav,tess,fearful,normal,tess_OAF,female,1.5601703940362088,24414,1.344,train
data/raw/tess/OAF_Fear/OAF_match_fear.wav,tess,fearful,normal,tess_OAF,female,1.6424182845908086,24414,1.44,train
data/raw/tess/OAF_Fear/OAF_merge_fear.wav,tess,fearful,normal,tess_OAF,female,1.683665110182682,24414,1.504,train
data/raw/tess/OAF_Fear/OAF_mess_fear.wav,tess,fearful,normal,tess_OAF,female,1.70176947652986,24414,1.568,train
data/raw/tess/OAF_Fear/OAF_met_fear.wav,tess,fearful,normal,tess_OAF,female,1.4827557958548374,24414,1.408,test
data/raw/tess/OAF_Fear/OAF_mill_fear.wav,tess,fearful,normal,tess_OAF,female,1.4984025559105432,24414,1.4664375,train
data/raw/tess/OAF_Fear/OAF_mob_fear.wav,tess,fearful,normal,tess_OAF,female,1.5682804947980666,24414,1.504,test
data/raw/tess/OAF_Fear/OAF_mode_fear.wav,tess,fearful,normal,tess_OAF,female,1.5643483247317114,24414,1.468375,train
data/raw/tess/OAF_Fear/OAF_mood_fear.wav,tess,fearful,normal,tess_OAF,female,1.3869091504874254,24414,1.3229375,train
data/raw/tess/OAF_Fear/OAF_moon_fear.wav,tess,fearful,normal,tess_OAF,female,1.5371508151060866,24414,1.5051875,train
data/raw/tess/OAF_Fear/OAF_mop_fear.wav,tess,fearful,normal,tess_OAF,female,1.5765134758744983,24414,1.4805625,train
data/raw/tess/OAF_Fear/OAF_mouse_fear.wav,tess,fearful,normal,tess_OAF,female,1.594290161382813,24414,1.472,train
data/raw/tess/OAF_Fear/OAF_nag_fear.wav,tess,fearful,normal,tess_OAF,female,1.713238305890063,24414,1.6,train
data/raw/tess/OAF_Fear/OAF_name_fear.wav,tess,fearful,normal,tess_OAF,female,1.5325223232571474,24414,1.4685625,test
data/raw/tess/OAF_Fear/OAF_near_fear.wav,tess,fearful,normal,tess_OAF,female,1.4054640779880396,24414,1.3415,train
data/raw/tess/OAF_Fear/OAF_neat_fear.wav,tess,fearful,normal,tess_OAF,female,1.4994675186368478,24414,1.216,train
data/raw/tess/OAF_Fear/OAF_nice_fear.wav,tess,fearful,normal,tess_OAF,female,1.7718112558368149,24414,1.6,val
data/raw/tess/OAF_Fear/OAF_note_fear.wav,tess,fearful,normal,tess_OAF,female,1.4740722536249693,24414,1.28,train
data/raw/tess/OAF_Fear/OAF_numb_fear.wav,tess,fearful,normal,tess_OAF,female,1.561030556238224,24414,1.5290625,train
data/raw/tess/OAF_Fear/OAF_pad_fear.wav,tess,fearful,normal,tess_OAF,female,1.504587531744081,24414,1.472625,train
data/raw/tess/OAF_Fear/OAF_page_fear.wav,tess,fearful,normal,tess_OAF,female,1.6916932907348243,24414,1.504,train
data/raw/tess/OAF_Fear/OAF_pain_fear.wav,tess,fearful,normal,tess_OAF,female,1.7378143688047842,24414,1.577875,test
data/raw/tess/OAF_Fear/OAF_pass_fear.wav,tess,fearful,normal,tess_OAF,female,1.5283853526665028,24414,1.44,test
data/raw/tess/OAF_Fear/OAF_pearl_fear.wav,tess,fearful,normal,tess_OAF,female,1.5483329237322847,24414,1.484375,train
data/raw/tess/OAF_Fear/OAF_peg_fear.wav,tess,fearful,normal,tess_OAF,female,1.5119603506184975,24414,1.376,test
data/raw/tess/OAF_Fear/OAF_perch_fear.wav,tess,fearful,normal,tess_OAF,female,1.5814286884574424,24414,1.504,train
data/raw/tess/OAF_Fear/OAF_phone_fear.wav,tess,fearful,normal,tess_OAF,female,1.5583681494224626,24414,1.430375,train
data/raw/tess/OAF_Fear/OAF_pick_fear.wav,tess,fearful,normal,tess_OAF,female,1.5410420250675845,24414,1.312,train
data/raw/tess/OAF_Fear/OAF_pike_fear.wav,tess,fearful,normal,tess_OAF,female,1.560702875399361,24414,1.44,train
data/raw/tess/OAF_Fear/OAF_pole_fear.wav,tess,fearful,normal,tess_OAF,female,1.9860326042434668,24414,1.536,val
data/raw/tess/OAF_Fear/OAF_pool_fear.wav,tess,fearful,normal,tess_OAF,female,1.5175718849840256,24414,1.453625,val
data/raw/tess/OAF_Fear/OAF_puff_fear.wav,tess,fearful,normal,tess_OAF,female,1.5811829278282952,24414,1.408,train
data/raw/tess/OAF_Fear/OAF_rag_fear.wav,tess,fearful,normal,tess_OAF,female,1.5729089866470058,24414,1.408,train
data/raw/tess/OAF_Fear/OAF_raid_fear.wav,tess,fearful,normal,tess_OAF,female,1.559433112148767,24414,1.4954375,train
data/raw/tess/OAF_Fear/OAF_rain_fear.wav,tess,fearful,normal,tess_OAF,female,1.6148111739166051,24414,1.5508125,val
data/raw/tess/OAF_Fear/OAF_raise_fear.wav,tess,fearful,normal,tess_OAF,female,1.5830670926517572,24414,1.44,test
data/raw/tess/OAF_Fear/OAF_rat_fear.wav,tess,fearful,normal,tess_OAF,female,1.6504874252478086,24414,1.408,train
data/raw/tess/OAF_Fear/OAF_reach_fear.wav,tess,fearful,normal,tess_OAF,female,1.706397968378799,24414,1.536,train
data/raw/tess/OAF_Fear/OAF_read_fear.wav,tess,fearful,normal,tess_OAF,female,1.7286393053166216,24414,1.568,train
data/raw/tess/OAF_Fear/OAF_red_fear.wav,tess,fearful,normal,tess_OAF,female,1.4539608421397558,24414,1.312,train
data/raw/tess/OAF_Fear/OAF_ring_fear.wav,tess,fearful,normal,tess_OAF,female,1.6241910379290572,24414,1.52825,test
data/raw/tess/OAF_Fear/OAF_ripe_fear.wav,tess,fearful,normal,tess_OAF,female,1.5562382239698531,24414,1.42825,test
data/raw/tess/OAF_Fear/OAF_road_fear.wav,tess,fearful,normal,tess_OAF,female,1.671172278201032,24414,1.504,train
data/raw/tess/OAF_Fear/OAF_room_fear.wav,tess,fearful,normal,tess_OAF,female,1.5856475792578029,24414,1.5216875,train
data/raw/tess/OAF_Fear/OAF_rose_fear.wav,tess,fearful,normal,tess_OAF,female,1.570983861718686,24414,1.44,test
data/raw/tess/OAF_Fear/OAF_rot_fear.wav,tess,fearful,normal,tess_OAF,female,1.729786188252642,24414,1.504,train
data/raw/tess/OAF_Fear/OAF_rough_fear.wav,tess,fearful,normal,tess_OAF,female,1.6198492668141231,24414,1.408,val
data/raw/tess/OAF_Fear/OAF_rush_fear.wav,tess,fearful,normal,tess_OAF,female,1.633570901941509,24414,1.504,train
data/raw/tess/OAF_Fear/OAF_said_fear.wav,tess,fearful,normal,tess_OAF,female,1.587122143032686,24414,1.523125,train
data/raw/tess/OAF_Fear/OAF_sail_fear.wav,tess,fearful,normal,tess_OAF,female,1.5565249447038585,24414,1.4925625,test
data/raw/tess/OAF_Fear/OAF_search_fear.wav,tess,fearful,normal,tess_OAF,female,1.895387892193004,24414,1.536,test
data/raw/tess/OAF_Fear/OAF_seize_fear.wav,tess,fearful,normal,tess_OAF,female,1.7304415499303678,24414,1.568,val
data/raw/tess/OAF_Fear/OAF_sell_fear.wav,tess,fearful,normal,tess_OAF,female,1.5640206438928483,24414,1.5000625,train
data/raw/tess/OAF_Fear/OAF_shack_fear.wav,tess,fearful,normal,tess_OAF,female,1.6601949700991234,24414,1.504,train
data/raw/tess/OAF_Fear/OAF_shall_fear.wav,tess,fearful,normal,tess_OAF,female,1.8830179405259275,24414,1.696,train
data/raw/tess/OAF_Fear/OAF_shawl_fear.wav,tess,fearful,normal,tess_OAF,female,1.634185303514377,24414,1.5381875,val
data/raw/tess/OAF_Fear/OAF_sheep_fear.wav,tess,fearful,normal,tess_OAF,female,1.7700499713279263,24414,1.664,train
data/raw/tess/OAF_Fear/OAF_shirt_fear.wav,tess,fearful,normal,tess_OAF,female,1.2968788400098303,24414,1.2329375,train
data/raw/tess/OAF_Fear/OAF_should_fear.wav,tess,fearful,normal,tess_OAF,female,1.4877529286474973,24414,1.3918125,train
data/raw/tess/OAF_Fear/OAF_shout_fear.wav,tess,fearful,normal,tess_OAF,female,1.6393053166216105,24414,1.472,train
data/raw/tess/OAF_Fear/OAF_size_fear.wav,tess,fearful,normal,tess_OAF,female,1.7648070779061191,24414,1.696,val
data/raw/tess/OAF_Fear/OAF_soap_fear.wav,tess,fearful,normal,tess_OAF,female,1.71041205865487,24414,1.536,train
data/raw/tess/OAF_Fear/OAF_soup_fear.wav,tess,fearful,normal,tess_OAF,female,1.7912263455394446,24414,1.69525,train
data/raw/tess/OAF_Fear/OAF_sour_fear.wav,tess,fearful,normal,tess_OAF,female,1.5657409682968788,24414,1.472,train
data/raw/tess/OAF_Fear/OAF_south_fear.wav,tess,fearful,normal,tess_OAF,female,1.73846973048251,24414,1.6,train
data/raw/tess/OAF_Fear/OAF_sub_fear.wav,tess,fearful,normal,tess_OAF,female,1.6069058736790367,24414,1.536,train
data/raw/tess/OAF_Fear/OAF_such_fear.wav,tess,fearful,normal,tess_OAF,female,1.4682149586302942,24414,1.376,train
data/raw/tess/OAF_Fear/OAF_sure_fear.wav,tess,fearful,normal,tess_OAF,female,1.5403866633898582,24414,1.4764375,train
data/raw/tess/OAF_Fear/OAF_take_fear.wav,tess,fearful,normal,tess_OAF,female,1.6050217088555747,24414,1.472,test
data/raw/tess/OAF_Fear/OAF_talk_fear.wav,tess,fearful,normal,tess_OAF,female,1.69484721880888,24414,1.536,train
data/raw/tess/OAF_Fear/OAF_tape_fear.wav,tess,fearful,normal,tess_OAF,female,1.5399361022364215,24414,1.4759375,test
data/raw/tess/OAF_Fear/OAF_team_fear.wav,tess,fearful,normal,tess_OAF,female,1.6474973375931845,24414,1.6155,train
data/raw/tess/OAF_Fear/OAF_tell_fear.wav,tess,fearful,normal,tess_OAF,female,1.7084869337265502,24414,1.632,train
data/raw/tess/OAF_Fear/OAF_thin_fear.wav,tess,fearful,normal,tess_OAF,female,1.6094454001802243,24414,1.5775,train
data/raw/tess/OAF_Fear/OAF_third_fear.wav,tess,fearful,normal,tess_OAF,female,1.6068649135741788,24414,1.574875,train
data/raw/tess/OAF_Fear/OAF_thought_fear.wav,tess,fearful,normal,tess_OAF,female,1.6508970262963871,24414,1.5549375,val
data/raw/tess/OAF_Fear/OAF_thumb_fear.wav,tess,fearful,normal,tess_OAF,female,1.4617432620627508,24414,1.36575,train
data/raw/tess/OAF_Fear/OAF_time_fear.wav,tess,fearful,normal,tess_OAF,female,1.5138445154419595,24414,1.449875,test
data/raw/tess/OAF_Fear/OAF_tip_fear.wav,tess,fearful,normal,tess_OAF,female,1.715777832391251,24414,1.6198125,train
data/raw/tess/OAF_Fear/OAF_tire_fear.wav,tess,fearful,normal,tess_OAF,female,1.547964282788564,24414,1.452,train
data/raw/tess/OAF_Fear/OAF_ton_fear.wav,tess,fearful,normal,tess_OAF,female,1.6673220283443926,24414,1.539375,train
data/raw/tess/OAF_Fear/OAF_tool_fear.wav,tess,fearful,normal,tess_OAF,female,1.6935774555582863,24414,1.568,train
data/raw/tess/OAF_Fear/OAF_tough_fear.wav,tess,fearful,normal,tess_OAF,female,1.664209060375195,24414,1.536,train
data/raw/tess/OAF_Fear/OAF_turn_fear.wav,tess,fearful,normal,tess_OAF,female,1.771770295731957,24414,1.6438125,val
data/raw/tess/OAF_Fear/OAF_vine_fear.wav,tess,fearful,normal,tess_OAF,female,1.679896780535758,24414,1.6479375,test
data/raw/tess/OAF_Fear/OAF_voice_fear.wav,tess,fearful,normal,tess_OAF,female,1.8035143769968052,24414,1.664,test
data/raw/tess/OAF_Fear/OAF_void_fear.wav,tess,fearful,normal,tess_OAF,female,1.7212664864422054,24414,1.664,train
data/raw/tess/OAF_Fear/OAF_vote_fear.wav,tess,fearful,normal,tess_OAF,female,1.5867125419841075,24414,1.408,val
data/raw/tess/OAF_Fear/OAF_wag_fear.wav,tess,fearful,normal,tess_OAF,female,1.6717047595641843,24414,1.57575,test
data/raw/tess/OAF_Fear/OAF_walk_fear.wav,tess,fearful,normal,tess_OAF,female,2.0179405259277465,24414,1.568,val
data/raw/tess/OAF_Fear/OAF_wash_fear.wav,tess,fearful,normal,tess_OAF,female,1.5405914639141476,24414,1.44,val
data/raw/tess/OAF_Fear/OAF_week_fear.wav,tess,fearful,normal,tess_OAF,female,1.583722454329483,24414,1.376,val
data/raw/tess/OAF_Fear/OAF_wheat_fear.wav,tess,fearful,normal,tess_OAF,female,1.3667158187924962,24414,1.184,test
data/raw/tess/OAF_Fear/OAF_when_fear.wav,tess,fearful,normal,tess_OAF,female,1.6420906037519456,24414,1.610125,train
data/raw/tess/OAF_Fear/OAF_which_fear.wav,tess,fearful,normal,tess_OAF,female,1.7106987793888753,24414,1.568,train
data/raw/tess/OAF_Fear/OAF_whip_fear.wav,tess,fearful,normal,tess_OAF,female,1.5743016302121733,24414,1.5103125,train
data/raw/tess/OAF_Fear/OAF_white_fear.wav,tess,fearful,normal,tess_OAF,female,1.6019497009912345,24414,1.44,train
data/raw/tess/OAF_Fear/OAF_wife_fear.wav,tess,fearful,normal,tess_OAF,female,1.5316212009502743,24414,1.28,train
data/raw/tess/OAF_Fear/OAF_wire_fear.wav,tess,fearful,normal,tess_OAF,female,1.7034078807241746,24414,1.6074375,train
data/raw/tess/OAF_Fear/OAF_witch_fear.wav,tess,fearful,normal,tess_OAF,female,1.7816007208978455,24414,1.632,train
data/raw/tess/OAF_Fear/OAF_yearn_fear.wav,tess,fearful,normal,tess_OAF,female,1.3950192512492832,24414,1.3630625,test
data/raw/tess/OAF_Fear/OAF_yes_fear.wav,tess,fearful,normal,tess_OAF,female,1.5885967068075697,24414,1.472,train
data/raw/tess/OAF_Fear/OAF_young_fear.wav,tess,fearful,normal,tess_OAF,female,1.5571803063815843,24414,1.4931875,test
data/raw/tess/OAF_Fear/OAF_youth_fear.wav,tess,fearful,normal,tess_OAF,female,1.7557548947325303,24414,1.6,train
data/raw/tess/OAF_Pleasant_surprise/OAF_back_ps.wav,tess,surprised,normal,tess_OAF,female,2.032399442942574,24414,1.824,train
data/raw/tess/OAF_Pleasant_surprise/OAF_bar_ps.wav,tess,surprised,normal,tess_OAF,female,1.9344228721225527,24414,1.728,train
data/raw/tess/OAF_Pleasant_surprise/OAF_base_ps.wav,tess,surprised,normal,tess_OAF,female,2.1642909805849104,24414,1.952,test
data/raw/tess/OAF_Pleasant_surprise/OAF_bath_ps.wav,tess,surprised,normal,tess_OAF,female,2.0750798722044728,24414,2.011125,train
data/raw/tess/OAF_Pleasant_surprise/OAF_bean_ps.wav,tess,surprised,normal,tess_OAF,female,1.8108871958712216,24414,1.8109375,train
data/raw/tess/OAF_Pleasant_surprise/OAF_beg_ps.wav,tess,surprised,normal,tess_OAF,female,2.0610715163430817,24414,1.92,test
data/raw/tess/OAF_Pleasant_surprise/OAF_bite_ps.wav,tess,surprised,normal,tess_OAF,female,1.6766199721471289,24414,1.44,val
data/raw/tess/OAF_Pleasant_surprise/OAF_boat_ps.wav,tess,surprised,normal,tess_OAF,female,1.8656508560661915,24414,1.728,train
data/raw/tess/OAF_Pleasant_surprise/OAF_bone_ps.wav,tess,surprised,normal,tess_OAF,female,2.0649627263045796,24414,2.001,train
data/raw/tess/OAF_Pleasant_surprise/OAF_book_ps.wav,tess,surprised,normal,tess_OAF,female,1.7748423035962972,24414,1.6,train
data/raw/tess/OAF_Pleasant_surprise/OAF_bought_ps.wav,tess,surprised,normal,tess_OAF,female,2.060702875399361,24414,1.824,train
data/raw/tess/OAF_Pleasant_surprise/OAF_burn_ps.wav,tess,surprised,normal,tess_OAF,female,1.783321045301876,24414,1.696,train
data/raw/tess/OAF_Pleasant_surprise/OAF_cab_ps.wav,tess,surprised,normal,tess_OAF,female,1.894077168837552,24414,1.862125,val
data/raw/tess/OAF_Pleasant_surprise/OAF_calm_ps.wav,tess,surprised,normal,tess_OAF,female,2.2318751536003933,24414,2.08,train
data/raw/tess/OAF_Pleasant_surprise/OAF_came_ps.wav,tess,surprised,normal,tess_OAF,female,2.164659621528631,24414,2.048,train
data/raw/tess/OAF_Pleasant_surprise/OAF_cause_ps.wav,tess,surprised,normal,tess_OAF,female,1.95772917178668,24414,1.824,test
data/raw/tess/OAF_Pleasant_surprise/OAF_chain_ps.wav,tess,surprised,normal,tess_OAF,female,1.9531826001474564,24414,1.9211875,test
data/raw/tess/OAF_Pleasant_surprise/OAF_chair_ps.wav,tess,surprised,normal,tess_OAF,female,1.9913983779798476,24414,1.9594375,test
data/raw/tess/OAF_Pleasant_surprise/OAF_chalk_ps.wav,tess,surprised,normal,tess_OAF,female,2.010608667158188,24414,1.728,train
data/raw/tess/OAF_Pleasant_surprise/OAF_chat_ps.wav,tess,surprised,normal,tess_OAF,female,1.8442287212255264,24414,1.81225,train
data/raw/tess/OAF_Pleasant_surprise/OAF_check_ps.wav,tess,surprised,normal,tess_OAF,female,2.161505693454575,24414,1.952,train
data/raw/tess/OAF_Pleasant_surprise/OAF_cheek_ps.wav,tess,surprised,normal,tess_OAF,female,2.022077496518391,24414,1.76,test
data/raw/tess/OAF_Pleasant_surprise/OAF_chief_ps.wav,tess,surprised,normal,tess_OAF,female,2.1549520766773163,24414,2.155,train
data/raw/tess/OAF_Pleasant_surprise/OAF_choice_ps.wav,tess,surprised,normal,tess_OAF,female,1.8778979274186944,24414,1.856,train
data/raw/tess/OAF_Pleasant_surprise/OAF_cool_ps.wav,tess,surprised,normal,tess_OAF,female,1.7358073236667486,24414,1.6718125,test
data/raw/tess/OAF_Pleasant_surprise/OAF_dab_ps.wav,tess,surprised,normal,tess_OAF,female,2.0615630376013763,24414,2.029625,test
data/raw/tess/OAF_Pleasant_surprise/OAF_date_ps.wav,tess,surprised,normal,tess_OAF,female,1.9614565413287457,24414,1.92,train
data/raw/tess/OAF_Pleasant_surprise/OAF_dead_ps.wav,tess,surprised,normal,tess_OAF,female,2.0330548046202996,24414,1.856,train
data/raw/tess/OAF_Pleasant_surprise/OAF_death_ps.wav,tess,surprised,normal,tess_OAF,female,1.8607356434832472,24414,1.728,train
data/raw/tess/OAF_Pleasant_surprise/OAF_deep_ps.wav,tess,surprised,normal,tess_OAF,female,2.1215695912181536,24414,2.025625,test
data/raw/tess/OAF_Pleasant_surprise/OAF_dime_ps.wav,tess,surprised,normal,tess_OAF,female,1.8158433685590236,24414,1.728,train
data/raw/tess/OAF_Pleasant_surprise/OAF_dip_ps.wav,tess,surprised,normal,tess_OAF,female,2.2942573932989268,24414,2.2303125,test
data/raw/tess/OAF_Pleasant_surprise/OAF_ditch_ps.wav,tess,surprised,normal,tess_OAF,female,2.00286720734005,24414,1.938875,test
data/raw/tess/OAF_Pleasant_surprise/OAF_dodge_ps.wav,tess,surprised,normal,tess_OAF,female,2.0580404685835996,24414,2.016,test
data/raw/tess/OAF_Pleasant_surprise/OAF_dog_ps.wav,tess,surprised,normal,tess_OAF,female,2.194232817236012,24414,2.08,val
data/raw/tess/OAF_Pleasant_surprise/OAF_doll_ps.wav,tess,surprised,normal,tess_OAF,female,2.1966494634226263,24414,2.112,val
data/raw/tess/OAF_Pleasant_surprise/OAF_door_ps.wav,tess,surprised,normal,tess_OAF,female,1.7544032112722208,24414,1.664,train
data/raw/tess/OAF_Pleasant_surprise/OAF_fail_ps.wav,tess,surprised,normal,tess_OAF,female,1.964282788563939,24414,1.9323125,val
data/raw/tess/OAF_Pleasant_surprise/OAF_fall_ps.wav,tess,surprised,normal,tess_OAF,female,1.8369378225608255,24414,1.837,train
data/raw/tess/OAF_Pleasant_surprise/OAF_far_ps.wav,tess,surprised,normal,tess_OAF,female,2.0484148439420005,24414,1.92,train
data/raw/tess/OAF_Pleasant_surprise/OAF_fat_ps.wav,tess,surprised,normal,tess_OAF,female,1.9830425165888423,24414,1.824,val
data/raw/tess/OAF_Pleasant_surprise/OAF_fit_ps.wav,tess,surprised,normal,tess_OAF,female,1.866797739002212,24414,1.8348125,train
data/raw/tess/OAF_Pleasant_surprise/OAF_five_ps.wav,tess,surprised,normal,tess_OAF,female,2.217375276480708,24414,2.1214375,test
data/raw/tess/OAF_Pleasant_surprise/OAF_food_ps.wav,tess,surprised,normal,tess_OAF,female,2.113336610141722,24414,2.08,test
data/raw/tess/OAF_Pleasant_surprise/OAF_gap_ps.wav,tess,surprised,normal,tess_OAF,female,1.9815679528139591,24414,1.728,train
data/raw/tess/OAF_Pleasant_surprise/OAF_gas_ps.wav,tess,surprised,normal,tess_OAF,female,2.403252232325715,24414,2.368,train
data/raw/tess/OAF_Pleasant_surprise/OAF_gaze_ps.wav,tess,surprised,normal,tess_OAF,female,2.1359056279184077,24414,1.952,train
data/raw/tess/OAF_Pleasant_surprise/OAF_germ_ps.wav,tess,surprised,normal,tess_OAF,female,2.1483984599000574,24414,2.08,train
data/raw/tess/OAF_Pleasant_surprise/OAF_get_ps.wav,tess,surprised,normal,tess_OAF,female,1.937822560825756,24414,1.792,train
data/raw/tess/OAF_Pleasant_surprise/OAF_gin_ps.wav,tess,surprised,normal,tess_OAF,female,2.0552961415581223,24414,1.984,train
data/raw/tess/OAF_Pleasant_surprise/OAF_goal_ps.wav,tess,surprised,normal,tess_OAF,female,1.942123371835832,24414,1.910125,train
data/raw/tess/OAF_Pleasant_surprise/OAF_good_ps.wav,tess,surprised,normal,tess_OAF,female,1.8022446137462111,24414,1.73825,val
data/raw/tess/OAF_Pleasant_surprise/OAF_goose_ps.wav,tess,surprised,normal,tess_OAF,female,2.127344966003113,24414,1.888,train
data/raw/tess/OAF_Pleasant_surprise/OAF_gun_ps.wav,tess,surprised,normal,tess_OAF,female,1.98251003522569,24414,1.9185625,train
data/raw/tess/OAF_Pleasant_surprise/OAF_half_ps.wav,tess,surprised,normal,tess_OAF,female,1.9836978782665684,24414,1.95175,train
data/raw/tess/OAF_Pleasant_surprise/OAF_hall_ps.wav,tess,surprised,normal,tess_OAF,female,2.1107970836405343,24414,1.984,train
data/raw/tess/OAF_Pleasant_surprise/OAF_hash_ps.wav,tess,surprised,normal,tess_OAF,female,1.9261079708364053,24414,1.92,train
data/raw/tess/OAF_Pleasant_surprise/OAF_hate_ps.wav,tess,surprised,normal,tess_OAF,female,1.9864831653969035,24414,1.9545,train
data/raw/tess/OAF_Pleasant_surprise/OAF_have_ps.wav,tess,surprised,normal,tess_OAF,female,2.159007127058245,24414,2.1270625,train
data/raw/tess/OAF_Pleasant_surprise/OAF_haze_ps.wav,tess,surprised,normal,tess_OAF,female,2.1325059392152044,24414,2.048,val
data/raw/tess/OAF_Pleasant_surprise/OAF_hire_ps.wav,tess,surprised,normal,tess_OAF,female,2.0814696485623,24414,1.984,train
data/raw/tess/OAF_Pleasant_surprise/OAF_hit_ps.wav,tess,surprised,normal,tess_OAF,female,1.8310395674612927,24414,1.728,train
data/raw/tess/OAF_Pleasant_surprise/OAF_hole_ps.wav,tess,surprised,normal,tess_OAF,female,2.188785123289916,24414,2.112,train
data/raw/tess/OAF_Pleasant_surprise/OAF_home_ps.wav,tess,surprised,normal,tess_OAF,female,1.8525026624068155,24414,1.8525625,train
data/raw/tess/OAF_Pleasant_surprise/OAF_hurl_ps.wav,tess,surprised,normal,tess_OAF,female,1.8391906283280088,24414,1.83925,train
data/raw/tess/OAF_Pleasant_surprise/OAF_hush_ps.wav,tess,surprised,normal,tess_OAF,female,2.0235520602932744,24414,1.92,train
data/raw/tess/OAF_Pleasant_surprise/OAF_jail_ps.wav,tess,surprised,normal,tess_OAF,female,2.0203571721143607,24414,1.984,train
data/raw/tess/OAF_Pleasant_surprise/OAF_jar_ps.wav,tess,surprised,normal,tess_OAF,female,1.9558859670680755,24414,1.9239375,train
data/raw/tess/OAF_Pleasant_surprise/OAF_join_ps.wav,tess,surprised,normal,tess_OAF,female,2.113049889407717,24414,2.0170625,train
data/raw/tess/OAF_Pleasant_surprise/OAF_judge_ps.wav,tess,surprised,normal,tess_OAF,female,2.3043335790939623,24414,2.304,train
data/raw/tess/OAF_Pleasant_surprise/OAF_jug_ps.wav,tess,surprised,normal,tess_OAF,female,2.2308921110838043,24414,1.984,val
data/raw/tess/OAF_Pleasant_surprise/OAF_juice_ps.wav,tess,surprised,normal,tess_OAF,female,2.219914802981896,24414,2.016,val
data/raw/tess/OAF_Pleasant_surprise/OAF_keen_ps.wav,tess,surprised,normal,tess_OAF,female,1.9283198164987303,24414,1.864375,train
data/raw/tess/OAF_Pleasant_surprise/OAF_keep_ps.wav,tess,surprised,normal,tess_OAF,female,2.1237404767756205,24414,2.02775,train
data/raw/tess/OAF_Pleasant_surprise/OAF_keg_ps.wav,tess,surprised,normal,tess_OAF,female,2.0212992545260917,24414,1.824,train
data/raw/tess/OAF_Pleasant_surprise/OAF_kick_ps.wav,tess,surprised,normal,tess_OAF,female,2.0937986401245188,24414,1.92,test
data/raw/tess/OAF_Pleasant_surprise/OAF_kill_ps.wav,tess,surprised,normal,tess_OAF,female,2.234414680101581,24414,2.2024375,train
data/raw/tess/OAF_Pleasant_surprise/OAF_king_ps.wav,tess,surprised,normal,tess_OAF,female,1.913410338330466,24414,1.8814375,train
data/raw/tess/OAF_Pleasant_surprise/OAF_kite_ps.wav,tess,surprised,normal,tess_OAF,female,1.9133284181207504,24414,1.792,train
data/raw/tess/OAF_Pleasant_surprise/OAF_knock_ps.wav,tess,surprised,normal,tess_OAF,female,2.0656590480871633,24414,2.0656875,test
data/raw/tess/OAF_Pleasant_surprise/OAF_late_ps.wav,tess,surprised,normal,tess_OAF,female,1.958220693044974,24414,1.856,train
data/raw/tess/OAF_Pleasant_surprise/OAF_laud_ps.wav,tess,surprised,normal,tess_OAF,female,1.7852461702301958,24414,1.75325,test
data/raw/tess/OAF_Pleasant_surprise/OAF_lean_ps.wav,tess,surprised,normal,tess_OAF,female,2.0688948963709346,24414,2.016,train
data/raw/tess/OAF_Pleasant_surprise/OAF_learn_ps.wav,tess,surprised,normal,tess_OAF,female,2.06590480871631,24414,1.9699375,train
data/raw/tess/OAF_Pleasant_surprise/OAF_lease_ps.wav,tess,surprised,normal,tess_OAF,female,2.171540919144753,24414,2.08,train
data/raw/tess/OAF_Pleasant_surprise/OAF_lid_ps.wav,tess,surprised,normal,tess_OAF,female,2.003973130171213,24414,1.876,val
data/raw/tess/OAF_Pleasant_surprise/OAF_life_ps.wav,tess,surprised,normal,tess_OAF,female,2.2363807651347587,24414,2.2044375,train
data/raw/tess/OAF_Pleasant_surprise/OAF_limb_ps.wav,tess,surprised,normal,tess_OAF,female,1.8961661341853036,24414,1.856,train
data/raw/tess/OAF_Pleasant_surprise/OAF_live_ps.wav,tess,surprised,normal,tess_OAF,female,2.0151961989022693,24414,1.95125,train
data/raw/tess/OAF_Pleasant_surprise/OAF_loaf_ps.wav,tess,surprised,normal,tess_OAF,female,2.054231178831818,24414,1.99025,train
data/raw/tess/OAF_Pleasant_surprise/OAF_long_ps.wav,tess,surprised,normal,tess_OAF,female,2.159334807897108,24414,2.063375,val
data/raw/tess/OAF_Pleasant_surprise/OAF_lore_ps.wav,tess,surprised,normal,tess_OAF,female,2.094372081592529,24414,2.048,train
data/raw/tess/OAF_Pleasant_surprise/OAF_lose_ps.wav,tess,surprised,normal,tess_OAF,female,2.3947325305152782,24414,2.272,train
data/raw/tess/OAF_Pleasant_surprise/OAF_lot_ps.wav,tess,surprised,normal,tess_OAF,female,1.9701400835586136,24414,1.888,train
data/raw/tess/OAF_Pleasant_surprise/OAF_love_ps.wav,tess,surprised,normal,tess_OAF,female,1.935037273695421,24414,1.76,train
data/raw/tess/OAF_Pleasant_surprise/OAF_luck_ps.wav,tess,surprised,normal,tess_OAF,female,2.2034898009338906,24414,1.856,test
data/raw/tess/OAF_Pleasant_surprise/OAF_make_ps.wav,tess,surprised,normal,tess_OAF,female,2.076923076923077,24414,1.92,train
data/raw/tess/OAF_Pleasant_surprise/OAF_match_ps.wav,tess,surprised,normal,tess_OAF,female,1.7760711067420332,24414,1.776125,train
data/raw/tess/OAF_Pleasant_surprise/OAF_merge_ps.wav,tess,surprised,normal,tess_OAF,female,2.016302121733432,24414,1.92,train
data/raw/tess/OAF_Pleasant_surprise/OAF_mess_ps.wav,tess,surprised,normal,tess_OAF,female,2.0955189645285492,24414,2.016,train
data/raw/tess/OAF_Pleasant_surprise/OAF_met_ps.wav,tess,surprised,normal,tess_OAF,female,2.211108380437454,24414,2.016,test
data/raw/tess/OAF_Pleasant_surprise/OAF_mill_ps.wav,tess,surprised,normal,tess_OAF,female,2.1112886048988284,24414,2.0153125,val
data/raw/tess/OAF_Pleasant_surprise/OAF_mob_ps.wav,tess,surprised,normal,tess_OAF,female,2.125174080445646,24414,2.0611875,train
data/raw/tess/OAF_Pleasant_surprise/OAF_mode_ps.wav,tess,surprised,normal,tess_OAF,female,2.196526583108053,24414,2.1325625,train
data/raw/tess/OAF_Pleasant_surprise/OAF_mood_ps.wav,tess,surprised,normal,tess_OAF,female,2.123986237404768,24414,2.048,train
data/raw/tess/OAF_Pleasant_surprise/OAF_moon_ps.wav,tess,surprised,normal,tess_OAF,female,2.137298271483575,24414,2.08,train
data/raw/tess/OAF_Pleasant_surprise/OAF_mop_ps.wav,tess,surprised,normal,tess_OAF,female,1.958220693044974,24414,1.92625,train
data/raw/tess/OAF_Pleasant_surprise/OAF_mouse_ps.wav,tess,surprised,normal,tess_OAF,female,2.1041615466535593,24414,2.048,train
data/raw/tess/OAF_Pleasant_surprise/OAF_nag_ps.wav,tess,surprised,normal,tess_OAF,female,2.1458998935037275,24414,1.952,test
data/raw/tess/OAF_Pleasant_surprise/OAF_name_ps.wav,tess,surprised,normal,tess_OAF,female,1.8454575243712623,24414,1.7815,train
data/raw/tess/OAF_Pleasant_surprise/OAF_near_ps.wav,tess,surprised,normal,tess_OAF,female,2.212664864422053,24414,2.1486875,test
data/raw/tess/OAF_Pleasant_surprise/OAF_neat_ps.wav,tess,surprised,normal,tess_OAF,female,2.088473826492996,24414,2.0565,val
data/raw/tess/OAF_Pleasant_surprise/OAF_nice_ps.wav,tess,surprised,normal,tess_OAF,female,2.1281232079954124,24414,2.048,train
data/raw/tess/OAF_Pleasant_surprise/OAF_note_ps.wav,tess,surprised,normal,tess_OAF,female,2.039813221921848,24414,1.856,train
data/raw/tess/OAF_Pleasant_surprise/OAF_numb_ps.wav,tess,surprised,normal,tess_OAF,female,2.004300811010076,24414,1.888,val
data/raw/tess/OAF_Pleasant_surprise/OAF_pad_ps.wav,tess,surprised,normal,tess_OAF,female,1.865405095437044,24414,1.6,train
data/raw/tess/OAF_Pleasant_surprise/OAF_page_ps.wav,tess,surprised,normal,tess_OAF,female,2.1443024494142704,24414,2.08,train
data/raw/tess/OAF_Pleasant_surprise/OAF_pain_ps.wav,tess,surprised,normal,tess_OAF,female,2.032358482837716,24414,1.968375,train
data/raw/tess/OAF_Pleasant_surprise/OAF_pass_ps.wav,tess,surprised,normal,tess_OAF,female,2.29880396493815,24414,2.2668125,train
data/raw/tess/OAF_Pleasant_surprise/OAF_pearl_ps.wav,tess,surprised,normal,tess_OAF,female,2.1125993282542805,24414,1.984,val
data/raw/tess/OAF_Pleasant_surprise/OAF_peg_ps.wav,tess,surprised,normal,tess_OAF,female,2.0750798722044728,24414,2.043125,val
data/raw/tess/OAF_Pleasant_surprise/OAF_perch_ps.wav,tess,surprised,normal,tess_OAF,female,2.370934709592857,24414,2.176,train
data/raw/tess/OAF_Pleasant_surprise/OAF_phone_ps.wav,tess,surprised,normal,tess_OAF,female,1.9460555419021872,24414,1.8820625,train
data/raw/tess/OAF_Pleasant_surprise/OAF_pick_ps.wav,tess,surprised,normal,tess_OAF,female,1.8218645039731305,24414,1.664,train
data/raw/tess/OAF_Pleasant_surprise/OAF_pike_ps.wav,tess,surprised,normal,tess_OAF,female,1.8316130089293028,24414,1.6,train
data/raw/tess/OAF_Pleasant_surprise/OAF_pole_ps.wav,tess,surprised,normal,tess_OAF,female,1.9416318505775376,24414,1.8136875,train
data/raw/tess/OAF_Pleasant_surprise/OAF_pool_ps.wav,tess,surprised,normal,tess_OAF,female,2.1020316212009504,24414,2.016,train
data/raw/tess/OAF_Pleasant_surprise/OAF_puff_ps.wav,tess,surprised,normal,tess_OAF,female,2.000081920209716,24414,1.968125,train
data/raw/tess/OAF_Pleasant_surprise/OAF_rag_ps.wav,tess,surprised,normal,tess_OAF,female,1.9357745555828625,24414,1.856,test
data/raw/tess/OAF_Pleasant_surprise/OAF_raid_ps.wav,tess,surprised,normal,tess_OAF,female,2.19427377734087,24414,2.112,train
data/raw/tess/OAF_Pleasant_surprise/OAF_rain_ps.wav,tess,surprised,normal,tess_OAF,female,1.9168100270336692,24414,1.8528125,train
data/raw/tess/OAF_Pleasant_surprise/OAF_raise_ps.wav,tess,surprised,normal,tess_OAF,female,2.102195461620382,24414,1.92,train
data/raw/tess/OAF_Pleasant_surprise/OAF_rat_ps.wav,tess,surprised,normal,tess_OAF,female,1.8407471123126076,24414,1.696,val
data/raw/tess/OAF_Pleasant_surprise/OAF_reach_ps.wav,tess,surprised,normal,tess_OAF,female,2.1835422298681086,24414,2.112,test
data/raw/tess/OAF_Pleasant_surprise/OAF_read_ps.wav,tess,surprised,normal,tess_OAF,female,2.005324813631523,24414,1.973375,train
data/raw/tess/OAF_Pleasant_surprise/OAF_red_ps.wav,tess,surprised,normal,tess_OAF,female,2.103629065290407,24414,2.048,train
data/raw/tess/OAF_Pleasant_surprise/OAF_ring_ps.wav,tess,surprised,normal,tess_OAF,female,1.882936020316212,24414,1.8509375,val
data/raw/tess/OAF_Pleasant_surprise/OAF_ripe_ps.wav,tess,surprised,normal,tess_OAF,female,2.1491357417874988,24414,2.0851875,train
data/raw/tess/OAF_Pleasant_surprise/OAF_road_ps.wav,tess,surprised,normal,tess_OAF,female,1.917506348816253,24414,1.8535625,val
data/raw/tess/OAF_Pleasant_surprise/OAF_room_ps.wav,tess,surprised,normal,tess_OAF,female,1.8226837060702876,24414,1.696,train
data/raw/tess/OAF_Pleasant_surprise/OAF_rose_ps.wav,tess,surprised,normal,tess_OAF,female,2.1773572540345705,24414,2.016,train
data/raw/tess/OAF_Pleasant_surprise/OAF_rot_ps.wav,tess,surprised,normal,tess_OAF,female,1.8186696157942164,24414,1.728,train
data/raw/tess/OAF_Pleasant_surprise/OAF_rough_ps.wav,tess,surprised,normal,tess_OAF,female,2.2236831326288193,24414,2.144,train
data/raw/tess/OAF_Pleasant_surprise/OAF_rush_ps.wav,tess,surprised,normal,tess_OAF,female,1.925002048005243,24414,1.824,train
data/raw/tess/OAF_Pleasant_surprise/OAF_said_ps.wav,tess,surprised,normal,tess_OAF,female,1.896657655443598,24414,1.856,train
data/raw/tess/OAF_Pleasant_surprise/OAF_sail_ps.wav,tess,surprised,normal,tess_OAF,female,2.184893913328418,24414,1.984,train
data/raw/tess/OAF_Pleasant_surprise/OAF_search_ps.wav,tess,surprised,normal,tess_OAF,female,2.2931105103629066,24414,2.176,train
data/raw/tess/OAF_Pleasant_surprise/OAF_seize_ps.wav,tess,surprised,normal,tess_OAF,female,2.0530023756860816,24414,1.984,val
data/raw/tess/OAF_Pleasant_surprise/OAF_sell_ps.wav,tess,surprised,normal,tess_OAF,female,1.900712705824527,24414,1.856,train
data/raw/tess/OAF_Pleasant_surprise/OAF_shack_ps.wav,tess,surprised,normal,tess_OAF,female,1.88969443761776,24414,1.792,train
data/raw/tess/OAF_Pleasant_surprise/OAF_shall_ps.wav,tess,surprised,normal,tess_OAF,female,2.1916113705251083,24414,2.112,val
data/raw/tess/OAF_Pleasant_surprise/OAF_shawl_ps.wav,tess,surprised,normal,tess_OAF,female,2.0185549275006145,24414,1.92,train
data/raw/tess/OAF_Pleasant_surprise/OAF_sheep_ps.wav,tess,surprised,normal,tess_OAF,female,2.1038338658146967,24414,2.039875,train
data/raw/tess/OAF_Pleasant_surprise/OAF_shirt_ps.wav,tess,surprised,normal,tess_OAF,female,1.940894568690096,24414,1.856,val
data/raw/tess/OAF_Pleasant_surprise/OAF_should_ps.wav,tess,surprised,normal,tess_OAF,female,2.0505857294994674,24414,1.92,train
data/raw/tess/OAF_Pleasant_surprise/OAF_shout_ps.wav,tess,surprised,normal,tess_OAF,female,2.098058491029737,24414,2.016,train
data/raw/tess/OAF_Pleasant_surprise/OAF_size_ps.wav,tess,surprised,normal,tess_OAF,female,2.369951667076268,24414,2.208,train
data/raw/tess/OAF_Pleasant_surprise/OAF_soap_ps.wav,tess,surprised,normal,tess_OAF,female,1.931473744572786,24414,1.8995,train
data/raw/tess/OAF_Pleasant_surprise/OAF_soup_ps.wav,tess,surprised,normal,tess_OAF,female,2.242442860653723,24414,2.1145,train
data/raw/tess/OAF_Pleasant_surprise/OAF_sour_ps.wav,tess,surprised,normal,tess_OAF,female,2.1470877365446057,24414,2.112,train
data/raw/tess/OAF_Pleasant_surprise/OAF_south_ps.wav,tess,surprised,normal,tess_OAF,female,2.176824772671418,24414,2.08,train
data/raw/tess/OAF_Pleasant_surprise/OAF_sub_ps.wav,tess,surprised,normal,tess_OAF,female,1.8597116408618009,24414,1.824,train
data/raw/tess/OAF_Pleasant_surprise/OAF_such_ps.wav,tess,surprised,normal,tess_OAF,female,2.255304333579094,24414,2.2233125,test
data/raw/tess/OAF_Pleasant_surprise/OAF_sure_ps.wav,tess,surprised,normal,tess_OAF,female,1.9302039813221925,24414,1.89825,val
data/raw/tess/OAF_Pleasant_surprise/OAF_take_ps.wav,tess,surprised,normal,tess_OAF,female,2.056320144179569,24414,1.92,train
data/raw/tess/OAF_Pleasant_surprise/OAF_talk_ps.wav,tess,surprised,normal,tess_OAF,female,2.170721717047595,24414,1.984,train
data/raw/tess/OAF_Pleasant_surprise/OAF_tape_ps.wav,tess,surprised,normal,tess_OAF,female,2.1654378635209306,24414,1.984,train
data/raw/tess/OAF_Pleasant_surprise/OAF_team_ps.wav,tess,surprised,normal,tess_OAF,female,2.0702465798312444,24414,2.03825,train
data/raw/tess/OAF_Pleasant_surprise/OAF_tell_ps.wav,tess,surprised,normal,tess_OAF,female,2.2190956008847382,24414,2.155125,train
data/raw/tess/OAF_Pleasant_surprise/OAF_thin_ps.wav,tess,surprised,normal,tess_OAF,female,2.2043909232407635,24414,2.0764375,test
data/raw/tess/OAF_Pleasant_surprise/OAF_third_ps.wav,tess,surprised,normal,tess_OAF,female,1.9973375931842383,24414,1.965375,train
data/raw/tess/OAF_Pleasant_surprise/OAF_thought_ps.wav,tess,surprised,normal,tess_OAF,female,1.773081019087409,24414,1.709125,train
data/raw/tess/OAF_Pleasant_surprise/OAF_thumb_ps.wav,tess,surprised,normal,tess_OAF,female,2.1559351191939053,24414,2.0919375,train
data/raw/tess/OAF_Pleasant_surprise/OAF_time_ps.wav,tess,surprised,normal,tess_OAF,female,2.174162365855657,24414,2.1101875,train
data/raw/tess/OAF_Pleasant_surprise/OAF_tip_ps.wav,tess,surprised,normal,tess_OAF,female,1.9808306709265175,24414,1.948875,train
data/raw/tess/OAF_Pleasant_surprise/OAF_tire_ps.wav,tess,surprised,normal,tess_OAF,female,2.2745146227574344,24414,2.24,train
data/raw/tess/OAF_Pleasant_surprise/OAF_ton_ps.wav,tess,surprised,normal,tess_OAF,female,2.0475137216351276,24414,1.8555625,train
data/raw/tess/OAF_Pleasant_surprise/OAF_tool_ps.wav,tess,surprised,normal,tess_OAF,female,1.927664454821004,24414,1.856,train
data/raw/tess/OAF_Pleasant_surprise/OAF_tough_ps.wav,tess,surprised,normal,tess_OAF,female,1.9809125911362333,24414,1.9489375,train
data/raw/tess/OAF_Pleasant_surprise/OAF_turn_ps.wav,tess,surprised,normal,tess_OAF,female,1.869214385188826,24414,1.83725,test
data/raw/tess/OAF_Pleasant_surprise/OAF_vine_ps.wav,tess,surprised,normal,tess_OAF,female,1.976161218972721,24414,1.92,test
data/raw/tess/OAF_Pleasant_surprise/OAF_voice_ps.wav,tess,surprised,normal,tess_OAF,female,2.068853936266077,24414,1.92,train
data/raw/tess/OAF_Pleasant_surprise/OAF_void_ps.wav,tess,surprised,normal,tess_OAF,female,2.4565413287458018,24414,2.112,train
data/raw/tess/OAF_Pleasant_surprise/OAF_vote_ps.wav,tess,surprised,normal,tess_OAF,female,2.3426312771360696,24414,2.016,train
data/raw/tess/OAF_Pleasant_surprise/OAF_wag_ps.wav,tess,surprised,normal,tess_OAF,female,1.927131973457852,24414,1.792,train
data/raw/tess/OAF_Pleasant_surprise/OAF_walk_ps.wav,tess,surprised,normal,tess_OAF,female,2.285123289915622,24414,2.112,test
data/raw/tess/OAF_Pleasant_surprise/OAF_wash_ps.wav,tess,surprised,normal,tess_OAF,female,2.338453346440567,24414,2.24,train
data/raw/tess/OAF_Pleasant_surprise/OAF_week_ps.wav,tess,surprised,normal,tess_OAF,female,1.8622102072581304,24414,1.664,train
data/raw/tess/OAF_Pleasant_surprise/OAF_wheat_ps.wav,tess,surprised,normal,tess_OAF,female,2.1262390431719504,24414,1.888,train
data/raw/tess/OAF_Pleasant_surprise/OAF_when_ps.wav,tess,surprised,normal,tess_OAF,female,1.8316949291390183,24414,1.79975,train
data/raw/tess/OAF_Pleasant_surprise/OAF_which_ps.wav,tess,surprised,normal,tess_OAF,female,1.9848857213074464,24414,1.9529375,train
data/raw/tess/OAF_Pleasant_surprise/OAF_whip_ps.wav,tess,surprised,normal,tess_OAF,female,1.6800606209551896,24414,1.6480625,train
data/raw/tess/OAF_Pleasant_surprise/OAF_white_ps.wav,tess,surprised,normal,tess_OAF,female,1.9696485623003197,24414,1.76,train
data/raw/tess/OAF_Pleasant_surprise/OAF_wife_ps.wav,tess,surprised,normal,tess_OAF,female,2.2027934791513064,24414,2.1068125,train
data/raw/tess/OAF_Pleasant_surprise/OAF_wire_ps.wav,tess,surprised,normal,tess_OAF,female,1.9285246170230197,24414,1.888,val
data/raw/tess/OAF_Pleasant_surprise/OAF_witch_ps.wav,tess,surprised,normal,tess_OAF,female,2.0683624150077824,24414,1.888,train
data/raw/tess/OAF_Pleasant_surprise/OAF_yearn_ps.wav,tess,surprised,normal,tess_OAF,female,2.117883181780946,24414,2.08,train
data/raw/tess/OAF_Pleasant_surprise/OAF_yes_ps.wav,tess,surprised,normal,tess_OAF,female,2.003686409437208,24414,1.888,test
data/raw/tess/OAF_Pleasant_surprise/OAF_young_ps.wav,tess,surprised,normal,tess_OAF,female,1.850249856639633,24414,1.81825,test
data/raw/tess/OAF_Pleasant_surprise/OAF_youth_ps.wav,tess,surprised,normal,tess_OAF,female,1.8946096502007048,24414,1.824,train
data/raw/tess/OAF_Sad/OAF_back_sad.wav,tess,sad,normal,tess_OAF,female,2.562382239698534,24414,2.496,train
data/raw/tess/OAF_Sad/OAF_bar_sad.wav,tess,sad,normal,tess_OAF,female,2.501761284508888,24414,2.464,test
data/raw/tess/OAF_Sad/OAF_base_sad.wav,tess,sad,normal,tess_OAF,female,2.5695912181535183,24414,2.432,train
data/raw/tess/OAF_Sad/OAF_bath_sad.wav,tess,sad,normal,tess_OAF,female,2.5841730154829197,24414,2.5841875,train
data/raw/tess/OAF_Sad/OAF_bean_sad.wav,tess,sad,normal,tess_OAF,female,2.428729417547309,24414,2.33275,train
data/raw/tess/OAF_Sad/OAF_beg_sad.wav,tess,sad,normal,tess_OAF,female,2.4241828459080854,24414,2.336,train
data/raw/tess/OAF_Sad/OAF_bite_sad.wav,tess,sad,normal,tess_OAF,female,2.7779143114606373,24414,2.56,train
data/raw/tess/OAF_Sad/OAF_boat_sad.wav,tess,sad,normal,tess_OAF,female,2.545424756287376,24414,2.4,train
data/raw/tess/OAF_Sad/OAF_bone_sad.wav,tess,sad,normal,tess_OAF,female,2.4645285491930857,24414,2.4325625,val
data/raw/tess/OAF_Sad/OAF_book_sad.wav,tess,sad,normal,tess_OAF,female,2.5153190792168427,24414,2.451375,train
data/raw/tess/OAF_Sad/OAF_bought_sad.wav,tess,sad,normal,tess_OAF,female,2.528713033505366,24414,2.43275,test
data/raw/tess/OAF_Sad/OAF_burn_sad.wav,tess,sad,normal,tess_OAF,female,2.215122470713525,24414,2.183125,train
data/raw/tess/OAF_Sad/OAF_cab_sad.wav,tess,sad,normal,tess_OAF,female,2.328745801589252,24414,2.26475,train
data/raw/tess/OAF_Sad/OAF_calm_sad.wav,tess,sad,normal,tess_OAF,female,2.5631604816908333,24414,2.464,train
data/raw/tess/OAF_Sad/OAF_came_sad.wav,tess,sad,normal,tess_OAF,female,2.48808060948636,24414,2.456125,val
data/raw/tess/OAF_Sad/OAF_cause_sad.wav,tess,sad,normal,tess_OAF,female,2.4687474399934466,24414,2.368,train
data/raw/tess/OAF_Sad/OAF_chain_sad.wav,tess,sad,normal,tess_OAF,female,2.54784140247399,24414,2.515875,train
data/raw/tess/OAF_Sad/OAF_chair_sad.wav,tess,sad,normal,tess_OAF,female,2.5885967068075693,24414,2.492625,test
data/raw/tess/OAF_Sad/OAF_chalk_sad.wav,tess,sad,normal,tess_OAF,female,2.4805029900876545,24414,2.144,train
data/raw/tess/OAF_Sad/OAF_chat_sad.wav,tess,sad,normal,tess_OAF,female,2.4067338412386334,24414,2.336,train
data/raw/tess/OAF_Sad/OAF_check_sad.wav,tess,sad,normal,tess_OAF,female,2.3795772917178666,24414,2.24,train
data/raw/tess/OAF_Sad/OAF_cheek_sad.wav,tess,sad,normal,tess_OAF,female,2.538994019824691,24414,2.336,test
data/raw/tess/OAF_Sad/OAF_chief_sad.wav,tess,sad,normal,tess_OAF,female,2.928033095764725,24414,2.8320625,train
data/raw/tess/OAF_Sad/OAF_choice_sad.wav,tess,sad,normal,tess_OAF,female,2.876095682804948,24414,2.752,test
data/raw/tess/OAF_Sad/OAF_cool_sad.wav,tess,sad,normal,tess_OAF,female,2.562382239698534,24414,2.4664375,train
data/raw/tess/OAF_Sad/OAF_dab_sad.wav,tess,sad,normal,tess_OAF,female,2.87683296469239,24414,2.72,test
data/raw/tess/OAF_Sad/OAF_date_sad.wav,tess,sad,normal,tess_OAF,female,2.4431473744572787,24414,2.432,test
data/raw/tess/OAF_Sad/OAF_dead_sad.wav,tess,sad,normal,tess_OAF,female,2.696157942164332,24414,2.5681875,train
data/raw/tess/OAF_Sad/OAF_death_sad.wav,tess,sad,normal,tess_OAF,female,2.4852134021463095,24414,2.336,train
data/raw/tess/OAF_Sad/OAF_deep_sad.wav,tess,sad,normal,tess_OAF,female,2.5914639141476203,24414,2.4955,val
data/raw/tess/OAF_Sad/OAF_dime_sad.wav,tess,sad,normal,tess_OAF,female,2.430654542475629,24414,2.3986875,train
data/raw/tess/OAF_Sad/OAF_dip_sad.wav,tess,sad,normal,tess_OAF,female,2.615548455804047,24414,2.528,train
data/raw/tess/OAF_Sad/OAF_ditch_sad.wav,tess,sad,normal,tess_OAF,female,2.565945768821168,24414,2.24,train
data/raw/tess/OAF_Sad/OAF_dodge_sad.wav,tess,sad,normal,tess_OAF,female,2.4882854100106497,24414,2.368,train
data/raw/tess/OAF_Sad/OAF_dog_sad.wav,tess,sad,normal,tess_OAF,female,2.486974686655198,24414,2.432,test
data/raw/tess/OAF_Sad/OAF_doll_sad.wav,tess,sad,normal,tess_OAF,female,2.27267141803883,24414,2.2726875,train
data/raw/tess/OAF_Sad/OAF_door_sad.wav,tess,sad,normal,tess_OAF,female,2.3697059064471206,24414,2.304,train
data/raw/tess/OAF_Sad/OAF_fail_sad.wav,tess,sad,normal,tess_OAF,female,2.746907512083231,24414,2.6829375,train
data/raw/tess/OAF_Sad/OAF_fall_sad.wav,tess,sad,normal,tess_OAF,female,2.477021381174736,24414,2.4450625,train
data/raw/tess/OAF_Sad/OAF_far_sad.wav,tess,sad,normal,tess_OAF,female,2.66064553125256,24414,2.56,test
data/raw/tess/OAF_Sad/OAF_fat_sad.wav,tess,sad,normal,tess_OAF,female,2.489759973785533,24414,2.432,train
data/raw/tess/OAF_Sad/OAF_fit_sad.wav,tess,sad,normal,tess_OAF,female,2.336200540673384,24414,2.33625,train
data/raw/tess/OAF_Sad/OAF_five_sad.wav,tess,sad,normal,tess_OAF,female,2.5475956418448433,24414,2.515625,train
data/raw/tess/OAF_Sad/OAF_food_sad.wav,tess,sad,normal,tess_OAF,female,2.4132874580158927,24414,2.4133125,train
data/raw/tess/OAF_Sad/OAF_gap_sad.wav,tess,sad,normal,tess_OAF,female,2.9848038010977307,24414,2.9208125,val
data/raw/tess/OAF_Sad/OAF_gas_sad.wav,tess,sad,normal,tess_OAF,female,2.704759564184484,24414,2.592,train
data/raw/tess/OAF_Sad/OAF_gaze_sad.wav,tess,sad,normal,tess_OAF,female,2.9758335381338576,24414,2.816,train
data/raw/tess/OAF_Sad/OAF_germ_sad.wav,tess,sad,normal,tess_OAF,female,2.5038092897517816,24414,2.4718125,train
data/raw/tess/OAF_Sad/OAF_get_sad.wav,tess,sad,normal,tess_OAF,female,2.3976816580650446,24414,2.3336875,test
data/raw/tess/OAF_Sad/OAF_gin_sad.wav,tess,sad,normal,tess_OAF,female,2.709142295404276,24414,2.6451875,train
data/raw/tess/OAF_Sad/OAF_goal_sad.wav,tess,sad,normal,tess_OAF,female,2.6311542557548946,24414,2.5031875,train
data/raw/tess/OAF_Sad/OAF_good_sad.wav,tess,sad,normal,tess_OAF,female,2.4178340296551157,24414,2.321875,train
data/raw/tess/OAF_Sad/OAF_goose_sad.wav,tess,sad,normal,tess_OAF,female,2.515851560579995,24414,2.432,train
data/raw/tess/OAF_Sad/OAF_gun_sad.wav,tess,sad,normal,tess_OAF,female,2.506225935938396,24414,2.50625,train
data/raw/tess/OAF_Sad/OAF_half_sad.wav,tess,sad,normal,tess_OAF,female,2.535840091750635,24414,2.503875,train
data/raw/tess/OAF_Sad/OAF_hall_sad.wav,tess,sad,normal,tess_OAF,female,2.4241828459080854,24414,2.4241875,val
data/raw/tess/OAF_Sad/OAF_hash_sad.wav,tess,sad,normal,tess_OAF,female,2.358441877611207,24414,2.304,train
data/raw/tess/OAF_Sad/OAF_hate_sad.wav,tess,sad,normal,tess_OAF,female,2.348693372655034,24414,2.272,train
data/raw/tess/OAF_Sad/OAF_have_sad.wav,tess,sad,normal,tess_OAF,female,2.418038830179406,24414,2.3860625,val
data/raw/tess/OAF_Sad/OAF_haze_sad.wav,tess,sad,normal,tess_OAF,female,2.6355779470795446,24414,2.56,train
data/raw/tess/OAF_Sad/OAF_hire_sad.wav,tess,sad,normal,tess_OAF,female,2.5481281232079955,24414,2.4,train
data/raw/tess/OAF_Sad/OAF_hit_sad.wav,tess,sad,normal,tess_OAF,female,2.1914475301056773,24414,2.1595,train
data/raw/tess/OAF_Sad/OAF_hole_sad.wav,tess,sad,normal,tess_OAF,female,2.6039977062341277,24414,2.54,val
data/raw/tess/OAF_Sad/OAF_home_sad.wav,tess,sad,normal,tess_OAF,female,2.246006389776358,24414,2.1820625,train
data/raw/tess/OAF_Sad/OAF_hurl_sad.wav,tess,sad,normal,tess_OAF,female,2.47173752764807,24414,2.43975,val
data/raw/tess/OAF_Sad/OAF_hush_sad.wav,tess,sad,normal,tess_OAF,female,2.736012124191038,24414,2.656,train
data/raw/tess/OAF_Sad/OAF_jail_sad.wav,tess,sad,normal,tess_OAF,female,2.45695092979438,24414,2.425,train
data/raw/tess/OAF_Sad/OAF_jar_sad.wav,tess,sad,normal,tess_OAF,female,2.512206111247645,24414,2.44825,val
data/raw/tess/OAF_Sad/OAF_join_sad.wav,tess,sad,normal,tess_OAF,female,2.5040140902760712,24414,2.4080625,train
data/raw/tess/OAF_Sad/OAF_judge_sad.wav,tess,sad,normal,tess_OAF,female,2.6209961497501433,24414,2.496,test
data/raw/tess/OAF_Sad/OAF_jug_sad.wav,tess,sad,normal,tess_OAF,female,2.4119767346604406,24414,2.412,train
data/raw/tess/OAF_Sad/OAF_juice_sad.wav,tess,sad,normal,tess_OAF,female,2.5371917752109447,24414,2.53725,train
data/raw/tess/OAF_Sad/OAF_keen_sad.wav,tess,sad,normal,tess_OAF,female,2.4911935774555585,24414,2.39525,val
data/raw/tess/OAF_Sad/OAF_keep_sad.wav,tess,sad,normal,tess_OAF,female,2.769312689440485,24414,2.769375,train
data/raw/tess/OAF_Sad/OAF_keg_sad.wav,tess,sad,normal,tess_OAF,female,2.461661341853035,24414,2.272,train
data/raw/tess/OAF_Sad/OAF_kick_sad.wav,tess,sad,normal,tess_OAF,female,2.612435487834849,24414,2.5804375,test
data/raw/tess/OAF_Sad/OAF_kill_sad.wav,tess,sad,normal,tess_OAF,female,2.5919963955107725,24414,2.592,train
data/raw/tess/OAF_Sad/OAF_king_sad.wav,tess,sad,normal,tess_OAF,female,2.541984107479315,24414,2.414,test
data/raw/tess/OAF_Sad/OAF_kite_sad.wav,tess,sad,normal,tess_OAF,female,2.6806750225280576,24414,2.6166875,train
data/raw/tess/OAF_Sad/OAF_knock_sad.wav,tess,sad,normal,tess_OAF,female,2.53420168755632,24414,2.50225,test
data/raw/tess/OAF_Sad/OAF_late_sad.wav,tess,sad,normal,tess_OAF,female,2.390185958876055,24414,2.3581875,train
data/raw/tess/OAF_Sad/OAF_laud_sad.wav,tess,sad,normal,tess_OAF,female,2.3917834029655114,24414,2.3278125,train
data/raw/tess/OAF_Sad/OAF_lean_sad.wav,tess,sad,normal,tess_OAF,female,2.4652658310805275,24414,2.4013125,test
data/raw/tess/OAF_Sad/OAF_learn_sad.wav,tess,sad,normal,tess_OAF,female,2.432088146145654,24414,2.4,val
data/raw/tess/OAF_Sad/OAF_lease_sad.wav,tess,sad,normal,tess_OAF,female,2.59224215613992,24414,2.592,train
data/raw/tess/OAF_Sad/OAF_lid_sad.wav,tess,sad,normal,tess_OAF,female,2.526746948472188,24414,2.49475,train
data/raw/tess/OAF_Sad/OAF_life_sad.wav,tess,sad,normal,tess_OAF,female,2.5649627263045796,24414,2.501,train
data/raw/tess/OAF_Sad/OAF_limb_sad.wav,tess,sad,normal,tess_OAF,female,2.2617350700417793,24414,2.19775,train
data/raw/tess/OAF_Sad/OAF_live_sad.wav,tess,sad,normal,tess_OAF,female,2.405545998197755,24414,2.4,test
data/raw/tess/OAF_Sad/OAF_loaf_sad.wav,tess,sad,normal,tess_OAF,female,2.672401081346768,24414,2.6404375,train
data/raw/tess/OAF_Sad/OAF_long_sad.wav,tess,sad,normal,tess_OAF,female,2.6295977717702956,24414,2.533625,test
data/raw/tess/OAF_Sad/OAF_lore_sad.wav,tess,sad,normal,tess_OAF,female,2.43487343327599,24414,2.402875,val
data/raw/tess/OAF_Sad/OAF_lose_sad.wav,tess,sad,normal,tess_OAF,female,2.4768575407553044,24414,2.476875,train
data/raw/tess/OAF_Sad/OAF_lot_sad.wav,tess,sad,normal,tess_OAF,female,2.566969771442615,24414,2.535,val
data/raw/tess/OAF_Sad/OAF_love_sad.wav,tess,sad,normal,tess_OAF,female,2.575653313672483,24414,2.496,train
data/raw/tess/OAF_Sad/OAF_luck_sad.wav,tess,sad,normal,tess_OAF,female,2.3240353895305974,24414,2.208,train
data/raw/tess/OAF_Sad/OAF_make_sad.wav,tess,sad,normal,tess_OAF,female,2.5098713852707464,24414,2.24,val
data/raw/tess/OAF_Sad/OAF_match_sad.wav,tess,sad,normal,tess_OAF,female,2.8417711149340543,24414,2.8098125,train
data/raw/tess/OAF_Sad/OAF_merge_sad.wav,tess,sad,normal,tess_OAF,female,2.6165314983206356,24414,2.464,test
data/raw/tess/OAF_Sad/OAF_mess_sad.wav,tess,sad,normal,tess_OAF,female,2.601785860571803,24414,2.5378125,train
data/raw/tess/OAF_Sad/OAF_met_sad.wav,tess,sad,normal,tess_OAF,female,2.4444990579175885,24414,2.4,train
data/raw/tess/OAF_Sad/OAF_mill_sad.wav,tess,sad,normal,tess_OAF,female,2.742197100024576,24414,2.67825,train
data/raw/tess/OAF_Sad/OAF_mob_sad.wav,tess,sad,normal,tess_OAF,female,2.4755058572949946,24414,2.4435625,train
data/raw/tess/OAF_Sad/OAF_mode_sad.wav,tess,sad,normal,tess_OAF,female,2.594945523060539,24414,2.403,train
data/raw/tess/OAF_Sad/OAF_mood_sad.wav,tess,sad,normal,tess_OAF,female,2.3968624559678875,24414,2.364875,train
data/raw/tess/OAF_Sad/OAF_moon_sad.wav,tess,sad,normal,tess_OAF,female,2.602768903088392,24414,2.56,train
data/raw/tess/OAF_Sad/OAF_mop_sad.wav,tess,sad,normal,tess_OAF,female,2.5189645285491933,24414,2.455,train
data/raw/tess/OAF_Sad/OAF_mouse_sad.wav,tess,sad,normal,tess_OAF,female,2.6581060047513723,24414,2.434125,train
data/raw/tess/OAF_Sad/OAF_nag_sad.wav,tess,sad,normal,tess_OAF,female,2.360203162120095,24414,2.24,val
data/raw/tess/OAF_Sad/OAF_name_sad.wav,tess,sad,normal,tess_OAF,female,2.6080937167199147,24414,2.480125,val
data/raw/tess/OAF_Sad/OAF_near_sad.wav,tess,sad,normal,tess_OAF,female,2.508110100761858,24414,2.380125,train
data/raw/tess/OAF_Sad/OAF_neat_sad.wav,tess,sad,normal,tess_OAF,female,2.694642418284591,24414,2.6946875,val
data/raw/tess/OAF_Sad/OAF_nice_sad.wav,tess,sad,normal,tess_OAF,female,2.6984926681412302,24414,2.592,train
data/raw/tess/OAF_Sad/OAF_note_sad.wav,tess,sad,normal,tess_OAF,female,2.4961907102482184,24414,2.46425,train
data/raw/tess/OAF_Sad/OAF_numb_sad.wav,tess,sad,normal,tess_OAF,female,2.374211517981486,24414,2.31025,test
data/raw/tess/OAF_Sad/OAF_pad_sad.wav,tess,sad,normal,tess_OAF,female,2.447120504628492,24414,2.272,val
data/raw/tess/OAF_Sad/OAF_page_sad.wav,tess,sad,normal,tess_OAF,female,2.9170967477676744,24414,2.016,train
data/raw/tess/OAF_Sad/OAF_pain_sad.wav,tess,sad,normal,tess_OAF,female,2.4279921356598675,24414,2.396,train
data/raw/tess/OAF_Sad/OAF_pass_sad.wav,tess,sad,normal,tess_OAF,female,2.660317850413697,24414,2.528,test
data/raw/tess/OAF_Sad/OAF_pearl_sad.wav,tess,sad,normal,tess_OAF,female,2.39719013680675,24414,2.33325,test
data/raw/tess/OAF_Sad/OAF_peg_sad.wav,tess,sad,normal,tess_OAF,female,2.596952568198575,24414,2.432,val
data/raw/tess/OAF_Sad/OAF_perch_sad.wav,tess,sad,normal,tess_OAF,female,2.804538379618252,24414,2.624,train
data/raw/tess/OAF_Sad/OAF_phone_sad.wav,tess,sad,normal,tess_OAF,female,2.4435160154009994,24414,2.4115625,train
data/raw/tess/OAF_Sad/OAF_pick_sad.wav,tess,sad,normal,tess_OAF,female,2.439829605963791,24414,2.336,train
data/raw/tess/OAF_Sad/OAF_pike_sad.wav,tess,sad,normal,tess_OAF,female,2.557753747849594,24414,2.5258125,train
data/raw/tess/OAF_Sad/OAF_pole_sad.wav,tess,sad,normal,tess_OAF,female,2.397804538379618,24414,2.3978125,train
data/raw/tess/OAF_Sad/OAF_pool_sad.wav,tess,sad,normal,tess_OAF,female,2.5368231342672236,24414,2.464,train
data/raw/tess/OAF_Sad/OAF_puff_sad.wav,tess,sad,normal,tess_OAF,female,2.347177848775293,24414,2.1871875,test
data/raw/tess/OAF_Sad/OAF_rag_sad.wav,tess,sad,normal,tess_OAF,female,2.8538953059719834,24414,2.624,train
data/raw/tess/OAF_Sad/OAF_raid_sad.wav,tess,sad,normal,tess_OAF,female,2.511182108626198,24414,2.432,train
data/raw/tess/OAF_Sad/OAF_rain_sad.wav,tess,sad,normal,tess_OAF,female,2.2611206684689114,24414,2.229125,train
data/raw/tess/OAF_Sad/OAF_raise_sad.wav,tess,sad,normal,tess_OAF,female,2.9139018595887607,24414,2.88,val
data/raw/tess/OAF_Sad/OAF_rat_sad.wav,tess,sad,normal,tess_OAF,female,2.451503235848284,24414,2.4195625,val
data/raw/tess/OAF_Sad/OAF_reach_sad.wav,tess,sad,normal,tess_OAF,female,2.504669451953797,24414,2.4,train
data/raw/tess/OAF_Sad/OAF_read_sad.wav,tess,sad,normal,tess_OAF,female,2.455189645285492,24414,2.42325,test
data/raw/tess/OAF_Sad/OAF_red_sad.wav,tess,sad,normal,tess_OAF,female,2.43909232407635,24414,2.407125,train
data/raw/tess/OAF_Sad/OAF_ring_sad.wav,tess,sad,normal,tess_OAF,female,2.524289342180716,24414,2.4603125,train
data/raw/tess/OAF_Sad/OAF_ripe_sad.wav,tess,sad,normal,tess_OAF,female,2.523593020398132,24414,2.523625,train
data/raw/tess/OAF_Sad/OAF_road_sad.wav,tess,sad,normal,tess_OAF,female,2.353321864503973,24414,2.321375,train
data/raw/tess/OAF_Sad/OAF_room_sad.wav,tess,sad,normal,tess_OAF,female,2.428115015974441,24414,2.364125,test
data/raw/tess/OAF_Sad/OAF_rose_sad.wav,tess,sad,normal,tess_OAF,female,2.6502826247235194,24414,2.592,train
data/raw/tess/OAF_Sad/OAF_rot_sad.wav,tess,sad,normal,tess_OAF,female,2.3059310231834194,24414,2.2419375,val
data/raw/tess/OAF_Sad/OAF_rough_sad.wav,tess,sad,normal,tess_OAF,female,2.387277791431146,24414,2.3233125,train
data/raw/tess/OAF_Sad/OAF_rush_sad.wav,tess,sad,normal,tess_OAF,female,2.440525927746375,24414,2.3765625,train
data/raw/tess/OAF_Sad/OAF_said_sad.wav,tess,sad,normal,tess_OAF,female,2.3937085278938315,24414,2.36175,train
data/raw/tess/OAF_Sad/OAF_sail_sad.wav,tess,sad,normal,tess_OAF,female,2.639592037355615,24414,2.624,train
data/raw/tess/OAF_Sad/OAF_search_sad.wav,tess,sad,normal,tess_OAF,female,2.446096502007045,24414,2.414125,train
data/raw/tess/OAF_Sad/OAF_seize_sad.wav,tess,sad,normal,tess_OAF,female,2.7127467846317685,24414,2.68075,test
data/raw/tess/OAF_Sad/OAF_sell_sad.wav,tess,sad,normal,tess_OAF,female,2.76652740231015,24414,2.656,train
data/raw/tess/OAF_Sad/OAF_shack_sad.wav,tess,sad,normal,tess_OAF,female,2.486524125501761,24414,2.336,test
data/raw/tess/OAF_Sad/OAF_shall_sad.wav,tess,sad,normal,tess_OAF,female,2.443597935610715,24414,2.411625,val
data/raw/tess/OAF_Sad/OAF_shawl_sad.wav,tess,sad,normal,tess_OAF,female,2.6343081838289506,24414,2.5703125,train
data/raw/tess/OAF_Sad/OAF_sheep_sad.wav,tess,sad,normal,tess_OAF,female,2.703899401982469,24414,2.6719375,train
data/raw/tess/OAF_Sad/OAF_shirt_sad.wav,tess,sad,normal,tess_OAF,female,2.3233390677480132,24414,2.291375,train
data/raw/tess/OAF_Sad/OAF_should_sad.wav,tess,sad,normal,tess_OAF,female,2.635823707708692,24414,2.635875,test
data/raw/tess/OAF_Sad/OAF_shout_sad.wav,tess,sad,normal,tess_OAF,female,2.686286556893586,24414,2.336,val
data/raw/tess/OAF_Sad/OAF_size_sad.wav,tess,sad,normal,tess_OAF,female,2.5758990743016303,24414,2.368,train
data/raw/tess/OAF_Sad/OAF_soap_sad.wav,tess,sad,normal,tess_OAF,female,2.7514131236175965,24414,2.7194375,train
data/raw/tess/OAF_Sad/OAF_soup_sad.wav,tess,sad,normal,tess_OAF,female,2.613623330875727,24414,2.581625,train
data/raw/tess/OAF_Sad/OAF_sour_sad.wav,tess,sad,normal,tess_OAF,female,2.737240927336774,24414,2.624,train
data/raw/tess/OAF_Sad/OAF_south_sad.wav,tess,sad,normal,tess_OAF,female,2.7208978454984845,24414,2.624,test
data/raw/tess/OAF_Sad/OAF_sub_sad.wav,tess,sad,normal,tess_OAF,female,2.541984107479315,24414,2.446,test
data/raw/tess/OAF_Sad/OAF_such_sad.wav,tess,sad,normal,tess_OAF,female,2.5779061194396657,24414,2.528,val
data/raw/tess/OAF_Sad/OAF_sure_sad.wav,tess,sad,normal,tess_OAF,female,2.3405013516834603,24414,2.2765625,train
data/raw/tess/OAF_Sad/OAF_take_sad.wav,tess,sad,normal,tess_OAF,female,2.5266650282624723,24414,2.208,test
data/raw/tess/OAF_Sad/OAF_talk_sad.wav,tess,sad,normal,tess_OAF,female,2.6314409764889,24414,2.496,train
data/raw/tess/OAF_Sad/OAF_tape_sad.wav,tess,sad,normal,tess_OAF,female,2.67563692963054,24414,2.6436875,train
data/raw/tess/OAF_Sad/OAF_team_sad.wav,tess,sad,normal,tess_OAF,female,2.665028262472352,24414,2.6330625,train
data/raw/tess/OAF_Sad/OAF_tell_sad.wav,tess,sad,normal,tess_OAF,female,2.333742934381912,24414,2.272,val
data/raw/tess/OAF_Sad/OAF_thin_sad.wav,tess,sad,normal,tess_OAF,female,2.3783484885721307,24414,2.346375,val
data/raw/tess/OAF_Sad/OAF_third_sad.wav,tess,sad,normal,tess_OAF,female,2.524535102809863,24414,2.3965625,train
data/raw/tess/OAF_Sad/OAF_thought_sad.wav,tess,sad,normal,tess_OAF,female,2.2744327025477187,24414,2.208,train
data/raw/tess/OAF_Sad/OAF_thumb_sad.wav,tess,sad,normal,tess_OAF,female,2.537683296469239,24414,2.5056875,train
data/raw/tess/OAF_Sad/OAF_time_sad.wav,tess,sad,normal,tess_OAF,female,2.4835749979519948,24414,2.419625,train
data/raw/tess/OAF_Sad/OAF_tip_sad.wav,tess,sad,normal,tess_OAF,female,2.726345539444581,24414,2.662375,train
data/raw/tess/OAF_Sad/OAF_tire_sad.wav,tess,sad,normal,tess_OAF,female,2.607069714098468,24414,2.496,train
data/raw/tess/OAF_Sad/OAF_ton_sad.wav,tess,sad,normal,tess_OAF,female,2.6536823134267222,24414,2.6216875,test
data/raw/tess/OAF_Sad/OAF_tool_sad.wav,tess,sad,normal,tess_OAF,female,2.555050380928975,24414,2.4910625,train
data/raw/tess/OAF_Sad/OAF_tough_sad.wav,tess,sad,normal,tess_OAF,female,2.3778160072089785,24414,2.272,train
data/raw/tess/OAF_Sad/OAF_turn_sad.wav,tess,sad,normal,tess_OAF,female,2.5292045547636604,24414,2.52925,train
data/raw/tess/OAF_Sad/OAF_vine_sad.wav,tess,sad,normal,tess_OAF,female,2.5416154665355943,24414,2.477625,train
data/raw/tess/OAF_Sad/OAF_voice_sad.wav,tess,sad,normal,tess_OAF,female,2.621692471532727,24414,2.464,train
data/raw/tess/OAF_Sad/OAF_void_sad.wav,tess,sad,normal,tess_OAF,female,2.5723765052838536,24414,2.464,test
data/raw/tess/OAF_Sad/OAF_vote_sad.wav,tess,sad,normal,tess_OAF,female,2.3324731711313182,24414,2.3325,val
data/raw/tess/OAF_Sad/OAF_wag_sad.wav,tess,sad,normal,tess_OAF,female,2.611493405423118,24414,2.5795,train
data/raw/tess/OAF_Sad/OAF_walk_sad.wav,tess,sad,normal,tess_OAF,female,2.5732776275907265,24414,2.336,train
data/raw/tess/OAF_Sad/OAF_wash_sad.wav,tess,sad,normal,tess_OAF,female,2.5798312443679854,24414,2.579875,train
data/raw/tess/OAF_Sad/OAF_week_sad.wav,tess,sad,normal,tess_OAF,female,2.6274678463176864,24414,2.368,val
data/raw/tess/OAF_Sad/OAF_wheat_sad.wav,tess,sad,normal,tess_OAF,female,2.45465716392234,24414,2.304,train
data/raw/tess/OAF_Sad/OAF_when_sad.wav,tess,sad,normal,tess_OAF,female,2.346112886048988,24414,2.314125,train
data/raw/tess/OAF_Sad/OAF_which_sad.wav,tess,sad,normal,tess_OAF,female,2.496641271401655,24414,2.304,train
data/raw/tess/OAF_Sad/OAF_whip_sad.wav,tess,sad,normal,tess_OAF,female,2.4746866551978375,24414,2.4746875,train
data/raw/tess/OAF_Sad/OAF_white_sad.wav,tess,sad,normal,tess_OAF,female,2.3781027279429834,24414,2.176,train
data/raw/tess/OAF_Sad/OAF_wife_sad.wav,tess,sad,normal,tess_OAF,female,2.5655361677725894,24414,2.5335625,train
data/raw/tess/OAF_Sad/OAF_wire_sad.wav,tess,sad,normal,tess_OAF,female,2.6629392971246006,24414,2.624,train
data/raw/tess/OAF_Sad/OAF_witch_sad.wav,tess,sad,normal,tess_OAF,female,2.617637421151798,24414,2.6176875,train
data/raw/tess/OAF_Sad/OAF_yearn_sad.wav,tess,sad,normal,tess_OAF,female,2.5953551241091177,24414,2.464,train
data/raw/tess/OAF_Sad/OAF_yes_sad.wav,tess,sad,normal,tess_OAF,female,2.5893749487998687,24414,2.4,train
data/raw/tess/OAF_Sad/OAF_young_sad.wav,tess,sad,normal,tess_OAF,female,2.326779716556074,24414,2.2948125,train
data/raw/tess/OAF_Sad/OAF_youth_sad.wav,tess,sad,normal,tess_OAF,female,2.6888670434996316,24414,2.56,train
data/raw/tess/OAF_angry/OAF_back_angry.wav,tess,angry,normal,tess_OAF,female,1.5390349799295486,24414,1.248,train
data/raw/tess/OAF_angry/OAF_bar_angry.wav,tess,angry,normal,tess_OAF,female,1.6166134185303511,24414,1.504,train
data/raw/tess/OAF_angry/OAF_base_angry.wav,tess,angry,normal,tess_OAF,female,1.5420250675841731,24414,1.28,train
data/raw/tess/OAF_angry/OAF_bath_angry.wav,tess,angry,normal,tess_OAF,female,1.6068649135741788,24414,1.376,train
data/raw/tess/OAF_angry/OAF_bean_angry.wav,tess,angry,normal,tess_OAF,female,1.395183091668715,24414,1.3311875,train
data/raw/tess/OAF_angry/OAF_beg_angry.wav,tess,angry,normal,tess_OAF,female,1.5461620381748178,24414,1.472,test
data/raw/tess/OAF_angry/OAF_bite_angry.wav,tess,angry,normal,tess_OAF,female,1.4306135823707709,24414,1.312,train
data/raw/tess/OAF_angry/OAF_boat_angry.wav,tess,angry,normal,tess_OAF,female,1.326574916031785,24414,1.262625,train
data/raw/tess/OAF_angry/OAF_bone_angry.wav,tess,angry,normal,tess_OAF,female,1.6654378635209306,24414,1.472,test
data/raw/tess/OAF_angry/OAF_book_angry.wav,tess,angry,normal,tess_OAF,female,1.5300647169656754,24414,1.28,val
data/raw/tess/OAF_angry/OAF_bought_angry.wav,tess,angry,normal,tess_OAF,female,1.4338084705496843,24414,1.3698125,train
data/raw/tess/OAF_angry/OAF_burn_angry.wav,tess,angry,normal,tess_OAF,female,1.686614237732449,24414,1.558625,train
data/raw/tess/OAF_angry/OAF_cab_angry.wav,tess,angry,normal,tess_OAF,female,1.457032850004096,24414,1.4570625,train
data/raw/tess/OAF_angry/OAF_calm_angry.wav,tess,angry,normal,tess_OAF,female,1.490906856721553,24414,1.408,test
data/raw/tess/OAF_angry/OAF_came_angry.wav,tess,angry,normal,tess_OAF,female,1.6347177848775294,24414,1.408,val
data/raw/tess/OAF_angry/OAF_cause_angry.wav,tess,angry,normal,tess_OAF,female,1.695830261325469,24414,1.44,train
data/raw/tess/OAF_angry/OAF_chain_angry.wav,tess,angry,normal,tess_OAF,female,1.6010485786843611,24414,1.44,train
data/raw/tess/OAF_angry/OAF_chair_angry.wav,tess,angry,normal,tess_OAF,female,1.6135004505611534,24414,1.504,train
data/raw/tess/OAF_angry/OAF_chalk_angry.wav,tess,angry,normal,tess_OAF,female,1.3952240517735726,24414,1.312,train
data/raw/tess/OAF_angry/OAF_chat_angry.wav,tess,angry,normal,tess_OAF,female,1.4478168264110756,24414,1.415875,train
data/raw/tess/OAF_angry/OAF_check_angry.wav,tess,angry,normal,tess_OAF,female,1.6461866142377324,24414,1.408,train
data/raw/tess/OAF_angry/OAF_cheek_angry.wav,tess,angry,normal,tess_OAF,female,1.681821905464078,24414,1.408,val
data/raw/tess/OAF_angry/OAF_chief_angry.wav,tess,angry,normal,tess_OAF,female,1.6238223969853365,24414,1.376,val
data/raw/tess/OAF_angry/OAF_choice_angry.wav,tess,angry,normal,tess_OAF,female,1.5256819857458834,24414,1.248,test
data/raw/tess/OAF_angry/OAF_cool_angry.wav,tess,angry,normal,tess_OAF,female,1.4862374047677562,24414,1.39025,val
data/raw/tess/OAF_angry/OAF_dab_angry.wav,tess,angry,normal,tess_OAF,female,1.567174571966904,24414,1.5351875,val
data/raw/tess/OAF_angry/OAF_date_angry.wav,tess,angry,normal,tess_OAF,female,1.4569099696895225,24414,1.376,train
data/raw/tess/OAF_angry/OAF_dead_angry.wav,tess,angry,normal,tess_OAF,female,1.4826329155402638,24414,1.344,train
data/raw/tess/OAF_angry/OAF_death_angry.wav,tess,angry,normal,tess_OAF,female,1.6462275743425905,24414,1.376,train
data/raw/tess/OAF_angry/OAF_deep_angry.wav,tess,angry,normal,tess_OAF,female,1.612066846891128,24414,1.376,val
data/raw/tess/OAF_angry/OAF_dime_angry.wav,tess,angry,normal,tess_OAF,female,1.6754730892111085,24414,1.6115,train
data/raw/tess/OAF_angry/OAF_dip_angry.wav,tess,angry,normal,tess_OAF,female,1.4326206275088065,24414,1.248,train
data/raw/tess/OAF_angry/OAF_ditch_angry.wav,tess,angry,normal,tess_OAF,female,1.5464487589088227,24414,1.472,test
data/raw/tess/OAF_angry/OAF_dodge_angry.wav,tess,angry,normal,tess_OAF,female,1.6458589333988696,24414,1.44,train
data/raw/tess/OAF_angry/OAF_dog_angry.wav,tess,angry,normal,tess_OAF,female,1.6904235274842303,24414,1.408,val
data/raw/tess/OAF_angry/OAF_doll_angry.wav,tess,angry,normal,tess_OAF,female,1.63258785942492,24414,1.44,train
data/raw/tess/OAF_angry/OAF_door_angry.wav,tess,angry,normal,tess_OAF,female,1.5396903416072745,24414,1.504,train
data/raw/tess/OAF_angry/OAF_fail_angry.wav,tess,angry,normal,tess_OAF,female,1.5534529368395182,24414,1.344,train
data/raw/tess/OAF_angry/OAF_fall_angry.wav,tess,angry,normal,tess_OAF,female,1.4274186941918572,24414,1.3954375,test
data/raw/tess/OAF_angry/OAF_far_angry.wav,tess,angry,normal,tess_OAF,female,1.509297943802736,24414,1.44,train
data/raw/tess/OAF_angry/OAF_fat_angry.wav,tess,angry,normal,tess_OAF,female,1.564102564102564,24414,1.408,val
data/raw/tess/OAF_angry/OAF_fit_angry.wav,tess,angry,normal,tess_OAF,female,1.6016220201523717,24414,1.312,train
data/raw/tess/OAF_angry/OAF_five_angry.wav,tess,angry,normal,tess_OAF,female,1.5922831162447777,24414,1.536,train
data/raw/tess/OAF_angry/OAF_food_angry.wav,tess,angry,normal,tess_OAF,female,1.5340378471368887,24414,1.4380625,train
data/raw/tess/OAF_angry/OAF_gap_angry.wav,tess,angry,normal,tess_OAF,female,1.5921192758253462,24414,1.376,val
data/raw/tess/OAF_angry/OAF_gas_angry.wav,tess,angry,normal,tess_OAF,female,1.6492176619972148,24414,1.344,train
data/raw/tess/OAF_angry/OAF_gaze_angry.wav,tess,angry,normal,tess_OAF,female,1.6900139264356515,24414,1.536,train
data/raw/tess/OAF_angry/OAF_germ_angry.wav,tess,angry,normal,tess_OAF,female,1.4823052347014007,24414,1.376,train
data/raw/tess/OAF_angry/OAF_get_angry.wav,tess,angry,normal,tess_OAF,female,1.6449578110919965,24414,1.376,test
data/raw/tess/OAF_angry/OAF_gin_angry.wav,tess,angry,normal,tess_OAF,female,1.5747931514704678,24414,1.568,val
data/raw/tess/OAF_angry/OAF_goal_angry.wav,tess,angry,normal,tess_OAF,female,1.519906610960924,24414,1.4559375,val
data/raw/tess/OAF_angry/OAF_good_angry.wav,tess,angry,normal,tess_OAF,female,1.4945523060539034,24414,1.4625625,val
data/raw/tess/OAF_angry/OAF_goose_angry.wav,tess,angry,normal,tess_OAF,female,1.5305971983288278,24414,1.312,train
data/raw/tess/OAF_angry/OAF_gun_angry.wav,tess,angry,normal,tess_OAF,female,1.5410420250675845,24414,1.4770625,train
data/raw/tess/OAF_angry/OAF_half_angry.wav,tess,angry,normal,tess_OAF,female,1.6955435405914638,24414,1.408,train
data/raw/tess/OAF_angry/OAF_hall_angry.wav,tess,angry,normal,tess_OAF,female,1.5029491275497666,24414,1.408,train
data/raw/tess/OAF_angry/OAF_hash_angry.wav,tess,angry,normal,tess_OAF,female,1.6957073810108954,24414,1.472,train
data/raw/tess/OAF_angry/OAF_hate_angry.wav,tess,angry,normal,tess_OAF,female,1.4840255591054312,24414,1.408,train
data/raw/tess/OAF_angry/OAF_have_angry.wav,tess,angry,normal,tess_OAF,female,1.652535430490702,24414,1.312,train
data/raw/tess/OAF_angry/OAF_haze_angry.wav,tess,angry,normal,tess_OAF,female,1.5615630376013765,24414,1.344,test
data/raw/tess/OAF_angry/OAF_hire_angry.wav,tess,angry,normal,tess_OAF,female,1.5070860981404113,24414,1.472,val
data/raw/tess/OAF_angry/OAF_hit_angry.wav,tess,angry,normal,tess_OAF,female,1.3566396329974604,24414,1.3246875,train
data/raw/tess/OAF_angry/OAF_hole_angry.wav,tess,angry,normal,tess_OAF,female,1.6704349963135905,24414,1.44,val
data/raw/tess/OAF_angry/OAF_home_angry.wav,tess,angry,normal,tess_OAF,female,1.4447857786515934,24414,1.408,train
data/raw/tess/OAF_angry/OAF_hurl_angry.wav,tess,angry,normal,tess_OAF,female,1.6019497009912345,24414,1.538,val
data/raw/tess/OAF_angry/OAF_hush_angry.wav,tess,angry,normal,tess_OAF,female,1.5469402801671173,24414,1.408,train
data/raw/tess/OAF_angry/OAF_jail_angry.wav,tess,angry,normal,tess_OAF,female,1.472597689850086,24414,1.440625,val
data/raw/tess/OAF_angry/OAF_jar_angry.wav,tess,angry,normal,tess_OAF,female,1.5581633488981732,24414,1.4941875,train
data/raw/tess/OAF_angry/OAF_join_angry.wav,tess,angry,normal,tess_OAF,female,1.6129679691980012,24414,1.536,test
data/raw/tess/OAF_angry/OAF_judge_angry.wav,tess,angry,normal,tess_OAF,female,1.7258540181862865,24414,1.376,train
data/raw/tess/OAF_angry/OAF_jug_angry.wav,tess,angry,normal,tess_OAF,female,1.5497665274023102,24414,1.536,train
data/raw/tess/OAF_angry/OAF_juice_angry.wav,tess,angry,normal,tess_OAF,female,1.601130498894077,24414,1.6,train
data/raw/tess/OAF_angry/OAF_keen_angry.wav,tess,angry,normal,tess_OAF,female,1.7127877447366264,24414,1.632,train
data/raw/tess/OAF_angry/OAF_keep_angry.wav,tess,angry,normal,tess_OAF,female,1.555378061767838,24414,1.472,train
data/raw/tess/OAF_angry/OAF_keg_angry.wav,tess,angry,normal,tess_OAF,female,1.4403211272220855,24414,1.344,train
data/raw/tess/OAF_angry/OAF_kick_angry.wav,tess,angry,normal,tess_OAF,female,1.6513885475546817,24414,1.376,val
data/raw/tess/OAF_angry/OAF_kill_angry.wav,tess,angry,normal,tess_OAF,female,1.5000819202097158,24414,1.436125,train
data/raw/tess/OAF_angry/OAF_king_angry.wav,tess,angry,normal,tess_OAF,female,1.662816416810027,24414,1.472,val
data/raw/tess/OAF_angry/OAF_kite_angry.wav,tess,angry,normal,tess_OAF,female,1.4924633407061525,24414,1.408,val
data/raw/tess/OAF_angry/OAF_knock_angry.wav,tess,angry,normal,tess_OAF,female,1.8046612599328251,24414,1.632,train
data/raw/tess/OAF_angry/OAF_late_angry.wav,tess,angry,normal,tess_OAF,female,1.6733022036536414,24414,1.312,train
data/raw/tess/OAF_angry/OAF_laud_angry.wav,tess,angry,normal,tess_OAF,female,1.6577373638076514,24414,1.62575,test
data/raw/tess/OAF_angry/OAF_lean_angry.wav,tess,angry,normal,tess_OAF,female,1.6228803145736053,24414,1.5269375,train
data/raw/tess/OAF_angry/OAF_learn_angry.wav,tess,angry,normal,tess_OAF,female,1.5158515605799951,24414,1.312,train
data/raw/tess/OAF_angry/OAF_lease_angry.wav,tess,angry,normal,tess_OAF,female,1.6813303842057836,24414,1.344,test
data/raw/tess/OAF_angry/OAF_lid_angry.wav,tess,angry,normal,tess_OAF,female,1.4135741787498977,24414,1.312,train
data/raw/tess/OAF_angry/OAF_life_angry.wav,tess,angry,normal,tess_OAF,female,1.6250102400262143,24414,1.312,train
data/raw/tess/OAF_angry/OAF_limb_angry.wav,tess,angry,normal,tess_OAF,female,1.6209551896452854,24414,1.589,train
data/raw/tess/OAF_angry/OAF_live_angry.wav,tess,angry,normal,tess_OAF,female,1.5974031293520112,24414,1.312,train
data/raw/tess/OAF_angry/OAF_loaf_angry.wav,tess,angry,normal,tess_OAF,female,1.679651019906611,24414,1.472,train
data/raw/tess/OAF_angry/OAF_long_angry.wav,tess,angry,normal,tess_OAF,female,1.7242565740968296,24414,1.472,test
data/raw/tess/OAF_angry/OAF_lore_angry.wav,tess,angry,normal,tess_OAF,female,1.7023838781027278,24414,1.568,val
data/raw/tess/OAF_angry/OAF_lose_angry.wav,tess,angry,normal,tess_OAF,female,1.6754730892111085,24414,1.44,train
data/raw/tess/OAF_angry/OAF_lot_angry.wav,tess,angry,normal,tess_OAF,female,1.6126402883591382,24414,1.44,test
data/raw/tess/OAF_angry/OAF_love_angry.wav,tess,angry,normal,tess_OAF,female,1.5624231998033915,24414,1.472,train
data/raw/tess/OAF_angry/OAF_luck_angry.wav,tess,angry,normal,tess_OAF,female,1.6131318096174323,24414,1.568,train
data/raw/tess/OAF_angry/OAF_make_angry.wav,tess,angry,normal,tess_OAF,female,1.6333251413123615,24414,1.344,val
data/raw/tess/OAF_angry/OAF_match_angry.wav,tess,angry,normal,tess_OAF,female,1.6846891128041288,24414,1.312,train
data/raw/tess/OAF_angry/OAF_merge_angry.wav,tess,angry,normal,tess_OAF,female,1.6236585565659047,24414,1.504,train
data/raw/tess/OAF_angry/OAF_mess_angry.wav,tess,angry,normal,tess_OAF,female,1.6950520193331695,24414,1.632,train
data/raw/tess/OAF_angry/OAF_met_angry.wav,tess,angry,normal,tess_OAF,female,1.5086425821250102,24414,1.44,val
data/raw/tess/OAF_angry/OAF_mill_angry.wav,tess,angry,normal,tess_OAF,female,1.5349799295486195,24414,1.439,train
data/raw/tess/OAF_angry/OAF_mob_angry.wav,tess,angry,normal,tess_OAF,female,1.53055623822397,24414,1.376,train
data/raw/tess/OAF_angry/OAF_mode_angry.wav,tess,angry,normal,tess_OAF,female,1.4751781764561318,24414,1.408,test
data/raw/tess/OAF_angry/OAF_mood_angry.wav,tess,angry,normal,tess_OAF,female,1.5651265667240108,24414,1.5011875,train
data/raw/tess/OAF_angry/OAF_moon_angry.wav,tess,angry,normal,tess_OAF,female,1.5067584173015482,24414,1.472,train
data/raw/tess/OAF_angry/OAF_mop_angry.wav,tess,angry,normal,tess_OAF,female,1.3901859588760548,24414,1.3261875,train
data/raw/tess/OAF_angry/OAF_mouse_angry.wav,tess,angry,normal,tess_OAF,female,1.648767100843778,24414,1.184,train
data/raw/tess/OAF_angry/OAF_nag_angry.wav,tess,angry,normal,tess_OAF,female,1.4602686982878677,24414,1.408,train
data/raw/tess/OAF_angry/OAF_name_angry.wav,tess,angry,normal,tess_OAF,female,1.5427213893667568,24414,1.28,train
data/raw/tess/OAF_angry/OAF_near_angry.wav,tess,angry,normal,tess_OAF,female,1.519947571065782,24414,1.344,train
data/raw/tess/OAF_angry/OAF_neat_angry.wav,tess,angry,normal,tess_OAF,female,1.677398214139428,24414,1.216,train
data/raw/tess/OAF_angry/OAF_nice_angry.wav,tess,angry,normal,tess_OAF,female,1.6225116736298846,24414,1.44,train
data/raw/tess/OAF_angry/OAF_note_angry.wav,tess,angry,normal,tess_OAF,female,1.4273367739821414,24414,1.216,train
data/raw/tess/OAF_angry/OAF_numb_angry.wav,tess,angry,normal,tess_OAF,female,1.5760219546162038,24414,1.376,train
data/raw/tess/OAF_angry/OAF_pad_angry.wav,tess,angry,normal,tess_OAF,female,1.5480871631031377,24414,1.472,train
data/raw/tess/OAF_angry/OAF_page_angry.wav,tess,angry,normal,tess_OAF,female,1.5063078561481118,24414,1.312,val
data/raw/tess/OAF_angry/OAF_pain_angry.wav,tess,angry,normal,tess_OAF,female,1.5461620381748178,24414,1.376,train
data/raw/tess/OAF_angry/OAF_pass_angry.wav,tess,angry,normal,tess_OAF,female,1.6294748914557222,24414,1.472,train
data/raw/tess/OAF_angry/OAF_pearl_angry.wav,tess,angry,normal,tess_OAF,female,1.4948799868927665,24414,1.376,train
data/raw/tess/OAF_angry/OAF_peg_angry.wav,tess,angry,normal,tess_OAF,female,1.57725075776194,24414,1.312,train
data/raw/tess/OAF_angry/OAF_perch_angry.wav,tess,angry,normal,tess_OAF,female,1.6798558204309002,24414,1.408,test
data/raw/tess/OAF_angry/OAF_phone_angry.wav,tess,angry,normal,tess_OAF,female,1.5764725157696404,24414,1.44,train
data/raw/tess/OAF_angry/OAF_pick_angry.wav,tess,angry,normal,tess_OAF,female,1.613008929302859,24414,1.408,val
data/raw/tess/OAF_angry/OAF_pike_angry.wav,tess,angry,normal,tess_OAF,female,1.612476447939707,24414,1.376,train
data/raw/tess/OAF_angry/OAF_pole_angry.wav,tess,angry,normal,tess_OAF,female,1.577209797657082,24414,1.472,train
data/raw/tess/OAF_angry/OAF_pool_angry.wav,tess,angry,normal,tess_OAF,female,1.3765462439583844,24414,1.312,train
data/raw/tess/OAF_angry/OAF_puff_angry.wav,tess,angry,normal,tess_OAF,female,1.4820594740722537,24414,1.28,train
data/raw/tess/OAF_angry/OAF_rag_angry.wav,tess,angry,normal,tess_OAF,female,1.6037929057098386,24414,1.6,train
data/raw/tess/OAF_angry/OAF_raid_angry.wav,tess,angry,normal,tess_OAF,female,1.5679937740640617,24414,1.536,train
data/raw/tess/OAF_angry/OAF_rain_angry.wav,tess,angry,normal,tess_OAF,female,1.5053657737363808,24414,1.472,train
data/raw/tess/OAF_angry/OAF_raise_angry.wav,tess,angry,normal,tess_OAF,female,1.6311952158597527,24414,1.504,train
data/raw/tess/OAF_angry/OAF_rat_angry.wav,tess,angry,normal,tess_OAF,female,1.5362496927992135,24414,1.344,train
data/raw/tess/OAF_angry/OAF_reach_angry.wav,tess,angry,normal,tess_OAF,female,1.608912918817072,24414,1.504,train
data/raw/tess/OAF_angry/OAF_read_angry.wav,tess,angry,normal,tess_OAF,female,1.527074629311051,24414,1.472,val
data/raw/tess/OAF_angry/OAF_red_angry.wav,tess,angry,normal,tess_OAF,female,1.6897272057016466,24414,1.44,test
data/raw/tess/OAF_angry/OAF_ring_angry.wav,tess,angry,normal,tess_OAF,female,1.5287539936102237,24414,1.3688125,train
data/raw/tess/OAF_angry/OAF_ripe_angry.wav,tess,angry,normal,tess_OAF,female,1.7383468501679364,24414,1.472,train
data/raw/tess/OAF_angry/OAF_road_angry.wav,tess,angry,normal,tess_OAF,female,1.5683214549029243,24414,1.472,test
data/raw/tess/OAF_angry/OAF_room_angry.wav,tess,angry,normal,tess_OAF,female,1.5399361022364215,24414,1.504,train
data/raw/tess/OAF_angry/OAF_rose_angry.wav,tess,angry,normal,tess_OAF,female,1.8602850823298107,24414,1.472,train
data/raw/tess/OAF_angry/OAF_rot_angry.wav,tess,angry,normal,tess_OAF,female,1.371712951585156,24414,1.30775,train
data/raw/tess/OAF_angry/OAF_rough_angry.wav,tess,angry,normal,tess_OAF,female,1.7206520848693372,24414,1.408,train
data/raw/tess/OAF_angry/OAF_rush_angry.wav,tess,angry,normal,tess_OAF,female,1.6526173507004178,24414,1.248,train
data/raw/tess/OAF_angry/OAF_said_angry.wav,tess,angry,normal,tess_OAF,female,1.4669042352748425,24414,1.4349375,train
data/raw/tess/OAF_angry/OAF_sail_angry.wav,tess,angry,normal,tess_OAF,female,1.667772589497829,24414,1.504,test
data/raw/tess/OAF_angry/OAF_search_angry.wav,tess,angry,normal,tess_OAF,female,1.696116982059474,24414,1.376,train
data/raw/tess/OAF_angry/OAF_seize_angry.wav,tess,angry,normal,tess_OAF,female,1.759072663226018,24414,1.472,val
data/raw/tess/OAF_angry/OAF_sell_angry.wav,tess,angry,normal,tess_OAF,female,1.41468010158106,24414,1.3506875,train
data/raw/tess/OAF_angry/OAF_shack_angry.wav,tess,angry,normal,tess_OAF,female,1.4904153354632588,24414,1.408,train
data/raw/tess/OAF_angry/OAF_shall_angry.wav,tess,angry,normal,tess_OAF,female,1.6786270172851645,24414,1.504,train
data/raw/tess/OAF_angry/OAF_shawl_angry.wav,tess,angry,normal,tess_OAF,female,1.527402310149914,24414,1.4954375,val
data/raw/tess/OAF_angry/OAF_sheep_angry.wav,tess,angry,normal,tess_OAF,female,1.6750634881625297,24414,1.312,train
data/raw/tess/OAF_angry/OAF_shirt_angry.wav,tess,angry,normal,tess_OAF,female,1.6577783239125092,24414,1.44,val
data/raw/tess/OAF_angry/OAF_should_angry.wav,tess,angry,normal,tess_OAF,female,1.599614975014336,24414,1.408,train
data/raw/tess/OAF_angry/OAF_shout_angry.wav,tess,angry,normal,tess_OAF,female,1.3981322192184813,24414,1.344,val
data/raw/tess/OAF_angry/OAF_size_angry.wav,tess,angry,normal,tess_OAF,female,1.5860162202015238,24414,1.472,train
data/raw/tess/OAF_angry/OAF_soap_angry.wav,tess,angry,normal,tess_OAF,female,1.6960350618497584,24414,1.376,train
data/raw/tess/OAF_angry/OAF_soup_angry.wav,tess,angry,normal,tess_OAF,female,1.5933071188662242,24414,1.312,train
data/raw/tess/OAF_angry/OAF_sour_angry.wav,tess,angry,normal,tess_OAF,female,1.7386335709019416,24414,1.504,test
data/raw/tess/OAF_angry/OAF_south_angry.wav,tess,angry,normal,tess_OAF,female,1.5181453264520357,24414,1.344,train
data/raw/tess/OAF_angry/OAF_sub_angry.wav,tess,angry,normal,tess_OAF,female,1.3749078397640695,24414,1.3109375,train
data/raw/tess/OAF_angry/OAF_such_angry.wav,tess,angry,normal,tess_OAF,female,1.672483001556484,24414,1.312,train
data/raw/tess/OAF_angry/OAF_sure_angry.wav,tess,angry,normal,tess_OAF,female,1.427787335135578,24414,1.3958125,train
data/raw/tess/OAF_angry/OAF_take_angry.wav,tess,angry,normal,tess_OAF,female,1.459777177029573,24414,1.216,train
data/raw/tess/OAF_angry/OAF_talk_angry.wav,tess,angry,normal,tess_OAF,female,1.52056197263865,24414,1.312,train
data/raw/tess/OAF_angry/OAF_tape_angry.wav,tess,angry,normal,tess_OAF,female,1.6835831899729663,24414,1.344,val
data/raw/tess/OAF_angry/OAF_team_angry.wav,tess,angry,normal,tess_OAF,female,1.6066191529450315,24414,1.472,val
data/raw/tess/OAF_angry/OAF_tell_angry.wav,tess,angry,normal,tess_OAF,female,1.6309494552306054,24414,1.44,train
data/raw/tess/OAF_angry/OAF_thin_angry.wav,tess,angry,normal,tess_OAF,female,1.5652084869337266,24414,1.312,train
data/raw/tess/OAF_angry/OAF_third_angry.wav,tess,angry,normal,tess_OAF,female,1.377938887523552,24414,1.28,train
data/raw/tess/OAF_angry/OAF_thought_angry.wav,tess,angry,normal,tess_OAF,female,1.506840337511264,24414,1.376,train
data/raw/tess/OAF_angry/OAF_thumb_angry.wav,tess,angry,normal,tess_OAF,female,1.5925288768739247,24414,1.376,train
data/raw/tess/OAF_angry/OAF_time_angry.wav,tess,angry,normal,tess_OAF,female,1.631359056279184,24414,1.44,train
data/raw/tess/OAF_angry/OAF_tip_angry.wav,tess,angry,normal,tess_OAF,female,1.3350946178422216,24414,1.303125,test
data/raw/tess/OAF_angry/OAF_tire_angry.wav,tess,angry,normal,tess_OAF,female,1.6540099942655853,24414,1.536,train
data/raw/tess/OAF_angry/OAF_ton_angry.wav,tess,angry,normal,tess_OAF,female,1.4978700745473907,24414,1.44,train
data/raw/tess/OAF_angry/OAF_tool_angry.wav,tess,angry,normal,tess_OAF,female,1.5092160235930203,24414,1.41325,train
data/raw/tess/OAF_angry/OAF_tough_angry.wav,tess,angry,normal,tess_OAF,female,1.4664536741214058,24414,1.312,train
data/raw/tess/OAF_angry/OAF_turn_angry.wav,tess,angry,normal,tess_OAF,female,1.50057344146801,24414,1.468625,train
data/raw/tess/OAF_angry/OAF_vine_angry.wav,tess,angry,normal,tess_OAF,female,1.4898009338903908,24414,1.408,test
data/raw/tess/OAF_angry/OAF_voice_angry.wav,tess,angry,normal,tess_OAF,female,1.5890882280658638,24414,1.344,train
data/raw/tess/OAF_angry/OAF_void_angry.wav,tess,angry,normal,tess_OAF,female,1.54419595314164,24414,1.408,train
data/raw/tess/OAF_angry/OAF_vote_angry.wav,tess,angry,normal,tess_OAF,female,1.547308921110838,24414,1.344,train
data/raw/tess/OAF_angry/OAF_wag_angry.wav,tess,angry,normal,tess_OAF,female,1.576267715245351,24414,1.504,val
data/raw/tess/OAF_angry/OAF_walk_angry.wav,tess,angry,normal,tess_OAF,female,1.585606619152945,24414,1.312,train
data/raw/tess/OAF_angry/OAF_wash_angry.wav,tess,angry,normal,tess_OAF,female,1.8023674940607848,24414,1.408,test
data/raw/tess/OAF_angry/OAF_week_angry.wav,tess,angry,normal,tess_OAF,female,1.56033423445564,24414,1.408,val
data/raw/tess/OAF_angry/OAF_wheat_angry.wav,tess,angry,normal,tess_OAF,female,1.5331367248300156,24414,1.344,train
data/raw/tess/OAF_angry/OAF_when_angry.wav,tess,angry,normal,tess_OAF,female,1.6378717129515852,24414,1.408,train
data/raw/tess/OAF_angry/OAF_which_angry.wav,tess,angry,normal,tess_OAF,female,1.4251658884246745,24414,1.28,train
data/raw/tess/OAF_angry/OAF_whip_angry.wav,tess,angry,normal,tess_OAF,female,1.288031457360531,24414,1.2240625,train
data/raw/tess/OAF_angry/OAF_white_angry.wav,tess,angry,normal,tess_OAF,female,1.4768985008601625,24414,1.312,test
data/raw/tess/OAF_angry/OAF_wife_angry.wav,tess,angry,normal,tess_OAF,female,1.7041451626116162,24414,1.312,val
data/raw/tess/OAF_angry/OAF_wire_angry.wav,tess,angry,normal,tess_OAF,female,1.5955599246334071,24414,1.472,train
data/raw/tess/OAF_angry/OAF_witch_angry.wav,tess,angry,normal,tess_OAF,female,1.5129024330302283,24414,1.344,val
data/raw/tess/OAF_angry/OAF_yearn_angry.wav,tess,angry,normal,tess_OAF,female,1.627672646841976,24414,1.472,train
data/raw/tess/OAF_angry/OAF_yes_angry.wav,tess,angry,normal,tess_OAF,female,1.5469402801671173,24414,1.408,test
data/raw/tess/OAF_angry/OAF_young_angry.wav,tess,angry,normal,tess_OAF,female,1.5371098550012288,24414,1.312,train
data/raw/tess/OAF_angry/OAF_youth_angry.wav,tess,angry,normal,tess_OAF,female,1.58282133202261,24414,1.28,val
data/raw/tess/OAF_disgust/OAF_back_disgust.wav,tess,disgust,normal,tess_OAF,female,2.260342426476612,24414,2.144,train
data/raw/tess/OAF_disgust/OAF_bar_disgust.wav,tess,disgust,normal,tess_OAF,female,2.2729581387728355,24414,2.208,test
data/raw/tess/OAF_disgust/OAF_base_disgust.wav,tess,disgust,normal,tess_OAF,female,2.4973785532890966,24414,2.464,val
data/raw/tess/OAF_disgust/OAF_bath_disgust.wav,tess,disgust,normal,tess_OAF,female,2.3139592037355614,24414,2.208,train
data/raw/tess/OAF_disgust/OAF_bean_disgust.wav,tess,disgust,normal,tess_OAF,female,2.346358646678135,24414,2.250375,train
data/raw/tess/OAF_disgust/OAF_beg_disgust.wav,tess,disgust,normal,tess_OAF,female,2.3899401982469075,24414,2.176,val
data/raw/tess/OAF_disgust/OAF_bite_disgust.wav,tess,disgust,normal,tess_OAF,female,2.3955107725075777,24414,2.08,train
data/raw/tess/OAF_disgust/OAF_boat_disgust.wav,tess,disgust,normal,tess_OAF,female,2.2053330056524945,24414,2.08,train
data/raw/tess/OAF_disgust/OAF_bone_disgust.wav,tess,disgust,normal,tess_OAF,female,2.214876710084378,24414,2.1509375,train
data/raw/tess/OAF_disgust/OAF_book_disgust.wav,tess,disgust,normal,tess_OAF,female,2.13393954288523,24414,2.016,test
data/raw/tess/OAF_disgust/OAF_bought_disgust.wav,tess,disgust,normal,tess_OAF,female,2.399811583517654,24414,2.176,test
data/raw/tess/OAF_disgust/OAF_burn_disgust.wav,tess,disgust,normal,tess_OAF,female,2.204513803555337,24414,2.1405625,train
data/raw/tess/OAF_disgust/OAF_cab_disgust.wav,tess,disgust,normal,tess_OAF,female,2.4378635209306134,24414,2.373875,val
data/raw/tess/OAF_disgust/OAF_calm_disgust.wav,tess,disgust,normal,tess_OAF,female,2.4497009912345376,24414,2.32175,train
data/raw/tess/OAF_disgust/OAF_came_disgust.wav,tess,disgust,normal,tess_OAF,female,2.2948717948717947,24414,2.24,train
data/raw/tess/OAF_disgust/OAF_cause_disgust.wav,tess,disgust,normal,tess_OAF,female,2.5178995658228884,24414,2.4,train
data/raw/tess/OAF_disgust/OAF_chain_disgust.wav,tess,disgust,normal,tess_OAF,female,2.3499221758007702,24414,2.24,train
data/raw/tess/OAF_disgust/OAF_chair_disgust.wav,tess,disgust,normal,tess_OAF,female,2.2728762185631197,24414,2.2409375,train
data/raw/tess/OAF_disgust/OAF_chalk_disgust.wav,tess,disgust,normal,tess_OAF,female,2.3386581469648564,24414,2.176,train
data/raw/tess/OAF_disgust/OAF_chat_disgust.wav,tess,disgust,normal,tess_OAF,female,2.4431473744572787,24414,2.336,val
data/raw/tess/OAF_disgust/OAF_check_disgust.wav,tess,disgust,normal,tess_OAF,female,2.434013271073974,24414,2.144,train
data/raw/tess/OAF_disgust/OAF_cheek_disgust.wav,tess,disgust,normal,tess_OAF,female,2.5592692717293355,24414,2.208,test
data/raw/tess/OAF_disgust/OAF_chief_disgust.wav,tess,disgust,normal,tess_OAF,female,2.4757925780289995,24414,2.272,train
data/raw/tess/OAF_disgust/OAF_choice_disgust.wav,tess,disgust,normal,tess_OAF,female,2.417219628082248,24414,2.304,test
data/raw/tess/OAF_disgust/OAF_cool_disgust.wav,tess,disgust,normal,tess_OAF,female,2.4210698779388875,24414,2.272,train
data/raw/tess/OAF_disgust/OAF_dab_disgust.wav,tess,disgust,normal,tess_OAF,female,2.40910952732039,24414,2.345125,train
data/raw/tess/OAF_disgust/OAF_date_disgust.wav,tess,disgust,normal,tess_OAF,female,2.5356352912263453,24414,2.144,train
data/raw/tess/OAF_disgust/OAF_dead_disgust.wav,tess,disgust,normal,tess_OAF,female,2.410051609732121,24414,2.272,test
data/raw/tess/OAF_disgust/OAF_death_disgust.wav,tess,disgust,normal,tess_OAF,female,2.4007946260342425,24414,2.24,train
data/raw/tess/OAF_disgust/OAF_deep_disgust.wav,tess,disgust,normal,tess_OAF,female,2.402719750962562,24414,2.336,train
data/raw/tess/OAF_disgust/OAF_dime_disgust.wav,tess,disgust,normal,tess_OAF,female,2.4742770541492587,24414,2.4743125,test
data/raw/tess/OAF_disgust/OAF_dip_disgust.wav,tess,disgust,normal,tess_OAF,female,2.220447284345048,24414,2.0605,train
data/raw/tess/OAF_disgust/OAF_ditch_disgust.wav,tess,disgust,normal,tess_OAF,female,2.6940689768165806,24414,2.368,test
data/raw/tess/OAF_disgust/OAF_dodge_disgust.wav,tess,disgust,normal,tess_OAF,female,2.4091914475301057,24414,2.272,val
data/raw/tess/OAF_disgust/OAF_dog_disgust.wav,tess,disgust,normal,tess_OAF,female,2.3459490456295566,24414,2.314,train
data/raw/tess/OAF_disgust/OAF_doll_disgust.wav,tess,disgust,normal,tess_OAF,female,2.322929466699435,24414,2.112,test
data/raw/tess/OAF_disgust/OAF_door_disgust.wav,tess,disgust,normal,tess_OAF,female,2.422380601294339,24414,2.3264375,val
data/raw/tess/OAF_disgust/OAF_fail_disgust.wav,tess,disgust,normal,tess_OAF,female,2.509134103383305,24414,2.4451875,train
data/raw/tess/OAF_disgust/OAF_fall_disgust.wav,tess,disgust,normal,tess_OAF,female,2.392643565167526,24414,2.3926875,val
data/raw/tess/OAF_disgust/OAF_far_disgust.wav,tess,disgust,normal,tess_OAF,female,2.5335872859834523,24414,2.469625,train
data/raw/tess/OAF_disgust/OAF_fat_disgust.wav,tess,disgust,normal,tess_OAF,female,2.3457442451052675,24414,2.112,test
data/raw/tess/OAF_disgust/OAF_fit_disgust.wav,tess,disgust,normal,tess_OAF,female,2.103342344556402,24414,2.039375,train
data/raw/tess/OAF_disgust/OAF_five_disgust.wav,tess,disgust,normal,tess_OAF,female,2.449741951339395,24414,2.32175,train
data/raw/tess/OAF_disgust/OAF_food_disgust.wav,tess,disgust,normal,tess_OAF,female,2.1918571311542556,24414,1.999875,val
data/raw/tess/OAF_disgust/OAF_gap_disgust.wav,tess,disgust,normal,tess_OAF,female,2.36548701564676,24414,2.3335,train
data/raw/tess/OAF_disgust/OAF_gas_disgust.wav,tess,disgust,normal,tess_OAF,female,2.406570000819202,24414,2.112,train
data/raw/tess/OAF_disgust/OAF_gaze_disgust.wav,tess,disgust,normal,tess_OAF,female,2.634472024248382,24414,2.56,test
data/raw/tess/OAF_disgust/OAF_germ_disgust.wav,tess,disgust,normal,tess_OAF,female,2.570615220774965,24414,2.368,train
data/raw/tess/OAF_disgust/OAF_get_disgust.wav,tess,disgust,normal,tess_OAF,female,2.179937740640616,24414,2.112,train
data/raw/tess/OAF_disgust/OAF_gin_disgust.wav,tess,disgust,normal,tess_OAF,female,2.4043171950520192,24414,2.372375,train
data/raw/tess/OAF_disgust/OAF_goal_disgust.wav,tess,disgust,normal,tess_OAF,female,2.4182436307036945,24414,2.35425,val
data/raw/tess/OAF_disgust/OAF_good_disgust.wav,tess,disgust,normal,tess_OAF,female,2.4325387072990905,24414,2.208,train
data/raw/tess/OAF_disgust/OAF_goose_disgust.wav,tess,disgust,normal,tess_OAF,female,2.3391496682231505,24414,2.272,train
data/raw/tess/OAF_disgust/OAF_gun_disgust.wav,tess,disgust,normal,tess_OAF,female,2.476529859916442,24414,2.2205625,train
data/raw/tess/OAF_disgust/OAF_half_disgust.wav,tess,disgust,normal,tess_OAF,female,2.2121733431637587,24414,2.1481875,val
data/raw/tess/OAF_disgust/OAF_hall_disgust.wav,tess,disgust,normal,tess_OAF,female,2.29458507413779,24414,2.038625,train
data/raw/tess/OAF_disgust/OAF_hash_disgust.wav,tess,disgust,normal,tess_OAF,female,2.6082985172442044,24414,2.496,test
data/raw/tess/OAF_disgust/OAF_hate_disgust.wav,tess,disgust,normal,tess_OAF,female,2.387687392479725,24414,2.112,train
data/raw/tess/OAF_disgust/OAF_have_disgust.wav,tess,disgust,normal,tess_OAF,female,2.462357663635619,24414,2.334375,train
data/raw/tess/OAF_disgust/OAF_haze_disgust.wav,tess,disgust,normal,tess_OAF,female,2.35856475792578,24414,2.208,train
data/raw/tess/OAF_disgust/OAF_hire_disgust.wav,tess,disgust,normal,tess_OAF,female,2.077414598181371,24414,2.0134375,val
data/raw/tess/OAF_disgust/OAF_hit_disgust.wav,tess,disgust,normal,tess_OAF,female,2.3697468665519783,24414,2.08,train
data/raw/tess/OAF_disgust/OAF_hole_disgust.wav,tess,disgust,normal,tess_OAF,female,2.3716310313754403,24414,2.112,train
data/raw/tess/OAF_disgust/OAF_home_disgust.wav,tess,disgust,normal,tess_OAF,female,2.3674940607847956,24414,2.3355,train
data/raw/tess/OAF_disgust/OAF_hurl_disgust.wav,tess,disgust,normal,tess_OAF,female,2.2683296469238963,24414,2.236375,val
data/raw/tess/OAF_disgust/OAF_hush_disgust.wav,tess,disgust,normal,tess_OAF,female,2.5540673384123864,24414,2.4,train
data/raw/tess/OAF_disgust/OAF_jail_disgust.wav,tess,disgust,normal,tess_OAF,female,2.542066027689031,24414,2.478125,train
data/raw/tess/OAF_disgust/OAF_jar_disgust.wav,tess,disgust,normal,tess_OAF,female,2.4231998033914968,24414,2.42325,train
data/raw/tess/OAF_disgust/OAF_join_disgust.wav,tess,disgust,normal,tess_OAF,female,2.3621692471532727,24414,2.2341875,train
data/raw/tess/OAF_disgust/OAF_judge_disgust.wav,tess,disgust,normal,tess_OAF,female,2.3579503563529123,24414,2.176,train
data/raw/tess/OAF_disgust/OAF_jug_disgust.wav,tess,disgust,normal,tess_OAF,female,2.328254280330958,24414,2.176,train
data/raw/tess/OAF_disgust/OAF_juice_disgust.wav,tess,disgust,normal,tess_OAF,female,2.413492258540182,24414,2.336,val
data/raw/tess/OAF_disgust/OAF_keen_disgust.wav,tess,disgust,normal,tess_OAF,female,2.6035881051855494,24414,2.571625,train
data/raw/tess/OAF_disgust/OAF_keep_disgust.wav,tess,disgust,normal,tess_OAF,female,2.64200868354223,24414,2.5140625,train
data/raw/tess/OAF_disgust/OAF_keg_disgust.wav,tess,disgust,normal,tess_OAF,female,2.4267223724092735,24414,2.368,train
data/raw/tess/OAF_disgust/OAF_kick_disgust.wav,tess,disgust,normal,tess_OAF,female,2.2723027770951094,24414,2.048,train
data/raw/tess/OAF_disgust/OAF_kill_disgust.wav,tess,disgust,normal,tess_OAF,female,2.318423855165069,24414,2.016,train
data/raw/tess/OAF_disgust/OAF_king_disgust.wav,tess,disgust,normal,tess_OAF,female,2.263660194970099,24414,2.2636875,train
data/raw/tess/OAF_disgust/OAF_kite_disgust.wav,tess,disgust,normal,tess_OAF,female,2.19370033587286,24414,2.08,train
data/raw/tess/OAF_disgust/OAF_knock_disgust.wav,tess,disgust,normal,tess_OAF,female,2.442901613828131,24414,2.208,train
data/raw/tess/OAF_disgust/OAF_late_disgust.wav,tess,disgust,normal,tess_OAF,female,2.3493896944376176,24414,2.2854375,val
data/raw/tess/OAF_disgust/OAF_laud_disgust.wav,tess,disgust,normal,tess_OAF,female,2.2741050217088556,24414,2.210125,test
data/raw/tess/OAF_disgust/OAF_lean_disgust.wav,tess,disgust,normal,tess_OAF,female,2.2618579503563527,24414,2.133875,test
data/raw/tess/OAF_disgust/OAF_learn_disgust.wav,tess,disgust,normal,tess_OAF,female,2.305111821086262,24414,2.241125,train
data/raw/tess/OAF_disgust/OAF_lease_disgust.wav,tess,disgust,normal,tess_OAF,female,2.3075284672728764,24414,2.112,val
data/raw/tess/OAF_disgust/OAF_lid_disgust.wav,tess,disgust,normal,tess_OAF,female,2.072622265913001,24414,1.944625,train
data/raw/tess/OAF_disgust/OAF_life_disgust.wav,tess,disgust,normal,tess_OAF,female,2.4375768001966085,24414,2.341625,train
data/raw/tess/OAF_disgust/OAF_limb_disgust.wav,tess,disgust,normal,tess_OAF,female,2.481158351765381,24414,2.4171875,train
data/raw/tess/OAF_disgust/OAF_live_disgust.wav,tess,disgust,normal,tess_OAF,female,2.426271811255837,24414,2.272,val
data/raw/tess/OAF_disgust/OAF_loaf_disgust.wav,tess,disgust,normal,tess_OAF,female,2.6100598017530925,24414,2.304,test
data/raw/tess/OAF_disgust/OAF_long_disgust.wav,tess,disgust,normal,tess_OAF,female,2.2579257802899977,24414,2.0979375,train
data/raw/tess/OAF_disgust/OAF_lore_disgust.wav,tess,disgust,normal,tess_OAF,female,2.36491357417875,24414,2.3009375,train
data/raw/tess/OAF_disgust/OAF_lose_disgust.wav,tess,disgust,normal,tess_OAF,female,2.372327353158024,24414,2.112,train
data/raw/tess/OAF_disgust/OAF_lot_disgust.wav,tess,disgust,normal,tess_OAF,female,2.3744572786106333,24414,2.368,train
data/raw/tess/OAF_disgust/OAF_love_disgust.wav,tess,disgust,normal,tess_OAF,female,2.3737609568280496,24414,2.272,train
data/raw/tess/OAF_disgust/OAF_luck_disgust.wav,tess,disgust,normal,tess_OAF,female,2.221348406651921,24414,1.952,train
data/raw/tess/OAF_disgust/OAF_make_disgust.wav,tess,disgust,normal,tess_OAF,female,2.4997542393708527,24414,2.24,val
data/raw/tess/OAF_disgust/OAF_match_disgust.wav,tess,disgust,normal,tess_OAF,female,2.461661341853035,24414,2.272,train
data/raw/tess/OAF_disgust/OAF_merge_disgust.wav,tess,disgust,normal,tess_OAF,female,2.4527320389940197,24414,2.336,train
data/raw/tess/OAF_disgust/OAF_mess_disgust.wav,tess,disgust,normal,tess_OAF,female,2.4952486278364874,24414,2.43125,train
data/raw/tess/OAF_disgust/OAF_met_disgust.wav,tess,disgust,normal,tess_OAF,female,2.412877856967314,24414,2.24,train
data/raw/tess/OAF_disgust/OAF_mill_disgust.wav,tess,disgust,normal,tess_OAF,female,2.276849348734333,24414,2.212875,train
data/raw/tess/OAF_disgust/OAF_mob_disgust.wav,tess,disgust,normal,tess_OAF,female,2.157245842549357,24414,2.016,train
data/raw/tess/OAF_disgust/OAF_mode_disgust.wav,tess,disgust,normal,tess_OAF,female,2.433439829605964,24414,2.4015,train
data/raw/tess/OAF_disgust/OAF_mood_disgust.wav,tess,disgust,normal,tess_OAF,female,2.3476284099287295,24414,2.24,train
data/raw/tess/OAF_disgust/OAF_moon_disgust.wav,tess,disgust,normal,tess_OAF,female,2.333128532809044,24414,2.2371875,train
data/raw/tess/OAF_disgust/OAF_mop_disgust.wav,tess,disgust,normal,tess_OAF,female,2.151142786925534,24414,2.0231875,train
data/raw/tess/OAF_disgust/OAF_mouse_disgust.wav,tess,disgust,normal,tess_OAF,female,2.347382649299582,24414,2.048,test
data/raw/tess/OAF_disgust/OAF_nag_disgust.wav,tess,disgust,normal,tess_OAF,female,2.330548046202998,24414,2.3305625,train
data/raw/tess/OAF_disgust/OAF_name_disgust.wav,tess,disgust,normal,tess_OAF,female,2.3818710575899074,24414,2.176,train
data/raw/tess/OAF_disgust/OAF_near_disgust.wav,tess,disgust,normal,tess_OAF,female,2.1356598672892604,24414,2.0716875,val
data/raw/tess/OAF_disgust/OAF_neat_disgust.wav,tess,disgust,normal,tess_OAF,female,2.3856393872368313,24414,2.24,train
data/raw/tess/OAF_disgust/OAF_nice_disgust.wav,tess,disgust,normal,tess_OAF,female,2.50135168346031,24414,2.336,train
data/raw/tess/OAF_disgust/OAF_note_disgust.wav,tess,disgust,normal,tess_OAF,female,2.313836323420988,24414,2.08,train
data/raw/tess/OAF_disgust/OAF_numb_disgust.wav,tess,disgust,normal,tess_OAF,female,2.275497665274023,24414,2.0515,train
data/raw/tess/OAF_disgust/OAF_pad_disgust.wav,tess,disgust,normal,tess_OAF,female,2.141312361759646,24414,2.0453125,train
data/raw/tess/OAF_disgust/OAF_page_disgust.wav,tess,disgust,normal,tess_OAF,female,2.511591709674777,24414,2.479625,train
data/raw/tess/OAF_disgust/OAF_pain_disgust.wav,tess,disgust,normal,tess_OAF,female,2.313303842057836,24414,2.2173125,train
data/raw/tess/OAF_disgust/OAF_pass_disgust.wav,tess,disgust,normal,tess_OAF,female,2.257147538297698,24414,2.144,val
data/raw/tess/OAF_disgust/OAF_pearl_disgust.wav,tess,disgust,normal,tess_OAF,female,2.4383140820840503,24414,2.24,test
data/raw/tess/OAF_disgust/OAF_peg_disgust.wav,tess,disgust,normal,tess_OAF,female,2.275907266322602,24414,2.144,train
data/raw/tess/OAF_disgust/OAF_perch_disgust.wav,tess,disgust,normal,tess_OAF,female,2.570942901613828,24414,2.4,train
data/raw/tess/OAF_disgust/OAF_phone_disgust.wav,tess,disgust,normal,tess_OAF,female,2.2985172442041453,24414,2.0745625,val
data/raw/tess/OAF_disgust/OAF_pick_disgust.wav,tess,disgust,normal,tess_OAF,female,2.255918735151962,24414,1.792,train
data/raw/tess/OAF_disgust/OAF_pike_disgust.wav,tess,disgust,normal,tess_OAF,female,2.4217661997214712,24414,2.144,train
data/raw/tess/OAF_disgust/OAF_pole_disgust.wav,tess,disgust,normal,tess_OAF,female,2.277791431146064,24414,2.112,test
data/raw/tess/OAF_disgust/OAF_pool_disgust.wav,tess,disgust,normal,tess_OAF,female,2.2721798967805356,24414,2.2721875,train
data/raw/tess/OAF_disgust/OAF_puff_disgust.wav,tess,disgust,normal,tess_OAF,female,2.37683296469239,24414,2.344875,test
data/raw/tess/OAF_disgust/OAF_rag_disgust.wav,tess,disgust,normal,tess_OAF,female,2.361145244531826,24414,2.336,train
data/raw/tess/OAF_disgust/OAF_raid_disgust.wav,tess,disgust,normal,tess_OAF,female,2.4417547308921113,24414,2.3458125,test
data/raw/tess/OAF_disgust/OAF_rain_disgust.wav,tess,disgust,normal,tess_OAF,female,2.317563692963054,24414,2.285625,train
data/raw/tess/OAF_disgust/OAF_raise_disgust.wav,tess,disgust,normal,tess_OAF,female,2.7108626198083066,24414,2.614875,val
data/raw/tess/OAF_disgust/OAF_rat_disgust.wav,tess,disgust,normal,tess_OAF,female,2.2342508396821494,24414,2.016,train
data/raw/tess/OAF_disgust/OAF_reach_disgust.wav,tess,disgust,normal,tess_OAF,female,2.6794871794871793,24414,2.56,test
data/raw/tess/OAF_disgust/OAF_read_disgust.wav,tess,disgust,normal,tess_OAF,female,2.1751454083722455,24414,2.1111875,train
data/raw/tess/OAF_disgust/OAF_red_disgust.wav,tess,disgust,normal,tess_OAF,female,2.2448595068403376,24414,2.084875,train
data/raw/tess/OAF_disgust/OAF_ring_disgust.wav,tess,disgust,normal,tess_OAF,female,2.299254526091586,24414,2.1713125,train
data/raw/tess/OAF_disgust/OAF_ripe_disgust.wav,tess,disgust,normal,tess_OAF,female,2.2669370033587284,24414,2.144,test
data/raw/tess/OAF_disgust/OAF_road_disgust.wav,tess,disgust,normal,tess_OAF,female,2.173957565331367,24414,2.11,val
data/raw/tess/OAF_disgust/OAF_room_disgust.wav,tess,disgust,normal,tess_OAF,female,2.316539690341607,24414,2.1885625,train
data/raw/tess/OAF_disgust/OAF_rose_disgust.wav,tess,disgust,normal,tess_OAF,female,2.6661341853035143,24414,2.464,train
data/raw/tess/OAF_disgust/OAF_rot_disgust.wav,tess,disgust,normal,tess_OAF,female,2.1298025722945853,24414,2.0658125,train
data/raw/tess/OAF_disgust/OAF_rough_disgust.wav,tess,disgust,normal,tess_OAF,female,2.5607438355042187,24414,2.464,val
data/raw/tess/OAF_disgust/OAF_rush_disgust.wav,tess,disgust,normal,tess_OAF,female,2.311051036290653,24414,2.176,train
data/raw/tess/OAF_disgust/OAF_said_disgust.wav,tess,disgust,normal,tess_OAF,female,2.2290489063652004,24414,2.1650625,val
data/raw/tess/OAF_disgust/OAF_sail_disgust.wav,tess,disgust,normal,tess_OAF,female,2.6094044400753664,24414,2.4,train
data/raw/tess/OAF_disgust/OAF_search_disgust.wav,tess,disgust,normal,tess_OAF,female,2.311665437863521,24414,2.176,train
data/raw/tess/OAF_disgust/OAF_seize_disgust.wav,tess,disgust,normal,tess_OAF,female,2.5242074219710005,24414,2.4,train
data/raw/tess/OAF_disgust/OAF_sell_disgust.wav,tess,disgust,normal,tess_OAF,female,2.508028180552142,24414,2.4760625,train
data/raw/tess/OAF_disgust/OAF_shack_disgust.wav,tess,disgust,normal,tess_OAF,female,2.387687392479725,24414,2.08,train
data/raw/tess/OAF_disgust/OAF_shall_disgust.wav,tess,disgust,normal,tess_OAF,female,2.305971983288277,24414,2.242,train
data/raw/tess/OAF_disgust/OAF_shawl_disgust.wav,tess,disgust,normal,tess_OAF,female,2.3968624559678875,24414,2.268875,train
data/raw/tess/OAF_disgust/OAF_sheep_disgust.wav,tess,disgust,normal,tess_OAF,female,2.2068075694273777,24414,2.1428125,train
data/raw/tess/OAF_disgust/OAF_shirt_disgust.wav,tess,disgust,normal,tess_OAF,female,2.5191283689686244,24414,2.4,val
data/raw/tess/OAF_disgust/OAF_should_disgust.wav,tess,disgust,normal,tess_OAF,female,2.2981076431555665,24414,2.138125,train
data/raw/tess/OAF_disgust/OAF_shout_disgust.wav,tess,disgust,normal,tess_OAF,female,2.483902678790858,24414,2.336,train
data/raw/tess/OAF_disgust/OAF_size_disgust.wav,tess,disgust,normal,tess_OAF,female,2.5048332923732284,24414,2.432,train
data/raw/tess/OAF_disgust/OAF_soap_disgust.wav,tess,disgust,normal,tess_OAF,female,2.414393380847055,24414,2.3184375,val
data/raw/tess/OAF_disgust/OAF_soup_disgust.wav,tess,disgust,normal,tess_OAF,female,2.369951667076268,24414,2.24,train
data/raw/tess/OAF_disgust/OAF_sour_disgust.wav,tess,disgust,normal,tess_OAF,female,2.1977144261489308,24414,2.112,train
data/raw/tess/OAF_disgust/OAF_south_disgust.wav,tess,disgust,normal,tess_OAF,female,2.75346112886049,24414,2.528,train
data/raw/tess/OAF_disgust/OAF_sub_disgust.wav,tess,disgust,normal,tess_OAF,female,2.3719587122143033,24414,2.34,train
data/raw/tess/OAF_disgust/OAF_such_disgust.wav,tess,disgust,normal,tess_OAF,female,2.436266076841157,24414,2.336,train
data/raw/tess/OAF_disgust/OAF_sure_disgust.wav,tess,disgust,normal,tess_OAF,female,2.270541492586221,24414,2.2385625,train
data/raw/tess/OAF_disgust/OAF_take_disgust.wav,tess,disgust,normal,tess_OAF,female,2.35549275006144,24414,2.208,train
data/raw/tess/OAF_disgust/OAF_talk_disgust.wav,tess,disgust,normal,tess_OAF,female,2.189645285491931,24414,1.984,train
data/raw/tess/OAF_disgust/OAF_tape_disgust.wav,tess,disgust,normal,tess_OAF,female,2.3936266076841157,24414,2.2656875,train
data/raw/tess/OAF_disgust/OAF_team_disgust.wav,tess,disgust,normal,tess_OAF,female,2.4504382731219794,24414,2.3865,val
data/raw/tess/OAF_disgust/OAF_tell_disgust.wav,tess,disgust,normal,tess_OAF,female,2.16121897272057,24414,2.048,train
data/raw/tess/OAF_disgust/OAF_thin_disgust.wav,tess,disgust,normal,tess_OAF,female,2.209551896452855,24414,2.1455625,train
data/raw/tess/OAF_disgust/OAF_third_disgust.wav,tess,disgust,normal,tess_OAF,female,2.3055623822396987,24414,2.2095625,test
data/raw/tess/OAF_disgust/OAF_thought_disgust.wav,tess,disgust,normal,tess_OAF,female,2.2305234701400836,24414,2.08,train
data/raw/tess/OAF_disgust/OAF_thumb_disgust.wav,tess,disgust,normal,tess_OAF,female,2.1861227164741543,24414,2.122125,test
data/raw/tess/OAF_disgust/OAF_time_disgust.wav,tess,disgust,normal,tess_OAF,female,2.2284345047923324,24414,2.1324375,train
data/raw/tess/OAF_disgust/OAF_tip_disgust.wav,tess,disgust,normal,tess_OAF,female,2.3255099533054806,24414,2.2615625,train
data/raw/tess/OAF_disgust/OAF_tire_disgust.wav,tess,disgust,normal,tess_OAF,female,2.5124928319816497,24414,2.4165,train
data/raw/tess/OAF_disgust/OAF_ton_disgust.wav,tess,disgust,normal,tess_OAF,female,2.267428524617023,24414,2.1394375,test
data/raw/tess/OAF_disgust/OAF_tool_disgust.wav,tess,disgust,normal,tess_OAF,female,2.256860817563693,24414,2.224875,train
data/raw/tess/OAF_disgust/OAF_tough_disgust.wav,tess,disgust,normal,tess_OAF,female,2.2570246579831243,24414,2.176,train
data/raw/tess/OAF_disgust/OAF_turn_disgust.wav,tess,disgust,normal,tess_OAF,female,2.325673793724912,24414,2.2936875,train
data/raw/tess/OAF_disgust/OAF_vine_disgust.wav,tess,disgust,normal,tess_OAF,female,2.394077168837552,24414,2.330125,train
data/raw/tess/OAF_disgust/OAF_voice_disgust.wav,tess,disgust,normal,tess_OAF,female,2.492545260915868,24414,2.368,test
data/raw/tess/OAF_disgust/OAF_void_disgust.wav,tess,disgust,normal,tess_OAF,female,2.2358073236667484,24414,2.1718125,train
data/raw/tess/OAF_disgust/OAF_vote_disgust.wav,tess,disgust,normal,tess_OAF,female,2.4842713197345785,24414,2.304,train
data/raw/tess/OAF_disgust/OAF_wag_disgust.wav,tess,disgust,normal,tess_OAF,female,2.351232899156222,24414,2.208,test
data/raw/tess/OAF_disgust/OAF_walk_disgust.wav,tess,disgust,normal,tess_OAF,female,2.387564512165151,24414,2.08,train
data/raw/tess/OAF_disgust/OAF_wash_disgust.wav,tess,disgust,normal,tess_OAF,female,2.4151306627344966,24414,2.208,train
data/raw/tess/OAF_disgust/OAF_week_disgust.wav,tess,disgust,normal,tess_OAF,female,2.4666175145408373,24414,2.304,train
data/raw/tess/OAF_disgust/OAF_wheat_disgust.wav,tess,disgust,normal,tess_OAF,female,2.017653805193741,24414,1.856,train
data/raw/tess/OAF_disgust/OAF_when_disgust.wav,tess,disgust,normal,tess_OAF,female,2.4272958138772833,24414,2.2993125,train
data/raw/tess/OAF_disgust/OAF_which_disgust.wav,tess,disgust,normal,tess_OAF,female,2.439829605963791,24414,2.08,train
data/raw/tess/OAF_disgust/OAF_whip_disgust.wav,tess,disgust,normal,tess_OAF,female,2.400016384041943,24414,2.3360625,train
data/raw/tess/OAF_disgust/OAF_white_disgust.wav,tess,disgust,normal,tess_OAF,female,2.403866633898583,24414,2.144,train
data/raw/tess/OAF_disgust/OAF_wife_disgust.wav,tess,disgust,normal,tess_OAF,female,2.483206357008274,24414,2.41925,test
data/raw/tess/OAF_disgust/OAF_wire_disgust.wav,tess,disgust,normal,tess_OAF,female,2.2598509052183173,24414,2.112,val
data/raw/tess/OAF_disgust/OAF_witch_disgust.wav,tess,disgust,normal,tess_OAF,female,2.449946751863685,24414,2.208,train
data/raw/tess/OAF_disgust/OAF_yearn_disgust.wav,tess,disgust,normal,tess_OAF,female,2.38854755468174,24414,2.2925625,train
data/raw/tess/OAF_disgust/OAF_yes_disgust.wav,tess,disgust,normal,tess_OAF,female,2.5808142868845745,24414,2.516875,train
data/raw/tess/OAF_disgust/OAF_young_disgust.wav,tess,disgust,normal,tess_OAF,female,2.16314409764889,24414,2.0351875,train
data/raw/tess/OAF_disgust/OAF_youth_disgust.wav,tess,disgust,normal,tess_OAF,female,2.21176374211518,24414,2.016,val
data/raw/tess/OAF_happy/OAF_back_happy.wav,tess,happy,normal,tess_OAF,female,2.000942082411731,24414,1.792,val
data/raw/tess/OAF_happy/OAF_bar_happy.wav,tess,happy,normal,tess_OAF,female,2.000327680838863,24414,1.856,train
data/raw/tess/OAF_happy/OAF_base_happy.wav,tess,happy,normal,tess_OAF,female,2.0331367248300154,24414,1.92,train
data/raw/tess/OAF_happy/OAF_bath_happy.wav,tess,happy,normal,tess_OAF,female,2.0350618497583355,24414,2.0030625,train
data/raw/tess/OAF_happy/OAF_bean_happy.wav,tess,happy,normal,tess_OAF,female,1.8741295977717705,24414,1.792,train
data/raw/tess/OAF_happy/OAF_beg_happy.wav,tess,happy,normal,tess_OAF,female,2.0116326697796345,24414,1.888,test
data/raw/tess/OAF_happy/OAF_bite_happy.wav,tess,happy,normal,tess_OAF,female,1.7423609404440077,24414,1.646375,val
data/raw/tess/OAF_happy/OAF_boat_happy.wav,tess,happy,normal,tess_OAF,female,1.6309904153354633,24414,1.599,train
data/raw/tess/OAF_happy/OAF_bone_happy.wav,tess,happy,normal,tess_OAF,female,2.0893749487998687,24414,2.057375,train
data/raw/tess/OAF_happy/OAF_book_happy.wav,tess,happy,normal,tess_OAF,female,1.8975997378553289,24414,1.664,train
data/raw/tess/OAF_happy/OAF_bought_happy.wav,tess,happy,normal,tess_OAF,female,1.7949127549766528,24414,1.7629375,val
data/raw/tess/OAF_happy/OAF_burn_happy.wav,tess,happy,normal,tess_OAF,female,1.8984189399524865,24414,1.792,train
data/raw/tess/OAF_happy/OAF_cab_happy.wav,tess,happy,normal,tess_OAF,female,1.9985254362251168,24414,1.9665625,train
data/raw/tess/OAF_happy/OAF_calm_happy.wav,tess,happy,normal,tess_OAF,female,2.0377652166789546,24414,1.9738125,val
data/raw/tess/OAF_happy/OAF_came_happy.wav,tess,happy,normal,tess_OAF,female,2.0493569263537315,24414,2.049375,train
data/raw/tess/OAF_happy/OAF_cause_happy.wav,tess,happy,normal,tess_OAF,female,2.151265667240108,24414,2.016,train
data/raw/tess/OAF_happy/OAF_chain_happy.wav,tess,happy,normal,tess_OAF,female,2.01921028917834,24414,1.95525,train
data/raw/tess/OAF_happy/OAF_chair_happy.wav,tess,happy,normal,tess_OAF,female,2.0848283771606457,24414,1.988875,train
data/raw/tess/OAF_happy/OAF_chalk_happy.wav,tess,happy,normal,tess_OAF,female,1.8414843942000492,24414,1.632,train
data/raw/tess/OAF_happy/OAF_chat_happy.wav,tess,happy,normal,tess_OAF,female,1.7918407471123126,24414,1.791875,train
data/raw/tess/OAF_happy/OAF_check_happy.wav,tess,happy,normal,tess_OAF,female,2.039485541082985,24414,1.92,test
data/raw/tess/OAF_happy/OAF_cheek_happy.wav,tess,happy,normal,tess_OAF,female,2.023961661341853,24414,1.792,train
data/raw/tess/OAF_happy/OAF_chief_happy.wav,tess,happy,normal,tess_OAF,female,1.997542393708528,24414,1.952,train
data/raw/tess/OAF_happy/OAF_choice_happy.wav,tess,happy,normal,tess_OAF,female,1.943024494142705,24414,1.8790625,test
data/raw/tess/OAF_happy/OAF_cool_happy.wav,tess,happy,normal,tess_OAF,female,2.0667240108134677,24414,1.92,test
data/raw/tess/OAF_happy/OAF_dab_happy.wav,tess,happy,normal,tess_OAF,female,1.890390759400344,24414,1.8584375,val
data/raw/tess/OAF_happy/OAF_date_happy.wav,tess,happy,normal,tess_OAF,female,2.130744654706316,24414,1.984,train
data/raw/tess/OAF_happy/OAF_dead_happy.wav,tess,happy,normal,tess_OAF,female,1.9306545424756287,24414,1.8986875,val
data/raw/tess/OAF_happy/OAF_death_happy.wav,tess,happy,normal,tess_OAF,female,1.8413205537806177,24414,1.728,test
data/raw/tess/OAF_happy/OAF_deep_happy.wav,tess,happy,normal,tess_OAF,female,1.8660194970099124,24414,1.8020625,train
data/raw/tess/OAF_happy/OAF_dime_happy.wav,tess,happy,normal,tess_OAF,female,1.894077168837552,24414,1.856,val
data/raw/tess/OAF_happy/OAF_dip_happy.wav,tess,happy,normal,tess_OAF,female,2.05226509379864,24414,2.0203125,val
data/raw/tess/OAF_happy/OAF_ditch_happy.wav,tess,happy,normal,tess_OAF,female,2.053821577783239,24414,1.92,train
data/raw/tess/OAF_happy/OAF_dodge_happy.wav,tess,happy,normal,tess_OAF,female,2.159416728106824,24414,1.952,train
data/raw/tess/OAF_happy/OAF_dog_happy.wav,tess,happy,normal,tess_OAF,female,2.053289096420087,24414,1.984,train
data/raw/tess/OAF_happy/OAF_doll_happy.wav,tess,happy,normal,tess_OAF,female,1.9660031129679691,24414,1.888,test
data/raw/tess/OAF_happy/OAF_door_happy.wav,tess,happy,normal,tess_OAF,female,1.956746129270091,24414,1.952,train
data/raw/tess/OAF_happy/OAF_fail_happy.wav,tess,happy,normal,tess_OAF,female,1.975178176456132,24414,1.9111875,train
data/raw/tess/OAF_happy/OAF_fall_happy.wav,tess,happy,normal,tess_OAF,female,1.9789055459981977,24414,1.888,train
data/raw/tess/OAF_happy/OAF_far_happy.wav,tess,happy,normal,tess_OAF,female,2.037929057098386,24414,1.9739375,train
data/raw/tess/OAF_happy/OAF_fat_happy.wav,tess,happy,normal,tess_OAF,female,1.820348980093389,24414,1.696,train
data/raw/tess/OAF_happy/OAF_fit_happy.wav,tess,happy,normal,tess_OAF,female,1.858032276562628,24414,1.7940625,train
data/raw/tess/OAF_happy/OAF_five_happy.wav,tess,happy,normal,tess_OAF,female,2.0926107970836405,24414,1.952,train
data/raw/tess/OAF_happy/OAF_food_happy.wav,tess,happy,normal,tess_OAF,female,2.085237978209224,24414,2.016,train
data/raw/tess/OAF_happy/OAF_gap_happy.wav,tess,happy,normal,tess_OAF,female,1.7696813303842058,24414,1.696,train
data/raw/tess/OAF_happy/OAF_gas_happy.wav,tess,happy,normal,tess_OAF,female,2.1937412959777176,24414,2.144,train
data/raw/tess/OAF_happy/OAF_gaze_happy.wav,tess,happy,normal,tess_OAF,female,2.086753502088966,24414,2.048,val
data/raw/tess/OAF_happy/OAF_germ_happy.wav,tess,happy,normal,tess_OAF,female,2.192676333251413,24414,2.08,train
data/raw/tess/OAF_happy/OAF_get_happy.wav,tess,happy,normal,tess_OAF,female,1.8849021053493895,24414,1.8529375,train
data/raw/tess/OAF_happy/OAF_gin_happy.wav,tess,happy,normal,tess_OAF,female,1.9232817236012123,24414,1.8913125,test
data/raw/tess/OAF_happy/OAF_goal_happy.wav,tess,happy,normal,tess_OAF,female,1.9736216924715329,24414,1.941625,train
data/raw/tess/OAF_happy/OAF_good_happy.wav,tess,happy,normal,tess_OAF,female,1.909068567215532,24414,1.845125,train
data/raw/tess/OAF_happy/OAF_goose_happy.wav,tess,happy,normal,tess_OAF,female,1.8253051527811912,24414,1.824,train
data/raw/tess/OAF_happy/OAF_gun_happy.wav,tess,happy,normal,tess_OAF,female,1.965429671499959,24414,1.888,train
data/raw/tess/OAF_happy/OAF_half_happy.wav,tess,happy,normal,tess_OAF,female,2.1556074383550423,24414,1.856,train
data/raw/tess/OAF_happy/OAF_hall_happy.wav,tess,happy,normal,tess_OAF,female,2.0359629720652084,24414,1.92,train
data/raw/tess/OAF_happy/OAF_hash_happy.wav,tess,happy,normal,tess_OAF,female,2.0176947652985993,24414,1.952,train
data/raw/tess/OAF_happy/OAF_hate_happy.wav,tess,happy,normal,tess_OAF,female,1.7766035881051856,24414,1.6,train
data/raw/tess/OAF_happy/OAF_have_happy.wav,tess,happy,normal,tess_OAF,female,2.0801589252068484,24414,1.984,val
data/raw/tess/OAF_happy/OAF_haze_happy.wav,tess,happy,normal,tess_OAF,female,2.0291226345539446,24414,1.92,train
data/raw/tess/OAF_happy/OAF_hire_happy.wav,tess,happy,normal,tess_OAF,female,1.9619071024821824,24414,1.888,train
data/raw/tess/OAF_happy/OAF_hit_happy.wav,tess,happy,normal,tess_OAF,female,1.995985909723929,24414,1.92,train
data/raw/tess/OAF_happy/OAF_hole_happy.wav,tess,happy,normal,tess_OAF,female,2.0294503153928076,24414,1.9655,train
data/raw/tess/OAF_happy/OAF_home_happy.wav,tess,happy,normal,tess_OAF,female,1.8218645039731305,24414,1.757875,train
data/raw/tess/OAF_happy/OAF_hurl_happy.wav,tess,happy,normal,tess_OAF,female,1.8890390759400344,24414,1.824,train
data/raw/tess/OAF_happy/OAF_hush_happy.wav,tess,happy,normal,tess_OAF,female,1.888834275415745,24414,1.824,train
data/raw/tess/OAF_happy/OAF_jail_happy.wav,tess,happy,normal,tess_OAF,female,1.7905300237568609,24414,1.7585625,train
data/raw/tess/OAF_happy/OAF_jar_happy.wav,tess,happy,normal,tess_OAF,female,1.925002048005243,24414,1.888,train
data/raw/tess/OAF_happy/OAF_join_happy.wav,tess,happy,normal,tess_OAF,female,2.0371917752109447,24414,1.97325,train
data/raw/tess/OAF_happy/OAF_judge_happy.wav,tess,happy,normal,tess_OAF,female,2.1079708364053413,24414,2.076,train
data/raw/tess/OAF_happy/OAF_jug_happy.wav,tess,happy,normal,tess_OAF,female,2.095191283689686,24414,2.016,val
data/raw/tess/OAF_happy/OAF_juice_happy.wav,tess,happy,normal,tess_OAF,female,2.09203735561563,24414,1.952,train
data/raw/tess/OAF_happy/OAF_keen_happy.wav,tess,happy,normal,tess_OAF,female,1.8599983615958056,24414,1.828,val
data/raw/tess/OAF_happy/OAF_keep_happy.wav,tess,happy,normal,tess_OAF,female,1.9064471205046285,24414,1.76,train
data/raw/tess/OAF_happy/OAF_keg_happy.wav,tess,happy,normal,tess_OAF,female,1.8360776603588105,24414,1.804125,val
data/raw/tess/OAF_happy/OAF_kick_happy.wav,tess,happy,normal,tess_OAF,female,2.195133939542885,24414,2.016,train
data/raw/tess/OAF_happy/OAF_kill_happy.wav,tess,happy,normal,tess_OAF,female,2.241582698451708,24414,2.176,train
data/raw/tess/OAF_happy/OAF_king_happy.wav,tess,happy,normal,tess_OAF,female,1.9052183173588924,24414,1.84125,train
data/raw/tess/OAF_happy/OAF_kite_happy.wav,tess,happy,normal,tess_OAF,female,1.864299172605882,24414,1.856,test
data/raw/tess/OAF_happy/OAF_knock_happy.wav,tess,happy,normal,tess_OAF,female,1.9778405832718933,24414,1.792,train
data/raw/tess/OAF_happy/OAF_late_happy.wav,tess,happy,normal,tess_OAF,female,1.9677643974768575,24414,1.952,train
data/raw/tess/OAF_happy/OAF_laud_happy.wav,tess,happy,normal,tess_OAF,female,1.8738019169329072,24414,1.8418125,train
data/raw/tess/OAF_happy/OAF_lean_happy.wav,tess,happy,normal,tess_OAF,female,2.088187105758991,24414,2.0561875,test
data/raw/tess/OAF_happy/OAF_learn_happy.wav,tess,happy,normal,tess_OAF,female,1.9247972474809536,24414,1.8928125,val
data/raw/tess/OAF_happy/OAF_lease_happy.wav,tess,happy,normal,tess_OAF,female,2.2475628737609568,24414,2.08,val
data/raw/tess/OAF_happy/OAF_lid_happy.wav,tess,happy,normal,tess_OAF,female,2.0131072335545177,24414,1.981125,train
data/raw/tess/OAF_happy/OAF_life_happy.wav,tess,happy,normal,tess_OAF,female,1.9785778651593349,24414,1.888,val
data/raw/tess/OAF_happy/OAF_limb_happy.wav,tess,happy,normal,tess_OAF,female,1.863971491767019,24414,1.864,train
data/raw/tess/OAF_happy/OAF_live_happy.wav,tess,happy,normal,tess_OAF,female,2.031416400425985,24414,1.92,test
data/raw/tess/OAF_happy/OAF_loaf_happy.wav,tess,happy,normal,tess_OAF,female,2.005857294994675,24414,1.76,test
data/raw/tess/OAF_happy/OAF_long_happy.wav,tess,happy,normal,tess_OAF,female,1.982632915540264,24414,1.9506875,train
data/raw/tess/OAF_happy/OAF_lore_happy.wav,tess,happy,normal,tess_OAF,female,2.086835422298681,24414,1.952,train
data/raw/tess/OAF_happy/OAF_lose_happy.wav,tess,happy,normal,tess_OAF,female,2.1078889161956256,24414,1.92,train
data/raw/tess/OAF_happy/OAF_lot_happy.wav,tess,happy,normal,tess_OAF,female,1.925575489473253,24414,1.76,train
data/raw/tess/OAF_happy/OAF_love_happy.wav,tess,happy,normal,tess_OAF,female,2.0658638486114524,24414,1.952,test
data/raw/tess/OAF_happy/OAF_luck_happy.wav,tess,happy,normal,tess_OAF,female,1.9684607192594412,24414,1.856,train
data/raw/tess/OAF_happy/OAF_make_happy.wav,tess,happy,normal,tess_OAF,female,1.939174244286065,24414,1.696,train
data/raw/tess/OAF_happy/OAF_match_happy.wav,tess,happy,normal,tess_OAF,female,2.065290407143442,24414,2.016,val
data/raw/tess/OAF_happy/OAF_merge_happy.wav,tess,happy,normal,tess_OAF,female,1.984107479315147,24414,1.92,val
data/raw/tess/OAF_happy/OAF_mess_happy.wav,tess,happy,normal,tess_OAF,female,2.083681494224625,24414,1.952,test
data/raw/tess/OAF_happy/OAF_met_happy.wav,tess,happy,normal,tess_OAF,female,1.882362578848202,24414,1.76,test
data/raw/tess/OAF_happy/OAF_mill_happy.wav,tess,happy,normal,tess_OAF,female,1.904726796100598,24414,1.80875,val
data/raw/tess/OAF_happy/OAF_mob_happy.wav,tess,happy,normal,tess_OAF,female,1.7904071434422872,24414,1.7584375,train
data/raw/tess/OAF_happy/OAF_mode_happy.wav,tess,happy,normal,tess_OAF,female,1.9025968706479888,24414,1.870625,train
data/raw/tess/OAF_happy/OAF_mood_happy.wav,tess,happy,normal,tess_OAF,female,1.9397476857540756,24414,1.824,train
data/raw/tess/OAF_happy/OAF_moon_happy.wav,tess,happy,normal,tess_OAF,female,1.8572949946751864,24414,1.7933125,train
data/raw/tess/OAF_happy/OAF_mop_happy.wav,tess,happy,normal,tess_OAF,female,2.1813303842057836,24414,2.021375,train
data/raw/tess/OAF_happy/OAF_mouse_happy.wav,tess,happy,normal,tess_OAF,female,2.1736708445973623,24414,1.952,test
data/raw/tess/OAF_happy/OAF_nag_happy.wav,tess,happy,normal,tess_OAF,female,2.027443270254772,24414,1.824,train
data/raw/tess/OAF_happy/OAF_name_happy.wav,tess,happy,normal,tess_OAF,female,2.1439747685754074,24414,2.048,val
data/raw/tess/OAF_happy/OAF_near_happy.wav,tess,happy,normal,tess_OAF,female,2.0153190792168427,24414,1.983375,test
data/raw/tess/OAF_happy/OAF_neat_happy.wav,tess,happy,normal,tess_OAF,female,1.9525681985745884,24414,1.856,test
data/raw/tess/OAF_happy/OAF_nice_happy.wav,tess,happy,normal,tess_OAF,female,2.1521258294421233,24414,2.016,test
data/raw/tess/OAF_happy/OAF_note_happy.wav,tess,happy,normal,tess_OAF,female,2.042967149995904,24414,1.984,val
data/raw/tess/OAF_happy/OAF_numb_happy.wav,tess,happy,normal,tess_OAF,female,2.023674940607848,24414,1.9596875,train
data/raw/tess/OAF_happy/OAF_pad_happy.wav,tess,happy,normal,tess_OAF,female,1.932415826984517,24414,1.76,val
data/raw/tess/OAF_happy/OAF_page_happy.wav,tess,happy,normal,tess_OAF,female,2.112394527729991,24414,1.728,train
data/raw/tess/OAF_happy/OAF_pain_happy.wav,tess,happy,normal,tess_OAF,female,2.0994920946997624,24414,1.824,train
data/raw/tess/OAF_happy/OAF_pass_happy.wav,tess,happy,normal,tess_OAF,female,2.3083886294748917,24414,2.176,test
data/raw/tess/OAF_happy/OAF_pearl_happy.wav,tess,happy,normal,tess_OAF,female,2.03727369542066,24414,1.824,train
data/raw/tess/OAF_happy/OAF_peg_happy.wav,tess,happy,normal,tess_OAF,female,2.1637584992217582,24414,1.984,train
data/raw/tess/OAF_happy/OAF_perch_happy.wav,tess,happy,normal,tess_OAF,female,1.9736626525763905,24414,1.696,train
data/raw/tess/OAF_happy/OAF_phone_happy.wav,tess,happy,normal,tess_OAF,female,2.0571803063815843,24414,1.984,train
data/raw/tess/OAF_happy/OAF_pick_happy.wav,tess,happy,normal,tess_OAF,female,2.085934299991808,24414,1.824,val
data/raw/tess/OAF_happy/OAF_pike_happy.wav,tess,happy,normal,tess_OAF,female,2.0525927746375032,24414,1.888,train
data/raw/tess/OAF_happy/OAF_pole_happy.wav,tess,happy,normal,tess_OAF,female,1.9841893995248627,24414,1.888,train
data/raw/tess/OAF_happy/OAF_pool_happy.wav,tess,happy,normal,tess_OAF,female,1.996559351191939,24414,1.888,train
data/raw/tess/OAF_happy/OAF_puff_happy.wav,tess,happy,normal,tess_OAF,female,1.9668223150651265,24414,1.934875,train
data/raw/tess/OAF_happy/OAF_rag_happy.wav,tess,happy,normal,tess_OAF,female,2.0692635373146557,24414,1.984,train
data/raw/tess/OAF_happy/OAF_raid_happy.wav,tess,happy,normal,tess_OAF,female,2.0029491275497664,24414,1.92,train
data/raw/tess/OAF_happy/OAF_rain_happy.wav,tess,happy,normal,tess_OAF,female,2.097771770295732,24414,2.0338125,train
data/raw/tess/OAF_happy/OAF_raise_happy.wav,tess,happy,normal,tess_OAF,female,2.1535184730072907,24414,2.048,val
data/raw/tess/OAF_happy/OAF_rat_happy.wav,tess,happy,normal,tess_OAF,female,2.1632260178586056,24414,2.016,train
data/raw/tess/OAF_happy/OAF_reach_happy.wav,tess,happy,normal,tess_OAF,female,2.020275251904645,24414,1.888,val
data/raw/tess/OAF_happy/OAF_read_happy.wav,tess,happy,normal,tess_OAF,female,1.9353649545342837,24414,1.888,train
data/raw/tess/OAF_happy/OAF_red_happy.wav,tess,happy,normal,tess_OAF,female,1.92025067584173,24414,1.856,test
data/raw/tess/OAF_happy/OAF_ring_happy.wav,tess,happy,normal,tess_OAF,female,2.118538543458671,24414,1.984,train
data/raw/tess/OAF_happy/OAF_ripe_happy.wav,tess,happy,normal,tess_OAF,female,1.9690751208323096,24414,1.824,test
data/raw/tess/OAF_happy/OAF_road_happy.wav,tess,happy,normal,tess_OAF,female,2.0786434013271076,24414,2.0466875,test
data/raw/tess/OAF_happy/OAF_room_happy.wav,tess,happy,normal,tess_OAF,female,1.9722290489063652,24414,1.94025,train
data/raw/tess/OAF_happy/OAF_rose_happy.wav,tess,happy,normal,tess_OAF,female,2.2068075694273777,24414,2.08,train
data/raw/tess/OAF_happy/OAF_rot_happy.wav,tess,happy,normal,tess_OAF,female,2.103424264766118,24414,1.888,test
data/raw/tess/OAF_happy/OAF_rough_happy.wav,tess,happy,normal,tess_OAF,female,2.101089538789219,24414,2.069125,train
data/raw/tess/OAF_happy/OAF_rush_happy.wav,tess,happy,normal,tess_OAF,female,2.08839190628328,24414,2.048,test
data/raw/tess/OAF_happy/OAF_said_happy.wav,tess,happy,normal,tess_OAF,female,1.9779225034816088,24414,1.888,train
data/raw/tess/OAF_happy/OAF_sail_happy.wav,tess,happy,normal,tess_OAF,female,1.9777586630621775,24414,1.9458125,train
data/raw/tess/OAF_happy/OAF_search_happy.wav,tess,happy,normal,tess_OAF,female,2.068731055951503,24414,1.984,train
data/raw/tess/OAF_happy/OAF_seize_happy.wav,tess,happy,normal,tess_OAF,female,2.2025477185221596,24414,2.112,train
data/raw/tess/OAF_happy/OAF_sell_happy.wav,tess,happy,normal,tess_OAF,female,1.9886130908495123,24414,1.952,test
data/raw/tess/OAF_happy/OAF_shack_happy.wav,tess,happy,normal,tess_OAF,female,1.982550995330548,24414,1.824,train
data/raw/tess/OAF_happy/OAF_shall_happy.wav,tess,happy,normal,tess_OAF,female,2.069140657000082,24414,1.984,test
data/raw/tess/OAF_happy/OAF_shawl_happy.wav,tess,happy,normal,tess_OAF,female,1.973826492995822,24414,1.909875,test
data/raw/tess/OAF_happy/OAF_sheep_happy.wav,tess,happy,normal,tess_OAF,female,2.0250266240681576,24414,1.9610625,val
data/raw/tess/OAF_happy/OAF_shirt_happy.wav,tess,happy,normal,tess_OAF,female,1.808880150733186,24414,1.7769375,train
data/raw/tess/OAF_happy/OAF_should_happy.wav,tess,happy,normal,tess_OAF,female,2.0079872204472844,24414,1.92,train
data/raw/tess/OAF_happy/OAF_shout_happy.wav,tess,happy,normal,tess_OAF,female,2.098754812812321,24414,1.856,train
data/raw/tess/OAF_happy/OAF_size_happy.wav,tess,happy,normal,tess_OAF,female,2.161259932825428,24414,2.048,train
data/raw/tess/OAF_happy/OAF_soap_happy.wav,tess,happy,normal,tess_OAF,female,1.8975997378553289,24414,1.865625,test
data/raw/tess/OAF_happy/OAF_soup_happy.wav,tess,happy,normal,tess_OAF,female,2.1204227082821334,24414,2.0564375,val
data/raw/tess/OAF_happy/OAF_sour_happy.wav,tess,happy,normal,tess_OAF,female,2.0573031866961577,24414,2.016,val
data/raw/tess/OAF_happy/OAF_south_happy.wav,tess,happy,normal,tess_OAF,female,2.056033423445564,24414,1.92,train
data/raw/tess/OAF_happy/OAF_sub_happy.wav,tess,happy,normal,tess_OAF,female,1.9370443188334563,24414,1.8730625,train
data/raw/tess/OAF_happy/OAF_such_happy.wav,tess,happy,normal,tess_OAF,female,2.0201114114852134,24414,2.016,test
data/raw/tess/OAF_happy/OAF_sure_happy.wav,tess,happy,normal,tess_OAF,female,1.939993446383223,24414,1.844,train
data/raw/tess/OAF_happy/OAF_take_happy.wav,tess,happy,normal,tess_OAF,female,2.013967395756533,24414,1.95,train
data/raw/tess/OAF_happy/OAF_talk_happy.wav,tess,happy,normal,tess_OAF,female,2.2249119357745557,24414,1.984,val
data/raw/tess/OAF_happy/OAF_tape_happy.wav,tess,happy,normal,tess_OAF,female,1.8263291554026375,24414,1.826375,train
data/raw/tess/OAF_happy/OAF_team_happy.wav,tess,happy,normal,tess_OAF,female,2.0800770049971327,24414,2.048125,train
data/raw/tess/OAF_happy/OAF_tell_happy.wav,tess,happy,normal,tess_OAF,female,2.028098631932498,24414,1.984,val
data/raw/tess/OAF_happy/OAF_thin_happy.wav,tess,happy,normal,tess_OAF,female,2.1188252641926764,24414,2.048,train
data/raw/tess/OAF_happy/OAF_third_happy.wav,tess,happy,normal,tess_OAF,female,2.2045957237650526,24414,1.984,train
data/raw/tess/OAF_happy/OAF_thought_happy.wav,tess,happy,normal,tess_OAF,female,1.9135741787498977,24414,1.817625,test
data/raw/tess/OAF_happy/OAF_thumb_happy.wav,tess,happy,normal,tess_OAF,female,1.992791021545015,24414,1.9608125,test
data/raw/tess/OAF_happy/OAF_time_happy.wav,tess,happy,normal,tess_OAF,female,2.031744081264848,24414,1.99975,train
data/raw/tess/OAF_happy/OAF_tip_happy.wav,tess,happy,normal,tess_OAF,female,1.6922667322028344,24414,1.568,train
data/raw/tess/OAF_happy/OAF_tire_happy.wav,tess,happy,normal,tess_OAF,female,2.0066355369869746,24414,1.9746875,train
data/raw/tess/OAF_happy/OAF_ton_happy.wav,tess,happy,normal,tess_OAF,female,1.9216842795117557,24414,1.856,train
data/raw/tess/OAF_happy/OAF_tool_happy.wav,tess,happy,normal,tess_OAF,female,1.825591873515196,24414,1.76,train
data/raw/tess/OAF_happy/OAF_tough_happy.wav,tess,happy,normal,tess_OAF,female,1.9647333497173751,24414,1.86875,train
data/raw/tess/OAF_happy/OAF_turn_happy.wav,tess,happy,normal,tess_OAF,female,2.009953305480462,24414,1.92,train
data/raw/tess/OAF_happy/OAF_vine_happy.wav,tess,happy,normal,tess_OAF,female,1.8603260424346688,24414,1.76,val
data/raw/tess/OAF_happy/OAF_voice_happy.wav,tess,happy,normal,tess_OAF,female,2.122061112476448,24414,2.016,train
data/raw/tess/OAF_happy/OAF_void_happy.wav,tess,happy,normal,tess_OAF,female,2.128000327680839,24414,2.048,val
data/raw/tess/OAF_happy/OAF_vote_happy.wav,tess,happy,normal,tess_OAF,female,1.9826738756451217,24414,1.792,train
data/raw/tess/OAF_happy/OAF_wag_happy.wav,tess,happy,normal,tess_OAF,female,1.894773490620136,24414,1.8628125,train
data/raw/tess/OAF_happy/OAF_walk_happy.wav,tess,happy,normal,tess_OAF,female,2.0178176456131727,24414,1.792,train
data/raw/tess/OAF_happy/OAF_wash_happy.wav,tess,happy,normal,tess_OAF,female,2.1884984025559104,24414,2.08,test
data/raw/tess/OAF_happy/OAF_week_happy.wav,tess,happy,normal,tess_OAF,female,1.9871385270746291,24414,1.696,train
data/raw/tess/OAF_happy/OAF_wheat_happy.wav,tess,happy,normal,tess_OAF,female,2.010936347997051,24414,1.952,val
data/raw/tess/OAF_happy/OAF_when_happy.wav,tess,happy,normal,tess_OAF,female,1.934299991807979,24414,1.8703125,train
data/raw/tess/OAF_happy/OAF_which_happy.wav,tess,happy,normal,tess_OAF,female,2.1204227082821334,24414,2.0244375,train
data/raw/tess/OAF_happy/OAF_whip_happy.wav,tess,happy,normal,tess_OAF,female,1.950192512492832,24414,1.88625,test
data/raw/tess/OAF_happy/OAF_white_happy.wav,tess,happy,normal,tess_OAF,female,1.939583845334644,24414,1.792,train
data/raw/tess/OAF_happy/OAF_wife_happy.wav,tess,happy,normal,tess_OAF,female,2.149422462521504,24414,2.016,train
data/raw/tess/OAF_happy/OAF_wire_happy.wav,tess,happy,normal,tess_OAF,female,2.139673957565331,24414,2.1076875,train
data/raw/tess/OAF_happy/OAF_witch_happy.wav,tess,happy,normal,tess_OAF,female,1.9798885885147863,24414,1.92,train
data/raw/tess/OAF_happy/OAF_yearn_happy.wav,tess,happy,normal,tess_OAF,female,2.1619972147128697,24414,2.098,train
data/raw/tess/OAF_happy/OAF_yes_happy.wav,tess,happy,normal,tess_OAF,female,1.9777586630621775,24414,1.856,train
data/raw/tess/OAF_happy/OAF_young_happy.wav,tess,happy,normal,tess_OAF,female,1.9768575407553044,24414,1.880875,train
data/raw/tess/OAF_happy/OAF_youth_happy.wav,tess,happy,normal,tess_OAF,female,2.065044646514295,24414,1.728,train
data/raw/tess/OAF_neutral/OAF_back_neutral.wav,tess,neutral,normal,tess_OAF,female,2.043417711149341,24414,2.0114375,train
data/raw/tess/OAF_neutral/OAF_bar_neutral.wav,tess,neutral,normal,tess_OAF,female,2.0019660850331777,24414,2.002,train
data/raw/tess/OAF_neutral/OAF_base_neutral.wav,tess,neutral,normal,tess_OAF,female,2.149832063570083,24414,2.117875,train
data/raw/tess/OAF_neutral/OAF_bath_neutral.wav,tess,neutral,normal,tess_OAF,female,2.1647825018432045,24414,2.016,train
data/raw/tess/OAF_neutral/OAF_bean_neutral.wav,tess,neutral,normal,tess_OAF,female,2.076595396084214,24414,2.076625,val
data/raw/tess/OAF_neutral/OAF_beg_neutral.wav,tess,neutral,normal,tess_OAF,female,1.9723928893257967,24414,1.9404375,train
data/raw/tess/OAF_neutral/OAF_boat_neutral.wav,tess,neutral,normal,tess_OAF,female,1.937412959777177,24414,1.9054375,train
data/raw/tess/OAF_neutral/OAF_bone_neutral.wav,tess,neutral,normal,tess_OAF,female,2.024576062914721,24414,2.024625,val
data/raw/tess/OAF_neutral/OAF_book_neutral.wav,tess,neutral,normal,tess_OAF,female,1.7330629966412714,24414,1.733125,train
data/raw/tess/OAF_neutral/OAF_bought_neutral.wav,tess,neutral,normal,tess_OAF,female,1.9521585975260096,24414,1.856,train
data/raw/tess/OAF_neutral/OAF_burn_neutral.wav,tess,neutral,normal,tess_OAF,female,2.1302531334480217,24414,2.0983125,train
data/raw/tess/OAF_neutral/OAF_cab_neutral.wav,tess,neutral,normal,tess_OAF,female,1.9069386417629228,24414,1.875,val
data/raw/tess/OAF_neutral/OAF_calm_neutral.wav,tess,neutral,normal,tess_OAF,female,1.8497583353813385,24414,1.8178125,train
data/raw/tess/OAF_neutral/OAF_came_neutral.wav,tess,neutral,normal,tess_OAF,female,2.104571147702138,24414,2.072625,train
data/raw/tess/OAF_neutral/OAF_cause_neutral.wav,tess,neutral,normal,tess_OAF,female,2.0162611616285737,24414,1.984,val
data/raw/tess/OAF_neutral/OAF_chain_neutral.wav,tess,neutral,normal,tess_OAF,female,2.1169410993692144,24414,2.117,val
data/raw/tess/OAF_neutral/OAF_chair_neutral.wav,tess,neutral,normal,tess_OAF,female,2.325837634144343,24414,2.293875,val
data/raw/tess/OAF_neutral/OAF_chalk_neutral.wav,tess,neutral,normal,tess_OAF,female,2.0568935856475794,24414,1.952,test
data/raw/tess/OAF_neutral/OAF_chat_neutral.wav,tess,neutral,normal,tess_OAF,female,1.8945277299909888,24414,1.8305625,train
data/raw/tess/OAF_neutral/OAF_check_neutral.wav,tess,neutral,normal,tess_OAF,female,1.8372245432948309,24414,1.792,train
data/raw/tess/OAF_neutral/OAF_cheek_neutral.wav,tess,neutral,normal,tess_OAF,female,2.008069140657,24414,1.944125,train
data/raw/tess/OAF_neutral/OAF_chief_neutral.wav,tess,neutral,normal,tess_OAF,female,2.036413533218645,24414,1.9724375,val
data/raw/tess/OAF_neutral/OAF_choice_neutral.wav,tess,neutral,normal,tess_OAF,female,2.0679937740640617,24414,2.036,test
data/raw/tess/OAF_neutral/OAF_cool_neutral.wav,tess,neutral,normal,tess_OAF,female,1.9802981895633651,24414,1.9483125,train
data/raw/tess/OAF_neutral/OAF_dab_neutral.wav,tess,neutral,normal,tess_OAF,female,1.9885311706397968,24414,1.9245625,val
data/raw/tess/OAF_neutral/OAF_date_neutral.wav,tess,neutral,normal,tess_OAF,female,1.9424510526746948,24414,1.92,test
data/raw/tess/OAF_neutral/OAF_dead_neutral.wav,tess,neutral,normal,tess_OAF,female,1.979110346522487,24414,1.883125,train
data/raw/tess/OAF_neutral/OAF_death_neutral.wav,tess,neutral,normal,tess_OAF,female,2.0667649709183253,24414,1.952,val
data/raw/tess/OAF_neutral/OAF_deep_neutral.wav,tess,neutral,normal,tess_OAF,female,1.8766281641681,24414,1.7486875,train
data/raw/tess/OAF_neutral/OAF_dime_neutral.wav,tess,neutral,normal,tess_OAF,female,2.0525927746375032,24414,1.988625,test
data/raw/tess/OAF_neutral/OAF_dip_neutral.wav,tess,neutral,normal,tess_OAF,female,1.7280249037437536,24414,1.6640625,train
data/raw/tess/OAF_neutral/OAF_ditch_neutral.wav,tess,neutral,normal,tess_OAF,female,1.9842303596297208,24414,1.984,val
data/raw/tess/OAF_neutral/OAF_dodge_neutral.wav,tess,neutral,normal,tess_OAF,female,2.1122716474154175,24414,2.112,test
data/raw/tess/OAF_neutral/OAF_dog_neutral.wav,tess,neutral,normal,tess_OAF,female,2.0285901531907924,24414,1.964625,train
data/raw/tess/OAF_neutral/OAF_doll_neutral.wav,tess,neutral,normal,tess_OAF,female,2.2308921110838043,24414,2.2309375,train
data/raw/tess/OAF_neutral/OAF_door_neutral.wav,tess,neutral,normal,tess_OAF,female,1.863234209879577,24414,1.86325,val
data/raw/tess/OAF_neutral/OAF_fail_neutral.wav,tess,neutral,normal,tess_OAF,female,2.1632260178586056,24414,2.16325,train
data/raw/tess/OAF_neutral/OAF_fall_neutral.wav,tess,neutral,normal,tess_OAF,female,2.048291963627427,24414,2.0483125,train
data/raw/tess/OAF_neutral/OAF_far_neutral.wav,tess,neutral,normal,tess_OAF,female,1.9820594740722537,24414,1.9180625,val
data/raw/tess/OAF_neutral/OAF_fat_neutral.wav,tess,neutral,normal,tess_OAF,female,1.9599410174490048,24414,1.92,val
data/raw/tess/OAF_neutral/OAF_fit_neutral.wav,tess,neutral,normal,tess_OAF,female,1.8615958056852624,24414,1.797625,train
data/raw/tess/OAF_neutral/OAF_five_neutral.wav,tess,neutral,normal,tess_OAF,female,1.9372081592528876,24414,1.93725,train
data/raw/tess/OAF_neutral/OAF_food_neutral.wav,tess,neutral,normal,tess_OAF,female,1.9213975587777503,24414,1.8574375,train
data/raw/tess/OAF_neutral/OAF_gap_neutral.wav,tess,neutral,normal,tess_OAF,female,1.968501679364299,24414,1.9045625,test
data/raw/tess/OAF_neutral/OAF_gas_neutral.wav,tess,neutral,normal,tess_OAF,female,2.0820430900303104,24414,2.0820625,train
data/raw/tess/OAF_neutral/OAF_gaze_neutral.wav,tess,neutral,normal,tess_OAF,female,2.2142213484066517,24414,2.08625,train
data/raw/tess/OAF_neutral/OAF_germ_neutral.wav,tess,neutral,normal,tess_OAF,female,2.095150323584829,24414,2.0631875,train
data/raw/tess/OAF_neutral/OAF_get_neutral.wav,tess,neutral,normal,tess_OAF,female,1.8955107725075775,24414,1.792,val
data/raw/tess/OAF_neutral/OAF_gin_neutral.wav,tess,neutral,normal,tess_OAF,female,2.0870402228229703,24414,2.0230625,train
data/raw/tess/OAF_neutral/OAF_goal_neutral.wav,tess,neutral,normal,tess_OAF,female,1.9454411403293193,24414,1.9455,train
data/raw/tess/OAF_neutral/OAF_good_neutral.wav,tess,neutral,normal,tess_OAF,female,1.86298844925043,24414,1.799,train
data/raw/tess/OAF_neutral/OAF_goose_neutral.wav,tess,neutral,normal,tess_OAF,female,2.248341115753256,24414,2.08,train
data/raw/tess/OAF_neutral/OAF_gun_neutral.wav,tess,neutral,normal,tess_OAF,female,1.9701810436634717,24414,1.8741875,val
data/raw/tess/OAF_neutral/OAF_half_neutral.wav,tess,neutral,normal,tess_OAF,female,1.869173425083968,24414,1.8051875,test
data/raw/tess/OAF_neutral/OAF_hall_neutral.wav,tess,neutral,normal,tess_OAF,female,1.944253297288441,24414,1.9443125,val
data/raw/tess/OAF_neutral/OAF_hash_neutral.wav,tess,neutral,normal,tess_OAF,female,2.157819284017367,24414,2.08,train
data/raw/tess/OAF_neutral/OAF_hate_neutral.wav,tess,neutral,normal,tess_OAF,female,1.7866797739002211,24414,1.7226875,val
data/raw/tess/OAF_neutral/OAF_have_neutral.wav,tess,neutral,normal,tess_OAF,female,1.9180797902842632,24414,1.918125,test
data/raw/tess/OAF_neutral/OAF_haze_neutral.wav,tess,neutral,normal,tess_OAF,female,2.0057753747849594,24414,1.952,train
data/raw/tess/OAF_neutral/OAF_hire_neutral.wav,tess,neutral,normal,tess_OAF,female,1.9506430736462683,24414,1.8226875,train
data/raw/tess/OAF_neutral/OAF_hit_neutral.wav,tess,neutral,normal,tess_OAF,female,1.853362824608831,24414,1.789375,train
data/raw/tess/OAF_neutral/OAF_hole_neutral.wav,tess,neutral,normal,tess_OAF,female,1.884164823461948,24414,1.8841875,train
data/raw/tess/OAF_neutral/OAF_home_neutral.wav,tess,neutral,normal,tess_OAF,female,2.0197427705414928,24414,1.95575,train
data/raw/tess/OAF_neutral/OAF_hurl_neutral.wav,tess,neutral,normal,tess_OAF,female,1.9754239370852789,24414,1.9114375,test
data/raw/tess/OAF_neutral/OAF_hush_neutral.wav,tess,neutral,normal,tess_OAF,female,2.0931432784467927,24414,1.952,train
data/raw/tess/OAF_neutral/OAF_jail_neutral.wav,tess,neutral,normal,tess_OAF,female,2.169943475055296,24414,2.138,train
data/raw/tess/OAF_neutral/OAF_jar_neutral.wav,tess,neutral,normal,tess_OAF,female,2.056279184074711,24414,2.0243125,train
data/raw/tess/OAF_neutral/OAF_join_neutral.wav,tess,neutral,normal,tess_OAF,female,2.2398214139428196,24414,2.207875,val
data/raw/tess/OAF_neutral/OAF_judge_neutral.wav,tess,neutral,normal,tess_OAF,female,2.128819529777996,24414,2.000875,train
data/raw/tess/OAF_neutral/OAF_jug_neutral.wav,tess,neutral,normal,tess_OAF,female,2.1122306873105594,24414,2.08025,train
data/raw/tess/OAF_neutral/OAF_juice_neutral.wav,tess,neutral,normal,tess_OAF,female,2.145449332350291,24414,2.08,train
data/raw/tess/OAF_neutral/OAF_keen_neutral.wav,tess,neutral,normal,tess_OAF,female,2.1448758908822807,24414,2.1449375,train
data/raw/tess/OAF_neutral/OAF_keep_neutral.wav,tess,neutral,normal,tess_OAF,female,1.931473744572786,24414,1.8675,train
data/raw/tess/OAF_neutral/OAF_keg_neutral.wav,tess,neutral,normal,tess_OAF,female,1.8676169410993693,24414,1.803625,train
data/raw/tess/OAF_neutral/OAF_kick_neutral.wav,tess,neutral,normal,tess_OAF,female,1.9954534283607763,24414,1.984,val
data/raw/tess/OAF_neutral/OAF_kill_neutral.wav,tess,neutral,normal,tess_OAF,female,2.0717621037109857,24414,2.0398125,test
data/raw/tess/OAF_neutral/OAF_king_neutral.wav,tess,neutral,normal,tess_OAF,female,2.125378880969935,24414,2.0934375,train
data/raw/tess/OAF_neutral/OAF_kite_neutral.wav,tess,neutral,normal,tess_OAF,female,1.922790202342918,24414,1.8588125,val
data/raw/tess/OAF_neutral/OAF_knock_neutral.wav,tess,neutral,normal,tess_OAF,female,1.93966576554436,24414,1.92,train
data/raw/tess/OAF_neutral/OAF_late_neutral.wav,tess,neutral,normal,tess_OAF,female,2.023019578930122,24414,1.952,train
data/raw/tess/OAF_neutral/OAF_laud_neutral.wav,tess,neutral,normal,tess_OAF,female,2.019537970017203,24414,2.0195625,train
data/raw/tess/OAF_neutral/OAF_lean_neutral.wav,tess,neutral,normal,tess_OAF,female,1.8520111411485216,24414,1.8200625,train
data/raw/tess/OAF_neutral/OAF_learn_neutral.wav,tess,neutral,normal,tess_OAF,female,2.08724502334726,24414,2.02325,train
data/raw/tess/OAF_neutral/OAF_lease_neutral.wav,tess,neutral,normal,tess_OAF,female,2.1026050626689603,24414,2.070625,train
data/raw/tess/OAF_neutral/OAF_lid_neutral.wav,tess,neutral,normal,tess_OAF,female,1.9784959449496191,24414,1.9785,test
data/raw/tess/OAF_neutral/OAF_life_neutral.wav,tess,neutral,normal,tess_OAF,female,1.9808716310313752,24414,1.824,train
data/raw/tess/OAF_neutral/OAF_limb_neutral.wav,tess,neutral,normal,tess_OAF,female,1.966986155484558,24414,1.935,val
data/raw/tess/OAF_neutral/OAF_live_neutral.wav,tess,neutral,normal,tess_OAF,female,2.0131072335545177,24414,1.92,val
data/raw/tess/OAF_neutral/OAF_loaf_neutral.wav,tess,neutral,normal,tess_OAF,female,2.198287867616941,24414,2.1343125,train
data/raw/tess/OAF_neutral/OAF_long_neutral.wav,tess,neutral,normal,tess_OAF,female,1.970099123453756,24414,1.970125,test
data/raw/tess/OAF_neutral/OAF_lore_neutral.wav,tess,neutral,normal,tess_OAF,female,1.9026378307528464,24414,1.8386875,train
data/raw/tess/OAF_neutral/OAF_lose_neutral.wav,tess,neutral,normal,tess_OAF,female,2.199107069714098,24414,2.135125,train
data/raw/tess/OAF_neutral/OAF_lot_neutral.wav,tess,neutral,normal,tess_OAF,female,2.014827557958548,24414,1.950875,val
data/raw/tess/OAF_neutral/OAF_love_neutral.wav,tess,neutral,normal,tess_OAF,female,1.9325387072990907,24414,1.888,test
data/raw/tess/OAF_neutral/OAF_luck_neutral.wav,tess,neutral,normal,tess_OAF,female,2.004915212582944,24414,1.92,val
data/raw/tess/OAF_neutral/OAF_make_neutral.wav,tess,neutral,normal,tess_OAF,female,1.9329892684525272,24414,1.92,train
data/raw/tess/OAF_neutral/OAF_match_neutral.wav,tess,neutral,normal,tess_OAF,female,2.0811419677234375,24414,2.016,train
data/raw/tess/OAF_neutral/OAF_merge_neutral.wav,tess,neutral,normal,tess_OAF,female,2.058818710575899,24414,2.048,train
data/raw/tess/OAF_neutral/OAF_mess_neutral.wav,tess,neutral,normal,tess_OAF,female,2.129433931350864,24414,2.112,train
data/raw/tess/OAF_neutral/OAF_met_neutral.wav,tess,neutral,normal,tess_OAF,female,1.9990169574834111,24414,1.824,train
data/raw/tess/OAF_neutral/OAF_mill_neutral.wav,tess,neutral,normal,tess_OAF,female,1.874784959449496,24414,1.8108125,train
data/raw/tess/OAF_neutral/OAF_mob_neutral.wav,tess,neutral,normal,tess_OAF,female,1.835627099205374,24414,1.7716875,train
data/raw/tess/OAF_neutral/OAF_mode_neutral.wav,tess,neutral,normal,tess_OAF,female,2.004628491848939,24414,1.9406875,train
data/raw/tess/OAF_neutral/OAF_mood_neutral.wav,tess,neutral,normal,tess_OAF,female,1.9369214385188829,24414,1.8729375,train
data/raw/tess/OAF_neutral/OAF_moon_neutral.wav,tess,neutral,normal,tess_OAF,female,2.079626443843696,24414,2.0156875,train
data/raw/tess/OAF_neutral/OAF_mop_neutral.wav,tess,neutral,normal,tess_OAF,female,1.7995412468255918,24414,1.7035625,train
data/raw/tess/OAF_neutral/OAF_mouse_neutral.wav,tess,neutral,normal,tess_OAF,female,2.106578192840174,24414,2.106625,test
data/raw/tess/OAF_neutral/OAF_nag_neutral.wav,tess,neutral,normal,tess_OAF,female,2.142623085115098,24414,2.078625,train
data/raw/tess/OAF_neutral/OAF_name_neutral.wav,tess,neutral,normal,tess_OAF,female,2.0038092897517816,24414,2.0038125,train
data/raw/tess/OAF_neutral/OAF_near_neutral.wav,tess,neutral,normal,tess_OAF,female,1.901286147292537,24414,1.8693125,train
data/raw/tess/OAF_neutral/OAF_neat_neutral.wav,tess,neutral,normal,tess_OAF,female,1.953633161300893,24414,1.9536875,train
data/raw/tess/OAF_neutral/OAF_nice_neutral.wav,tess,neutral,normal,tess_OAF,female,2.0705742606701074,24414,2.016,train
data/raw/tess/OAF_neutral/OAF_note_neutral.wav,tess,neutral,normal,tess_OAF,female,2.0689768165806504,24414,2.069,test
data/raw/tess/OAF_neutral/OAF_numb_neutral.wav,tess,neutral,normal,tess_OAF,female,1.9381912017694765,24414,1.87425,train
data/raw/tess/OAF_neutral/OAF_pad_neutral.wav,tess,neutral,normal,tess_OAF,female,1.886991070697141,24414,1.855,test
data/raw/tess/OAF_neutral/OAF_page_neutral.wav,tess,neutral,normal,tess_OAF,female,2.1452854919308595,24414,2.144,train
data/raw/tess/OAF_neutral/OAF_pain_neutral.wav,tess,neutral,normal,tess_OAF,female,1.940894568690096,24414,1.9089375,val
data/raw/tess/OAF_neutral/OAF_pass_neutral.wav,tess,neutral,normal,tess_OAF,female,2.2162693536495452,24414,2.2163125,train
data/raw/tess/OAF_neutral/OAF_pearl_neutral.wav,tess,neutral,normal,tess_OAF,female,2.012288031457361,24414,1.9163125,train
data/raw/tess/OAF_neutral/OAF_peg_neutral.wav,tess,neutral,normal,tess_OAF,female,1.996887032030802,24414,1.9969375,train
data/raw/tess/OAF_neutral/OAF_perch_neutral.wav,tess,neutral,normal,tess_OAF,female,2.2389612517408044,24414,2.207,val
data/raw/tess/OAF_neutral/OAF_phone_neutral.wav,tess,neutral,normal,tess_OAF,female,2.1495863029409357,24414,2.021625,train
data/raw/tess/OAF_neutral/OAF_pick_neutral.wav,tess,neutral,normal,tess_OAF,female,1.8935446874744,24414,1.8935625,val
data/raw/tess/OAF_neutral/OAF_pike_neutral.wav,tess,neutral,normal,tess_OAF,female,1.8891209961497504,24414,1.728,train
data/raw/tess/OAF_neutral/OAF_pole_neutral.wav,tess,neutral,normal,tess_OAF,female,1.8811337757024655,24414,1.8491875,train
data/raw/tess/OAF_neutral/OAF_pool_neutral.wav,tess,neutral,normal,tess_OAF,female,2.239985254362251,24414,2.208,val
data/raw/tess/OAF_neutral/OAF_puff_neutral.wav,tess,neutral,normal,tess_OAF,female,2.0527566150569347,24414,1.952,test
data/raw/tess/OAF_neutral/OAF_rag_neutral.wav,tess,neutral,normal,tess_OAF,female,2.308593429999181,24414,2.276625,test
data/raw/tess/OAF_neutral/OAF_raid_neutral.wav,tess,neutral,normal,tess_OAF,female,2.1169001392643567,24414,2.0849375,train
data/raw/tess/OAF_neutral/OAF_rain_neutral.wav,tess,neutral,normal,tess_OAF,female,1.9798066683050708,24414,1.9798125,val
data/raw/tess/OAF_neutral/OAF_raise_neutral.wav,tess,neutral,normal,tess_OAF,female,2.326902596870648,24414,2.2949375,test
data/raw/tess/OAF_neutral/OAF_rat_neutral.wav,tess,neutral,normal,tess_OAF,female,2.0799541246825592,24414,2.08,train
data/raw/tess/OAF_neutral/OAF_reach_neutral.wav,tess,neutral,normal,tess_OAF,female,2.191488490210535,24414,2.048,val
data/raw/tess/OAF_neutral/OAF_read_neutral.wav,tess,neutral,normal,tess_OAF,female,2.008314901286147,24414,1.944375,train
data/raw/tess/OAF_neutral/OAF_red_neutral.wav,tess,neutral,normal,tess_OAF,female,1.9397476857540756,24414,1.90775,val
data/raw/tess/OAF_neutral/OAF_ring_neutral.wav,tess,neutral,normal,tess_OAF,female,2.1950929794380274,24414,2.195125,train
data/raw/tess/OAF_neutral/OAF_ripe_neutral.wav,tess,neutral,normal,tess_OAF,female,2.045097075448513,24414,2.045125,val
data/raw/tess/OAF_neutral/OAF_road_neutral.wav,tess,neutral,normal,tess_OAF,female,2.0894978291144426,24414,1.9935,val
data/raw/tess/OAF_neutral/OAF_room_neutral.wav,tess,neutral,normal,tess_OAF,female,1.976243139182436,24414,1.91225,val
data/raw/tess/OAF_neutral/OAF_rose_neutral.wav,tess,neutral,normal,tess_OAF,female,2.0761448349307776,24414,2.0761875,val
data/raw/tess/OAF_neutral/OAF_rot_neutral.wav,tess,neutral,normal,tess_OAF,female,2.109814041123945,24414,2.109875,train
data/raw/tess/OAF_neutral/OAF_rough_neutral.wav,tess,neutral,normal,tess_OAF,female,1.9995494388465636,24414,1.9675625,val
data/raw/tess/OAF_neutral/OAF_rush_neutral.wav,tess,neutral,normal,tess_OAF,female,2.16871467190956,24414,2.10475,train
data/raw/tess/OAF_neutral/OAF_said_neutral.wav,tess,neutral,normal,tess_OAF,female,2.0115507495699188,24414,2.0115625,train
data/raw/tess/OAF_neutral/OAF_sail_neutral.wav,tess,neutral,normal,tess_OAF,female,2.0631195215859752,24414,2.063125,train
data/raw/tess/OAF_neutral/OAF_search_neutral.wav,tess,neutral,normal,tess_OAF,female,2.2872532153682315,24414,2.272,train
data/raw/tess/OAF_neutral/OAF_seize_neutral.wav,tess,neutral,normal,tess_OAF,female,2.1355779470795446,24414,2.135625,val
data/raw/tess/OAF_neutral/OAF_sell_neutral.wav,tess,neutral,normal,tess_OAF,female,2.241828459080855,24414,2.209875,train
data/raw/tess/OAF_neutral/OAF_shack_neutral.wav,tess,neutral,normal,tess_OAF,female,1.989104612107807,24414,1.856,train
data/raw/tess/OAF_neutral/OAF_shall_neutral.wav,tess,neutral,normal,tess_OAF,female,1.9432292946669945,24414,1.94325,train
data/raw/tess/OAF_neutral/OAF_shawl_neutral.wav,tess,neutral,normal,tess_OAF,female,1.9787007454739085,24414,1.97875,train
data/raw/tess/OAF_neutral/OAF_sheep_neutral.wav,tess,neutral,normal,tess_OAF,female,1.8376341443434097,24414,1.7736875,train
data/raw/tess/OAF_neutral/OAF_shirt_neutral.wav,tess,neutral,normal,tess_OAF,female,2.0243712623904315,24414,1.960375,train
data/raw/tess/OAF_neutral/OAF_should_neutral.wav,tess,neutral,normal,tess_OAF,female,2.053534857049234,24414,2.0215625,train
data/raw/tess/OAF_neutral/OAF_shout_neutral.wav,tess,neutral,normal,tess_OAF,female,2.0705333005652493,24414,2.0385625,train
data/raw/tess/OAF_neutral/OAF_size_neutral.wav,tess,neutral,normal,tess_OAF,female,2.2386745310067995,24414,2.2386875,train
data/raw/tess/OAF_neutral/OAF_soap_neutral.wav,tess,neutral,normal,tess_OAF,female,2.118006062095519,24414,2.1180625,train
data/raw/tess/OAF_neutral/OAF_soup_neutral.wav,tess,neutral,normal,tess_OAF,female,2.000655361677726,24414,1.888,train
data/raw/tess/OAF_neutral/OAF_sour_neutral.wav,tess,neutral,normal,tess_OAF,female,2.1001064962726304,24414,2.100125,val
data/raw/tess/OAF_neutral/OAF_south_neutral.wav,tess,neutral,normal,tess_OAF,female,2.310969116080938,24414,2.279,test
data/raw/tess/OAF_neutral/OAF_sub_neutral.wav,tess,neutral,normal,tess_OAF,female,2.0514458917014826,24414,1.9875,train
data/raw/tess/OAF_neutral/OAF_such_neutral.wav,tess,neutral,normal,tess_OAF,female,2.0387482591955437,24414,1.97475,val
data/raw/tess/OAF_neutral/OAF_sure_neutral.wav,tess,neutral,normal,tess_OAF,female,1.928688457442451,24414,1.89675,train
data/raw/tess/OAF_neutral/OAF_take_neutral.wav,tess,neutral,normal,tess_OAF,female,2.166871467190956,24414,2.016,train
data/raw/tess/OAF_neutral/OAF_talk_neutral.wav,tess,neutral,normal,tess_OAF,female,1.9678872777914311,24414,1.9679375,test
data/raw/tess/OAF_neutral/OAF_tape_neutral.wav,tess,neutral,normal,tess_OAF,female,1.7497747194232818,24414,1.7178125,train
data/raw/tess/OAF_neutral/OAF_team_neutral.wav,tess,neutral,normal,tess_OAF,female,2.1535184730072907,24414,2.1535625,train
data/raw/tess/OAF_neutral/OAF_tell_neutral.wav,tess,neutral,normal,tess_OAF,female,1.916564266404522,24414,1.916625,train
data/raw/tess/OAF_neutral/OAF_thin_neutral.wav,tess,neutral,normal,tess_OAF,female,1.9311051036290656,24414,1.867125,train
data/raw/tess/OAF_neutral/OAF_third_neutral.wav,tess,neutral,normal,tess_OAF,female,1.919718194478578,24414,1.91975,test
data/raw/tess/OAF_neutral/OAF_thought_neutral.wav,tess,neutral,normal,tess_OAF,female,1.8243221102646023,24414,1.792,train
data/raw/tess/OAF_neutral/OAF_thumb_neutral.wav,tess,neutral,normal,tess_OAF,female,1.9353239944294256,24414,1.935375,test
data/raw/tess/OAF_neutral/OAF_time_neutral.wav,tess,neutral,normal,tess_OAF,female,2.0426804292618987,24414,2.0106875,test
data/raw/tess/OAF_neutral/OAF_tip_neutral.wav,tess,neutral,normal,tess_OAF,female,1.968911280412878,24414,1.888,train
data/raw/tess/OAF_neutral/OAF_tire_neutral.wav,tess,neutral,normal,tess_OAF,female,1.9938559842713195,24414,1.897875,test
data/raw/tess/OAF_neutral/OAF_ton_neutral.wav,tess,neutral,normal,tess_OAF,female,1.8907594003440649,24414,1.8588125,train
data/raw/tess/OAF_neutral/OAF_tool_neutral.wav,tess,neutral,normal,tess_OAF,female,1.9216433194068976,24414,1.8256875,test
data/raw/tess/OAF_neutral/OAF_tough_neutral.wav,tess,neutral,normal,tess_OAF,female,1.9096420086835424,24414,1.8776875,train
data/raw/tess/OAF_neutral/OAF_turn_neutral.wav,tess,neutral,normal,tess_OAF,female,2.0082329810764317,24414,2.00825,train
data/raw/tess/OAF_neutral/OAF_vine_neutral.wav,tess,neutral,normal,tess_OAF,female,1.975751617924142,24414,1.8798125,train
data/raw/tess/OAF_neutral/OAF_voice_neutral.wav,tess,neutral,normal,tess_OAF,female,2.114565413287458,24414,2.050625,train
data/raw/tess/OAF_neutral/OAF_void_neutral.wav,tess,neutral,normal,tess_OAF,female,2.1746129270090933,24414,2.142625,test
data/raw/tess/OAF_neutral/OAF_vote_neutral.wav,tess,neutral,normal,tess_OAF,female,1.7238060129433932,24414,1.7238125,train
data/raw/tess/OAF_neutral/OAF_wag_neutral.wav,tess,neutral,normal,tess_OAF,female,1.8690505447693944,24414,1.8690625,train
data/raw/tess/OAF_neutral/OAF_walk_neutral.wav,tess,neutral,normal,tess_OAF,female,1.884861145244532,24414,1.852875,val
data/raw/tess/OAF_neutral/OAF_wash_neutral.wav,tess,neutral,normal,tess_OAF,female,1.9840255591054312,24414,1.9840625,train
data/raw/tess/OAF_neutral/OAF_week_neutral.wav,tess,neutral,normal,tess_OAF,female,2.1812075038912098,24414,1.984,test
data/raw/tess/OAF_neutral/OAF_wheat_neutral.wav,tess,neutral,normal,tess_OAF,female,1.9169738674531007,24414,1.917,train
data/raw/tess/OAF_neutral/OAF_when_neutral.wav,tess,neutral,normal,tess_OAF,female,2.1570410420250674,24414,2.1570625,test
data/raw/tess/OAF_neutral/OAF_which_neutral.wav,tess,neutral,normal,tess_OAF,female,2.0151961989022693,24414,1.952,train
data/raw/tess/OAF_neutral/OAF_whip_neutral.wav,tess,neutral,normal,tess_OAF,female,1.8092487916769069,24414,1.77725,train
data/raw/tess/OAF_neutral/OAF_white_neutral.wav,tess,neutral,normal,tess_OAF,female,2.017981486032604,24414,1.888,val
data/raw/tess/OAF_neutral/OAF_wife_neutral.wav,tess,neutral,normal,tess_OAF,female,1.9833292373228475,24414,1.951375,train
data/raw/tess/OAF_neutral/OAF_wire_neutral.wav,tess,neutral,normal,tess_OAF,female,2.1405750798722045,24414,2.140625,train
data/raw/tess/OAF_neutral/OAF_witch_neutral.wav,tess,neutral,normal,tess_OAF,female,1.936798558204309,24414,1.8728125,train
data/raw/tess/OAF_neutral/OAF_yearn_neutral.wav,tess,neutral,normal,tess_OAF,female,1.938273121979192,24414,1.9063125,train
data/raw/tess/OAF_neutral/OAF_yes_neutral.wav,tess,neutral,normal,tess_OAF,female,2.123904317195052,24414,2.016,train
data/raw/tess/OAF_neutral/OAF_young_neutral.wav,tess,neutral,normal,tess_OAF,female,1.8971901368067503,24414,1.89725,train
data/raw/tess/OAF_neutral/OAF_youth_neutral.wav,tess,neutral,normal,tess_OAF,female,2.161546653559433,24414,2.1615625,val
data/raw/tess/OAF_neutral/OA_bite_neutral.wav,tess,neutral,normal,tess_OAF,female,2.113090849512574,24414,1.952,train
data/raw/tess/YAF_angry/YAF_back_angry.wav,tess,angry,normal,tess_YAF,female,2.0267059883673304,24414,1.856,test
data/raw/tess/YAF_angry/YAF_bar_angry.wav,tess,angry,normal,tess_YAF,female,2.111165724584255,24414,2.0471875,train
data/raw/tess/YAF_angry/YAF_base_angry.wav,tess,angry,normal,tess_YAF,female,2.0648398459900057,24414,1.696,train
data/raw/tess/YAF_angry/YAF_bath_angry.wav,tess,angry,normal,tess_YAF,female,2.2435897435897436,24414,1.952,train
data/raw/tess/YAF_angry/YAF_bean_angry.wav,tess,angry,normal,tess_YAF,female,1.707954452363398,24414,1.568,train
data/raw/tess/YAF_angry/YAF_beg_angry.wav,tess,angry,normal,tess_YAF,female,2.131400016384042,24414,1.92,val
data/raw/tess/YAF_angry/YAF_bite_angry.wav,tess,angry,normal,tess_YAF,female,1.9776767428524615,24414,1.696,train
data/raw/tess/YAF_angry/YAF_boat_angry.wav,tess,angry,normal,tess_YAF,female,1.6912017694765298,24414,1.472,train
data/raw/tess/YAF_angry/YAF_bone_angry.wav,tess,angry,normal,tess_YAF,female,2.161587613664291,24414,2.016,train
data/raw/tess/YAF_angry/YAF_book_angry.wav,tess,angry,normal,tess_YAF,female,2.018718767920046,24414,1.664,test
data/raw/tess/YAF_angry/YAF_bought_angry.wav,tess,angry,normal,tess_YAF,female,2.0268698287867615,24414,1.984,train
data/raw/tess/YAF_angry/YAF_burn_angry.wav,tess,angry,normal,tess_YAF,female,1.634062423199803,24414,1.536,train
data/raw/tess/YAF_angry/YAF_cab_angry.wav,tess,angry,normal,tess_YAF,female,2.164331940689768,24414,2.016,train
data/raw/tess/YAF_angry/YAF_calm_angry.wav,tess,angry,normal,tess_YAF,female,2.104571147702138,24414,1.792,train
data/raw/tess/YAF_angry/YAF_came_angry.wav,tess,angry,normal,tess_YAF,female,2.215532071762104,24414,1.984,val
data/raw/tess/YAF_angry/YAF_cause_angry.wav,tess,angry,normal,tess_YAF,female,2.3734332759891865,24414,1.856,train
data/raw/tess/YAF_angry/YAF_chain_angry.wav,tess,angry,normal,tess_YAF,female,2.172769722290489,24414,2.144,train
data/raw/tess/YAF_angry/YAF_chair_angry.wav,tess,angry,normal,tess_YAF,female,1.9883263701155072,24414,1.956375,train
data/raw/tess/YAF_angry/YAF_chalk_angry.wav,tess,angry,normal,tess_YAF,female,1.8327598918653232,24414,1.408,train
data/raw/tess/YAF_angry/YAF_chat_angry.wav,tess,angry,normal,tess_YAF,female,2.3722044728434506,24414,2.08,train
data/raw/tess/YAF_angry/YAF_check_angry.wav,tess,angry,normal,tess_YAF,female,2.2504710412058655,24414,1.92,train
data/raw/tess/YAF_angry/YAF_cheek_angry.wav,tess,angry,normal,tess_YAF,female,2.2183173588924388,24414,1.888,test
data/raw/tess/YAF_angry/YAF_chief_angry.wav,tess,angry,normal,tess_YAF,female,2.2564512165151145,24414,1.888,train
data/raw/tess/YAF_angry/YAF_choice_angry.wav,tess,angry,normal,tess_YAF,female,1.8671254198410747,24414,1.536,train
data/raw/tess/YAF_angry/YAF_cool_angry.wav,tess,angry,normal,tess_YAF,female,2.0923650364544932,24414,1.792,train
data/raw/tess/YAF_angry/YAF_dab_angry.wav,tess,angry,normal,tess_YAF,female,2.221798967805358,24414,1.792,val
data/raw/tess/YAF_angry/YAF_date_angry.wav,tess,angry,normal,tess_YAF,female,2.2016056361104286,24414,2.176,test
data/raw/tess/YAF_angry/YAF_dead_angry.wav,tess,angry,normal,tess_YAF,female,2.0095027443270257,24414,1.952,train
data/raw/tess/YAF_angry/YAF_death_angry.wav,tess,angry,normal,tess_YAF,female,1.894773490620136,24414,1.568,train
data/raw/tess/YAF_angry/YAF_deep_angry.wav,tess,angry,normal,tess_YAF,female,1.9632997460473496,24414,1.7713125,train
data/raw/tess/YAF_angry/YAF_dime_angry.wav,tess,angry,normal,tess_YAF,female,1.7489145572212663,24414,1.632,train
data/raw/tess/YAF_angry/YAF_dip_angry.wav,tess,angry,normal,tess_YAF,female,2.1200540673384123,24414,2.0880625,train
data/raw/tess/YAF_angry/YAF_ditch_angry.wav,tess,angry,normal,tess_YAF,female,2.3008110100761856,24414,2.3008125,train
data/raw/tess/YAF_angry/YAF_dodge_angry.wav,tess,angry,normal,tess_YAF,female,2.381010895387892,24414,2.08,train
data/raw/tess/YAF_angry/YAF_dog_angry.wav,tess,angry,normal,tess_YAF,female,2.1733431637584992,24414,2.048,train
data/raw/tess/YAF_angry/YAF_doll_angry.wav,tess,angry,normal,tess_YAF,female,2.047022200376833,24414,1.8230625,test
data/raw/tess/YAF_angry/YAF_door_angry.wav,tess,angry,normal,tess_YAF,female,1.816908331285328,24414,1.6249375,train
data/raw/tess/YAF_angry/YAF_fail_angry.wav,tess,angry,normal,tess_YAF,female,1.8734332759891863,24414,1.792,train
data/raw/tess/YAF_angry/YAF_fall_angry.wav,tess,angry,normal,tess_YAF,female,1.7796755959695256,24414,1.5876875,val
data/raw/tess/YAF_angry/YAF_far_angry.wav,tess,angry,normal,tess_YAF,female,2.1418448431227985,24414,1.728,train
data/raw/tess/YAF_angry/YAF_fat_angry.wav,tess,angry,normal,tess_YAF,female,1.8416072745146228,24414,1.6,train
data/raw/tess/YAF_angry/YAF_fit_angry.wav,tess,angry,normal,tess_YAF,female,2.1477021381174737,24414,2.112,train
data/raw/tess/YAF_angry/YAF_five_angry.wav,tess,angry,normal,tess_YAF,female,2.5033996887032033,24414,2.112,train
data/raw/tess/YAF_angry/YAF_food_angry.wav,tess,angry,normal,tess_YAF,female,2.133325141312362,24414,1.92,train
data/raw/tess/YAF_angry/YAF_gap_angry.wav,tess,angry,normal,tess_YAF,female,1.9062013598754812,24414,1.792,train
data/raw/tess/YAF_angry/YAF_gas_angry.wav,tess,angry,normal,tess_YAF,female,2.317604653067912,24414,2.144,train
data/raw/tess/YAF_angry/YAF_gaze_angry.wav,tess,angry,normal,tess_YAF,female,2.3170312115999017,24414,1.984,train
data/raw/tess/YAF_angry/YAF_germ_angry.wav,tess,angry,normal,tess_YAF,female,2.2055787662816417,24414,2.08,train
data/raw/tess/YAF_angry/YAF_get_angry.wav,tess,angry,normal,tess_YAF,female,2.3339067748013433,24414,2.24,train
data/raw/tess/YAF_angry/YAF_gin_angry.wav,tess,angry,normal,tess_YAF,female,2.190874088637667,24414,1.888,test
data/raw/tess/YAF_angry/YAF_goal_angry.wav,tess,angry,normal,tess_YAF,female,2.027361350045056,24414,1.728,train
data/raw/tess/YAF_angry/YAF_good_angry.wav,tess,angry,normal,tess_YAF,female,2.119234865241255,24414,1.984,train
data/raw/tess/YAF_angry/YAF_goose_angry.wav,tess,angry,normal,tess_YAF,female,1.9902105349389696,24414,1.408,train
data/raw/tess/YAF_angry/YAF_gun_angry.wav,tess,angry,normal,tess_YAF,female,2.084336855902351,24414,2.084375,train
data/raw/tess/YAF_angry/YAF_half_angry.wav,tess,angry,normal,tess_YAF,female,2.2221266486442204,24414,1.984,train
data/raw/tess/YAF_angry/YAF_hall_angry.wav,tess,angry,normal,tess_YAF,female,2.101744900466945,24414,2.08,train
data/raw/tess/YAF_angry/YAF_hash_angry.wav,tess,angry,normal,tess_YAF,female,2.053780617678381,24414,1.824,test
data/raw/tess/YAF_angry/YAF_hate_angry.wav,tess,angry,normal,tess_YAF,female,2.1010485786843613,24414,2.016,train
data/raw/tess/YAF_angry/YAF_have_angry.wav,tess,angry,normal,tess_YAF,female,2.445523060539035,24414,2.144,train
data/raw/tess/YAF_angry/YAF_haze_angry.wav,tess,angry,normal,tess_YAF,female,2.239125092160236,24414,2.208,train
data/raw/tess/YAF_angry/YAF_hire_angry.wav,tess,angry,normal,tess_YAF,female,2.0739329892684526,24414,1.8179375,train
data/raw/tess/YAF_angry/YAF_hit_angry.wav,tess,angry,normal,tess_YAF,female,2.1169410993692144,24414,1.824,test
data/raw/tess/YAF_angry/YAF_hole_angry.wav,tess,angry,normal,tess_YAF,female,2.0004505611534364,24414,1.952,test
data/raw/tess/YAF_angry/YAF_home_angry.wav,tess,angry,normal,tess_YAF,female,1.7657082002129925,24414,1.568,test
data/raw/tess/YAF_angry/YAF_hurl_angry.wav,tess,angry,normal,tess_YAF,female,1.888629474891456,24414,1.824,train
data/raw/tess/YAF_angry/YAF_hush_angry.wav,tess,angry,normal,tess_YAF,female,2.1359875481281234,24414,2.112,train
data/raw/tess/YAF_angry/YAF_jail_angry.wav,tess,angry,normal,tess_YAF,female,1.970754485131482,24414,1.792,val
data/raw/tess/YAF_angry/YAF_jar_angry.wav,tess,angry,normal,tess_YAF,female,2.006594576882117,24414,1.792,test
data/raw/tess/YAF_angry/YAF_join_angry.wav,tess,angry,normal,tess_YAF,female,2.145121651511428,24414,2.016,val
data/raw/tess/YAF_angry/YAF_judge_angry.wav,tess,angry,normal,tess_YAF,female,2.343737199967232,24414,2.336,val
data/raw/tess/YAF_angry/YAF_jug_angry.wav,tess,angry,normal,tess_YAF,female,2.078684361431965,24414,1.664,train
data/raw/tess/YAF_angry/YAF_juice_angry.wav,tess,angry,normal,tess_YAF,female,2.207503891209962,24414,1.792,train
data/raw/tess/YAF_angry/YAF_keen_angry.wav,tess,angry,normal,tess_YAF,female,1.94888178913738,24414,1.856,test
data/raw/tess/YAF_angry/YAF_keep_angry.wav,tess,angry,normal,tess_YAF,female,2.2215122470713524,24414,1.9655625,train
data/raw/tess/YAF_angry/YAF_keg_angry.wav,tess,angry,normal,tess_YAF,female,2.25845826165315,24414,2.208,val
data/raw/tess/YAF_angry/YAF_kick_angry.wav,tess,angry,normal,tess_YAF,female,2.1190300647169655,24414,2.016,train
data/raw/tess/YAF_angry/YAF_kill_angry.wav,tess,angry,normal,tess_YAF,female,2.0119603506184975,24414,1.98,train
data/raw/tess/YAF_angry/YAF_king_angry.wav,tess,angry,normal,tess_YAF,female,1.896944376177603,24414,1.856,train
data/raw/tess/YAF_angry/YAF_kite_angry.wav,tess,angry,normal,tess_YAF,female,1.9968051118210863,24414,1.792,train
data/raw/tess/YAF_angry/YAF_knock_angry.wav,tess,angry,normal,tess_YAF,female,2.0079462603424263,24414,1.536,test
data/raw/tess/YAF_angry/YAF_late_angry.wav,tess,angry,normal,tess_YAF,female,2.104612107806996,24414,2.048,test
data/raw/tess/YAF_angry/YAF_laud_angry.wav,tess,angry,normal,tess_YAF,female,1.7810682395346933,24414,1.632,train
data/raw/tess/YAF_angry/YAF_lean_angry.wav,tess,angry,normal,tess_YAF,female,2.256819857458835,24414,2.144,test
data/raw/tess/YAF_angry/YAF_learn_angry.wav,tess,angry,normal,tess_YAF,female,2.275497665274023,24414,2.112,test
data/raw/tess/YAF_angry/YAF_lease_angry.wav,tess,angry,normal,tess_YAF,female,2.2697222904890637,24414,2.144,test
data/raw/tess/YAF_angry/YAF_lid_angry.wav,tess,angry,normal,tess_YAF,female,2.123986237404768,24414,2.08,train
data/raw/tess/YAF_angry/YAF_life_angry.wav,tess,angry,normal,tess_YAF,female,2.040509543704432,24414,1.856,train
data/raw/tess/YAF_angry/YAF_limb_angry.wav,tess,angry,normal,tess_YAF,female,1.888260833947735,24414,1.664,train
data/raw/tess/YAF_angry/YAF_live_angry.wav,tess,angry,normal,tess_YAF,female,2.00692225772098,24414,1.696,train
data/raw/tess/YAF_angry/YAF_loaf_angry.wav,tess,angry,normal,tess_YAF,female,2.164045219955763,24414,1.792,train
data/raw/tess/YAF_angry/YAF_long_angry.wav,tess,angry,normal,tess_YAF,female,2.1585975260096664,24414,2.08,train
data/raw/tess/YAF_angry/YAF_lore_angry.wav,tess,angry,normal,tess_YAF,female,2.2145490292455148,24414,2.08,train
data/raw/tess/YAF_angry/YAF_lose_angry.wav,tess,angry,normal,tess_YAF,female,2.3562709920537395,24414,2.272,val
data/raw/tess/YAF_angry/YAF_lot_angry.wav,tess,angry,normal,tess_YAF,female,1.992217580077005,24414,1.696,train
data/raw/tess/YAF_angry/YAF_love_angry.wav,tess,angry,normal,tess_YAF,female,1.9859097239288932,24414,1.504,train
data/raw/tess/YAF_angry/YAF_luck_angry.wav,tess,angry,normal,tess_YAF,female,2.0381748177275334,24414,1.952,train
data/raw/tess/YAF_angry/YAF_make_angry.wav,tess,angry,normal,tess_YAF,female,2.172278201032195,24414,1.92,train
data/raw/tess/YAF_angry/YAF_match_angry.wav,tess,angry,normal,tess_YAF,female,2.1273859261079706,24414,1.856,test
data/raw/tess/YAF_angry/YAF_merge_angry.wav,tess,angry,normal,tess_YAF,female,2.33435733595478,24414,2.208,train
data/raw/tess/YAF_angry/YAF_mess_angry.wav,tess,angry,normal,tess_YAF,female,2.1053493896944375,24414,2.048,test
data/raw/tess/YAF_angry/YAF_met_angry.wav,tess,angry,normal,tess_YAF,female,1.8473826492995824,24414,1.76,test
data/raw/tess/YAF_angry/YAF_mill_angry.wav,tess,angry,normal,tess_YAF,female,2.089129188170722,24414,1.792,test
data/raw/tess/YAF_angry/YAF_mob_angry.wav,tess,angry,normal,tess_YAF,female,2.129474891455722,24414,2.048,train
data/raw/tess/YAF_angry/YAF_mode_angry.wav,tess,angry,normal,tess_YAF,female,1.9242238060129433,24414,1.76,train
data/raw/tess/YAF_angry/YAF_mood_angry.wav,tess,angry,normal,tess_YAF,female,2.009093143278447,24414,1.888,train
data/raw/tess/YAF_angry/YAF_moon_angry.wav,tess,angry,normal,tess_YAF,female,2.0144998771196856,24414,1.856,train
data/raw/tess/YAF_angry/YAF_mop_angry.wav,tess,angry,normal,tess_YAF,female,2.1016629802572293,24414,2.1016875,val
data/raw/tess/YAF_angry/YAF_mouse_angry.wav,tess,angry,normal,tess_YAF,female,2.282297042680429,24414,1.984,train
data/raw/tess/YAF_angry/YAF_nag_angry.wav,tess,angry,normal,tess_YAF,female,2.0894978291144426,24414,1.952,train
data/raw/tess/YAF_angry/YAF_name_angry.wav,tess,angry,normal,tess_YAF,female,2.207381010895388,24414,2.08,val
data/raw/tess/YAF_angry/YAF_near_angry.wav,tess,angry,normal,tess_YAF,female,2.0360039321700665,24414,1.888,train
data/raw/tess/YAF_angry/YAF_neat_angry.wav,tess,angry,normal,tess_YAF,female,2.0654542475628737,24414,2.048,val
data/raw/tess/YAF_angry/YAF_nice_angry.wav,tess,angry,normal,tess_YAF,female,2.112722208568854,24414,1.696,test
data/raw/tess/YAF_angry/YAF_note_angry.wav,tess,angry,normal,tess_YAF,female,2.251454083722454,24414,2.208,train
data/raw/tess/YAF_angry/YAF_numb_angry.wav,tess,angry,normal,tess_YAF,female,2.135414106660113,24414,2.016,train
data/raw/tess/YAF_angry/YAF_pad_angry.wav,tess,angry,normal,tess_YAF,female,2.1112066846891127,24414,2.016,train
data/raw/tess/YAF_angry/YAF_page_angry.wav,tess,angry,normal,tess_YAF,female,1.9562546080117964,24414,1.824,val
data/raw/tess/YAF_angry/YAF_pain_angry.wav,tess,angry,normal,tess_YAF,female,2.184402392070124,24414,2.08,train
data/raw/tess/YAF_angry/YAF_pass_angry.wav,tess,angry,normal,tess_YAF,female,2.2510854427787335,24414,1.856,val
data/raw/tess/YAF_angry/YAF_pearl_angry.wav,tess,angry,normal,tess_YAF,female,2.0613991971819448,24414,1.9974375,train
data/raw/tess/YAF_angry/YAF_peg_angry.wav,tess,angry,normal,tess_YAF,female,1.976284099287294,24414,1.92,train
data/raw/tess/YAF_angry/YAF_perch_angry.wav,tess,angry,normal,tess_YAF,female,2.217948717948718,24414,2.208,train
data/raw/tess/YAF_angry/YAF_phone_angry.wav,tess,angry,normal,tess_YAF,female,2.271729335627099,24414,2.016,val
data/raw/tess/YAF_angry/YAF_pick_angry.wav,tess,angry,normal,tess_YAF,female,2.047104120586549,24414,1.984,test
data/raw/tess/YAF_angry/YAF_pike_angry.wav,tess,angry,normal,tess_YAF,female,2.0649627263045796,24414,1.984,train
data/raw/tess/YAF_angry/YAF_pole_angry.wav,tess,angry,normal,tess_YAF,female,2.177398214139428,24414,2.1774375,train
data/raw/tess/YAF_angry/YAF_pool_angry.wav,tess,angry,normal,tess_YAF,female,2.0232243794544114,24414,1.76,train
data/raw/tess/YAF_angry/YAF_puff_angry.wav,tess,angry,normal,tess_YAF,female,1.921807159826329,24414,1.504,val
data/raw/tess/YAF_angry/YAF_rag_angry.wav,tess,angry,normal,tess_YAF,female,2.014008355861391,24414,1.792,train
data/raw/tess/YAF_angry/YAF_raid_angry.wav,tess,angry,normal,tess_YAF,female,2.100925698369788,24414,1.952,test
data/raw/tess/YAF_angry/YAF_rain_angry.wav,tess,angry,normal,tess_YAF,female,2.3128123207995412,24414,2.112,val
data/raw/tess/YAF_angry/YAF_raise_angry.wav,tess,angry,normal,tess_YAF,female,2.050749569918899,24414,1.76,val
data/raw/tess/YAF_angry/YAF_rat_angry.wav,tess,angry,normal,tess_YAF,female,2.350905218317359,24414,2.304,train
data/raw/tess/YAF_angry/YAF_reach_angry.wav,tess,angry,normal,tess_YAF,female,2.057958548373884,24414,1.984,train
data/raw/tess/YAF_angry/YAF_read_angry.wav,tess,angry,normal,tess_YAF,female,2.24846399606783,24414,1.952,train
data/raw/tess/YAF_angry/YAF_red_angry.wav,tess,angry,normal,tess_YAF,female,2.095559924633407,24414,1.824,train
data/raw/tess/YAF_angry/YAF_ring_angry.wav,tess,angry,normal,tess_YAF,female,2.201441795690997,24414,2.048,train
data/raw/tess/YAF_angry/YAF_ripe_angry.wav,tess,angry,normal,tess_YAF,female,1.9497009912345376,24414,1.91775,train
data/raw/tess/YAF_angry/YAF_road_angry.wav,tess,angry,normal,tess_YAF,female,2.2514131236175965,24414,2.144,test
data/raw/tess/YAF_angry/YAF_room_angry.wav,tess,angry,normal,tess_YAF,female,2.119562546080118,24414,1.92,train
data/raw/tess/YAF_angry/YAF_rose_angry.wav,tess,angry,normal,tess_YAF,female,2.2149176701892355,24414,2.112,train
data/raw/tess/YAF_angry/YAF_rot_angry.wav,tess,angry,normal,tess_YAF,female,2.0399361022364215,24414,1.952,train
data/raw/tess/YAF_angry/YAF_rough_angry.wav,tess,angry,normal,tess_YAF,female,2.14565413287458,24414,1.824,train
data/raw/tess/YAF_angry/YAF_rush_angry.wav,tess,angry,normal,tess_YAF,female,2.2613254689932005,24414,2.24,train
data/raw/tess/YAF_angry/YAF_said_angry.wav,tess,angry,normal,tess_YAF,female,2.050790530023757,24414,1.632,train
data/raw/tess/YAF_angry/YAF_sail_angry.wav,tess,angry,normal,tess_YAF,female,2.0883099860735643,24414,2.016,train
data/raw/tess/YAF_angry/YAF_search_angry.wav,tess,angry,normal,tess_YAF,female,2.212091422954043,24414,2.176,train
data/raw/tess/YAF_angry/YAF_seize_angry.wav,tess,angry,normal,tess_YAF,female,2.369828786761694,24414,2.048,train
data/raw/tess/YAF_angry/YAF_sell_angry.wav,tess,angry,normal,tess_YAF,female,2.070287539936102,24414,1.984,train
data/raw/tess/YAF_angry/YAF_shack_angry.wav,tess,angry,normal,tess_YAF,female,2.0349389694437616,24414,1.728,val
data/raw/tess/YAF_angry/YAF_shall_angry.wav,tess,angry,normal,tess_YAF,female,2.1524944703858444,24414,2.144,test
data/raw/tess/YAF_angry/YAF_shawl_angry.wav,tess,angry,normal,tess_YAF,female,2.1794052592774635,24414,1.92,train
data/raw/tess/YAF_angry/YAF_sheep_angry.wav,tess,angry,normal,tess_YAF,female,2.0926927172933563,24414,1.856,test
data/raw/tess/YAF_angry/YAF_shirt_angry.wav,tess,angry,normal,tess_YAF,female,2.1212419103792906,24414,2.08,train
data/raw/tess/YAF_angry/YAF_should_angry.wav,tess,angry,normal,tess_YAF,female,2.1296387318751537,24414,1.984,train
data/raw/tess/YAF_angry/YAF_shout_angry.wav,tess,angry,normal,tess_YAF,female,2.092160235930204,24414,1.888,train
data/raw/tess/YAF_angry/YAF_size_angry.wav,tess,angry,normal,tess_YAF,female,2.236339805029901,24414,1.984,train
data/raw/tess/YAF_angry/YAF_soap_angry.wav,tess,angry,normal,tess_YAF,female,2.225731137871713,24414,1.728,train
data/raw/tess/YAF_angry/YAF_soup_angry.wav,tess,angry,normal,tess_YAF,female,2.1010076185795037,24414,2.0690625,val
data/raw/tess/YAF_angry/YAF_sour_angry.wav,tess,angry,normal,tess_YAF,female,2.134144343409519,24414,2.048,test
data/raw/tess/YAF_angry/YAF_south_angry.wav,tess,angry,normal,tess_YAF,female,2.2215122470713524,24414,2.048,train
data/raw/tess/YAF_angry/YAF_sub_angry.wav,tess,angry,normal,tess_YAF,female,2.024944703858442,24414,1.92,train
data/raw/tess/YAF_angry/YAF_such_angry.wav,tess,angry,normal,tess_YAF,female,2.0652494470385845,24414,2.06525,train
data/raw/tess/YAF_angry/YAF_sure_angry.wav,tess,angry,normal,tess_YAF,female,2.032276562628,24414,1.7763125,test
data/raw/tess/YAF_angry/YAF_take_angry.wav,tess,angry,normal,tess_YAF,female,2.1461046940280166,24414,1.696,train
data/raw/tess/YAF_angry/YAF_talk_angry.wav,tess,angry,normal,tess_YAF,female,2.2713197345785203,24414,2.016,train
data/raw/tess/YAF_angry/YAF_tape_angry.wav,tess,angry,normal,tess_YAF,female,2.327107397394937,24414,2.272,train
data/raw/tess/YAF_angry/YAF_team_angry.wav,tess,angry,normal,tess_YAF,female,2.172483001556484,24414,2.112,train
data/raw/tess/YAF_angry/YAF_tell_angry.wav,tess,angry,normal,tess_YAF,female,2.131031375440321,24414,2.0670625,val
data/raw/tess/YAF_angry/YAF_thin_angry.wav,tess,angry,normal,tess_YAF,female,2.203203080199885,24414,2.144,train
data/raw/tess/YAF_angry/YAF_third_angry.wav,tess,angry,normal,tess_YAF,female,2.2084459736216924,24414,1.856,test
data/raw/tess/YAF_angry/YAF_thought_angry.wav,tess,angry,normal,tess_YAF,female,2.139182436307037,24414,2.08,train
data/raw/tess/YAF_angry/YAF_thumb_angry.wav,tess,angry,normal,tess_YAF,female,2.102727942983534,24414,1.952,test
data/raw/tess/YAF_angry/YAF_time_angry.wav,tess,angry,normal,tess_YAF,female,2.17621037109855,24414,1.984,train
data/raw/tess/YAF_angry/YAF_tip_angry.wav,tess,angry,normal,tess_YAF,female,2.0710657819284015,24414,1.664,train
data/raw/tess/YAF_angry/YAF_tire_angry.wav,tess,angry,normal,tess_YAF,female,1.9855001228803144,24414,1.9855625,train
data/raw/tess/YAF_angry/YAF_ton_angry.wav,tess,angry,normal,tess_YAF,female,2.175186368477103,24414,1.984,test
data/raw/tess/YAF_angry/YAF_tool_angry.wav,tess,angry,normal,tess_YAF,female,1.9773081019087408,24414,1.9453125,val
data/raw/tess/YAF_angry/YAF_tough_angry.wav,tess,angry,normal,tess_YAF,female,2.256860817563693,24414,1.952,train
data/raw/tess/YAF_angry/YAF_turn_angry.wav,tess,angry,normal,tess_YAF,female,2.223806012943393,24414,1.952,train
data/raw/tess/YAF_angry/YAF_vine_angry.wav,tess,angry,normal,tess_YAF,female,2.1760465306791184,24414,2.112,train
data/raw/tess/YAF_angry/YAF_voice_angry.wav,tess,angry,normal,tess_YAF,female,2.4436388957155732,24414,1.984,train
data/raw/tess/YAF_angry/YAF_void_angry.wav,tess,angry,normal,tess_YAF,female,2.177766855083149,24414,2.048,train
data/raw/tess/YAF_angry/YAF_vote_angry.wav,tess,angry,normal,tess_YAF,female,2.113582370770869,24414,2.048,train
data/raw/tess/YAF_angry/YAF_wag_angry.wav,tess,angry,normal,tess_YAF,female,2.3416482346194805,24414,2.08,train
data/raw/tess/YAF_angry/YAF_walk_angry.wav,tess,angry,normal,tess_YAF,female,2.3323502908167444,24414,2.048,train
data/raw/tess/YAF_angry/YAF_wash_angry.wav,tess,angry,normal,tess_YAF,female,2.166011304988941,24414,2.144,train
data/raw/tess/YAF_angry/YAF_week_angry.wav,tess,angry,normal,tess_YAF,female,1.9622757434259033,24414,1.856,train
data/raw/tess/YAF_angry/YAF_wheat_angry.wav,tess,angry,normal,tess_YAF,female,2.0331776849348735,24414,2.016,test
data/raw/tess/YAF_angry/YAF_when_angry.wav,tess,angry,normal,tess_YAF,female,2.022773818300975,24414,2.016,train
data/raw/tess/YAF_angry/YAF_which_angry.wav,tess,angry,normal,tess_YAF,female,2.147865978536905,24414,2.112,val
data/raw/tess/YAF_angry/YAF_whip_angry.wav,tess,angry,normal,tess_YAF,female,2.0054886540509544,24414,1.9735,train
data/raw/tess/YAF_angry/YAF_white_angry.wav,tess,angry,normal,tess_YAF,female,2.2377324485950685,24414,2.176,train
data/raw/tess/YAF_angry/YAF_wife_angry.wav,tess,angry,normal,tess_YAF,female,2.192143851888261,24414,1.824,train
data/raw/tess/YAF_angry/YAF_wire_angry.wav,tess,angry,normal,tess_YAF,female,2.0666011304988943,24414,2.066625,train
data/raw/tess/YAF_angry/YAF_witch_angry.wav,tess,angry,normal,tess_YAF,female,2.200827394118129,24414,2.176,test
data/raw/tess/YAF_angry/YAF_yearn_angry.wav,tess,angry,normal,tess_YAF,female,2.073236667485869,24414,1.984,train
data/raw/tess/YAF_angry/YAF_yes_angry.wav,tess,angry,normal,tess_YAF,female,1.9948390267879088,24414,1.536,train
data/raw/tess/YAF_angry/YAF_young_angry.wav,tess,angry,normal,tess_YAF,female,2.101212419103793,24414,2.048,train
data/raw/tess/YAF_angry/YAF_youth_angry.wav,tess,angry,normal,tess_YAF,female,2.4092324076349634,24414,1.984,test
data/raw/tess/YAF_disgust/YAF_back_disgust.wav,tess,disgust,normal,tess_YAF,female,2.3613090849512575,24414,2.08,train
data/raw/tess/YAF_disgust/YAF_bar_disgust.wav,tess,disgust,normal,tess_YAF,female,2.70176947652986,24414,2.304,test
data/raw/tess/YAF_disgust/YAF_base_disgust.wav,tess,disgust,normal,tess_YAF,female,2.7146309494552305,24414,2.496,train
data/raw/tess/YAF_disgust/YAF_bath_disgust.wav,tess,disgust,normal,tess_YAF,female,2.460514458917015,24414,2.048,train
data/raw/tess/YAF_disgust/YAF_bean_disgust.wav,tess,disgust,normal,tess_YAF,female,2.282624723519292,24414,1.962625,train
data/raw/tess/YAF_disgust/YAF_beg_disgust.wav,tess,disgust,normal,tess_YAF,female,2.5816744490865897,24414,2.368,train
data/raw/tess/YAF_disgust/YAF_bite_disgust.wav,tess,disgust,normal,tess_YAF,female,2.3522569017776687,24414,1.92,train
data/raw/tess/YAF_disgust/YAF_boat_disgust.wav,tess,disgust,normal,tess_YAF,female,2.318382895060211,24414,2.112,train
data/raw/tess/YAF_disgust/YAF_bone_disgust.wav,tess,disgust,normal,tess_YAF,female,2.535717211436061,24414,2.432,test
data/raw/tess/YAF_disgust/YAF_book_disgust.wav,tess,disgust,normal,tess_YAF,female,2.3090439911526173,24414,1.696,train
data/raw/tess/YAF_disgust/YAF_bought_disgust.wav,tess,disgust,normal,tess_YAF,female,2.3525436225116736,24414,2.016,test
data/raw/tess/YAF_disgust/YAF_burn_disgust.wav,tess,disgust,normal,tess_YAF,female,2.241910379290571,24414,2.144,train
data/raw/tess/YAF_disgust/YAF_cab_disgust.wav,tess,disgust,normal,tess_YAF,female,2.582534611288605,24414,2.336,test
data/raw/tess/YAF_disgust/YAF_calm_disgust.wav,tess,disgust,normal,tess_YAF,female,2.3093716719914803,24414,2.048,train
data/raw/tess/YAF_disgust/YAF_came_disgust.wav,tess,disgust,normal,tess_YAF,female,2.545793397231097,24414,2.496,train
data/raw/tess/YAF_disgust/YAF_cause_disgust.wav,tess,disgust,normal,tess_YAF,female,2.731096911608094,24414,2.144,test
data/raw/tess/YAF_disgust/YAF_chain_disgust.wav,tess,disgust,normal,tess_YAF,female,2.763578274760383,24414,2.336,train
data/raw/tess/YAF_disgust/YAF_chair_disgust.wav,tess,disgust,normal,tess_YAF,female,2.4730072908986647,24414,2.24,test
data/raw/tess/YAF_disgust/YAF_chalk_disgust.wav,tess,disgust,normal,tess_YAF,female,2.5581223887933153,24414,1.92,train
data/raw/tess/YAF_disgust/YAF_chat_disgust.wav,tess,disgust,normal,tess_YAF,female,2.6549930367821744,24414,2.528,train
data/raw/tess/YAF_disgust/YAF_check_disgust.wav,tess,disgust,normal,tess_YAF,female,2.7022200376832965,24414,2.24,train
data/raw/tess/YAF_disgust/YAF_cheek_disgust.wav,tess,disgust,normal,tess_YAF,female,2.5804866060457115,24414,2.08,train
data/raw/tess/YAF_disgust/YAF_chief_disgust.wav,tess,disgust,normal,tess_YAF,female,2.526624068157614,24414,2.08,train
data/raw/tess/YAF_disgust/YAF_choice_disgust.wav,tess,disgust,normal,tess_YAF,female,2.530392397804538,24414,2.144,train
data/raw/tess/YAF_disgust/YAF_cool_disgust.wav,tess,disgust,normal,tess_YAF,female,2.502703366920619,24414,2.24,train
data/raw/tess/YAF_disgust/YAF_dab_disgust.wav,tess,disgust,normal,tess_YAF,female,2.4487998689276647,24414,2.112,train
data/raw/tess/YAF_disgust/YAF_date_disgust.wav,tess,disgust,normal,tess_YAF,female,2.380765134758745,24414,2.24,train
data/raw/tess/YAF_disgust/YAF_dead_disgust.wav,tess,disgust,normal,tess_YAF,female,2.4279921356598675,24414,2.08,train
data/raw/tess/YAF_disgust/YAF_death_disgust.wav,tess,disgust,normal,tess_YAF,female,2.683337429343819,24414,2.24,train
data/raw/tess/YAF_disgust/YAF_deep_disgust.wav,tess,disgust,normal,tess_YAF,female,2.4490456295568115,24414,2.336,train
data/raw/tess/YAF_disgust/YAF_dime_disgust.wav,tess,disgust,normal,tess_YAF,female,2.5816334889817316,24414,2.368,train
data/raw/tess/YAF_disgust/YAF_dip_disgust.wav,tess,disgust,normal,tess_YAF,female,2.6278364872614075,24414,2.304,val
data/raw/tess/YAF_disgust/YAF_ditch_disgust.wav,tess,disgust,normal,tess_YAF,female,2.542434668632752,24414,2.4,test
data/raw/tess/YAF_disgust/YAF_dodge_disgust.wav,tess,disgust,normal,tess_YAF,female,2.6125993282542805,24414,2.24,train
data/raw/tess/YAF_disgust/YAF_dog_disgust.wav,tess,disgust,normal,tess_YAF,female,2.601540099942656,24414,2.464,train
data/raw/tess/YAF_disgust/YAF_doll_disgust.wav,tess,disgust,normal,tess_YAF,female,2.7106578192840174,24414,2.624,train
data/raw/tess/YAF_disgust/YAF_door_disgust.wav,tess,disgust,normal,tess_YAF,female,2.4487589088228066,24414,1.952,train
data/raw/tess/YAF_disgust/YAF_fail_disgust.wav,tess,disgust,normal,tess_YAF,female,2.2987630048332925,24414,2.2028125,train
data/raw/tess/YAF_disgust/YAF_fall_disgust.wav,tess,disgust,normal,tess_YAF,female,2.4767346604407305,24414,2.24,train
data/raw/tess/YAF_disgust/YAF_far_disgust.wav,tess,disgust,normal,tess_YAF,female,2.486606045711477,24414,2.304,train
data/raw/tess/YAF_disgust/YAF_fat_disgust.wav,tess,disgust,normal,tess_YAF,female,2.338371426230851,24414,1.792,test
data/raw/tess/YAF_disgust/YAF_fit_disgust.wav,tess,disgust,normal,tess_YAF,female,2.5406733841238633,24414,2.112,train
data/raw/tess/YAF_disgust/YAF_five_disgust.wav,tess,disgust,normal,tess_YAF,female,2.542598509052183,24414,2.176,val
data/raw/tess/YAF_disgust/YAF_food_disgust.wav,tess,disgust,normal,tess_YAF,female,2.492258540181863,24414,2.272,train
data/raw/tess/YAF_disgust/YAF_gap_disgust.wav,tess,disgust,normal,tess_YAF,female,2.270295731957074,24414,2.1103125,val
data/raw/tess/YAF_disgust/YAF_gas_disgust.wav,tess,disgust,normal,tess_YAF,female,2.7318341934955352,24414,2.24,train
data/raw/tess/YAF_disgust/YAF_gaze_disgust.wav,tess,disgust,normal,tess_YAF,female,2.509625624641599,24414,2.144,train
data/raw/tess/YAF_disgust/YAF_germ_disgust.wav,tess,disgust,normal,tess_YAF,female,2.6238633570901944,24414,2.432,test
data/raw/tess/YAF_disgust/YAF_get_disgust.wav,tess,disgust,normal,tess_YAF,female,2.687392479724748,24414,2.304,val
data/raw/tess/YAF_disgust/YAF_gin_disgust.wav,tess,disgust,normal,tess_YAF,female,2.4373719996723193,24414,2.08,train
data/raw/tess/YAF_disgust/YAF_goal_disgust.wav,tess,disgust,normal,tess_YAF,female,2.372040632424019,24414,2.112,val
data/raw/tess/YAF_disgust/YAF_good_disgust.wav,tess,disgust,normal,tess_YAF,female,2.454902924551487,24414,2.336,train
data/raw/tess/YAF_disgust/YAF_goose_disgust.wav,tess,disgust,normal,tess_YAF,female,2.590071270582453,24414,2.24,train
data/raw/tess/YAF_disgust/YAF_gun_disgust.wav,tess,disgust,normal,tess_YAF,female,2.3731875153600392,24414,2.336,test
data/raw/tess/YAF_disgust/YAF_half_disgust.wav,tess,disgust,normal,tess_YAF,female,2.4406488080609487,24414,2.048,train
data/raw/tess/YAF_disgust/YAF_hall_disgust.wav,tess,disgust,normal,tess_YAF,female,2.4855410829851725,24414,2.208,train
data/raw/tess/YAF_disgust/YAF_hash_disgust.wav,tess,disgust,normal,tess_YAF,female,2.4231998033914968,24414,2.304,train
data/raw/tess/YAF_disgust/YAF_hate_disgust.wav,tess,disgust,normal,tess_YAF,female,2.4161137052510853,24414,2.176,val
data/raw/tess/YAF_disgust/YAF_have_disgust.wav,tess,disgust,normal,tess_YAF,female,2.615835176538052,24414,2.4,train
data/raw/tess/YAF_disgust/YAF_haze_disgust.wav,tess,disgust,normal,tess_YAF,female,2.472556729745228,24414,2.112,train
data/raw/tess/YAF_disgust/YAF_hire_disgust.wav,tess,disgust,normal,tess_YAF,female,2.3484885721307447,24414,2.176,train
data/raw/tess/YAF_disgust/YAF_hit_disgust.wav,tess,disgust,normal,tess_YAF,female,2.454902924551487,24414,2.368,val
data/raw/tess/YAF_disgust/YAF_hole_disgust.wav,tess,disgust,normal,tess_YAF,female,2.5431309904153356,24414,2.496,train
data/raw/tess/YAF_disgust/YAF_home_disgust.wav,tess,disgust,normal,tess_YAF,female,2.282624723519292,24414,1.952,train
data/raw/tess/YAF_disgust/YAF_hurl_disgust.wav,tess,disgust,normal,tess_YAF,female,2.2734906201359877,24414,2.112,train
data/raw/tess/YAF_disgust/YAF_hush_disgust.wav,tess,disgust,normal,tess_YAF,female,2.387277791431146,24414,2.144,val
data/raw/tess/YAF_disgust/YAF_jail_disgust.wav,tess,disgust,normal,tess_YAF,female,2.363275169984435,24414,2.08,val
data/raw/tess/YAF_disgust/YAF_jar_disgust.wav,tess,disgust,normal,tess_YAF,female,2.514090276071107,24414,2.336,train
data/raw/tess/YAF_disgust/YAF_join_disgust.wav,tess,disgust,normal,tess_YAF,female,2.8441058409109528,24414,2.72,train
data/raw/tess/YAF_disgust/YAF_judge_disgust.wav,tess,disgust,normal,tess_YAF,female,2.6893585647579257,24414,2.528,train
data/raw/tess/YAF_disgust/YAF_jug_disgust.wav,tess,disgust,normal,tess_YAF,female,2.5879413451298436,24414,2.432,train
data/raw/tess/YAF_disgust/YAF_juice_disgust.wav,tess,disgust,normal,tess_YAF,female,2.6909150487425246,24414,2.048,train
data/raw/tess/YAF_disgust/YAF_keen_disgust.wav,tess,disgust,normal,tess_YAF,female,2.4805439501925126,24414,2.112,train
data/raw/tess/YAF_disgust/YAF_keep_disgust.wav,tess,disgust,normal,tess_YAF,female,2.548578684361432,24414,2.452625,val
data/raw/tess/YAF_disgust/YAF_keg_disgust.wav,tess,disgust,normal,tess_YAF,female,2.6446710903579915,24414,2.4,train
data/raw/tess/YAF_disgust/YAF_kick_disgust.wav,tess,disgust,normal,tess_YAF,female,2.7507987220447285,24414,2.016,val
data/raw/tess/YAF_disgust/YAF_kill_disgust.wav,tess,disgust,normal,tess_YAF,female,2.5210534938969444,24414,2.208,train
data/raw/tess/YAF_disgust/YAF_king_disgust.wav,tess,disgust,normal,tess_YAF,female,2.4997542393708527,24414,2.368,val
data/raw/tess/YAF_disgust/YAF_kite_disgust.wav,tess,disgust,normal,tess_YAF,female,2.5405914639141476,24414,2.4,train
data/raw/tess/YAF_disgust/YAF_knock_disgust.wav,tess,disgust,normal,tess_YAF,female,2.3709756696977142,24414,1.792,train
data/raw/tess/YAF_disgust/YAF_late_disgust.wav,tess,disgust,normal,tess_YAF,female,2.541984107479315,24414,2.368,train
data/raw/tess/YAF_disgust/YAF_laud_disgust.wav,tess,disgust,normal,tess_YAF,female,2.506021135414106,24414,2.112,test
data/raw/tess/YAF_disgust/YAF_lean_disgust.wav,tess,disgust,normal,tess_YAF,female,2.6630212173343164,24414,2.432,train
data/raw/tess/YAF_disgust/YAF_learn_disgust.wav,tess,disgust,normal,tess_YAF,female,2.445400180224462,24414,2.368,train
data/raw/tess/YAF_disgust/YAF_lease_disgust.wav,tess,disgust,normal,tess_YAF,female,2.768042926189891,24414,2.496,train
data/raw/tess/YAF_disgust/YAF_lid_disgust.wav,tess,disgust,normal,tess_YAF,female,2.4644056688785123,24414,2.336,test
data/raw/tess/YAF_disgust/YAF_life_disgust.wav,tess,disgust,normal,tess_YAF,female,2.6368886704349963,24414,2.08,train
data/raw/tess/YAF_disgust/YAF_limb_disgust.wav,tess,disgust,normal,tess_YAF,female,2.230482510035226,24414,1.952,train
data/raw/tess/YAF_disgust/YAF_live_disgust.wav,tess,disgust,normal,tess_YAF,female,2.487220447284345,24414,1.984,val
data/raw/tess/YAF_disgust/YAF_loaf_disgust.wav,tess,disgust,normal,tess_YAF,female,2.4348324731711313,24414,1.856,train
data/raw/tess/YAF_disgust/YAF_long_disgust.wav,tess,disgust,normal,tess_YAF,female,2.5396493815024166,24414,2.464,train
data/raw/tess/YAF_disgust/YAF_lore_disgust.wav,tess,disgust,normal,tess_YAF,female,2.4320471860407964,24414,2.3680625,test
data/raw/tess/YAF_disgust/YAF_lose_disgust.wav,tess,disgust,normal,tess_YAF,female,2.826574916031785,24414,2.336,val
data/raw/tess/YAF_disgust/YAF_lot_disgust.wav,tess,disgust,normal,tess_YAF,female,2.4839436388957155,24414,2.112,train
data/raw/tess/YAF_disgust/YAF_love_disgust.wav,tess,disgust,normal,tess_YAF,female,2.601130498894077,24414,2.304,train
data/raw/tess/YAF_disgust/YAF_luck_disgust.wav,tess,disgust,normal,tess_YAF,female,2.487875808962071,24414,2.016,train
data/raw/tess/YAF_disgust/YAF_make_disgust.wav,tess,disgust,normal,tess_YAF,female,2.608749078397641,24414,2.208,train
data/raw/tess/YAF_disgust/YAF_match_disgust.wav,tess,disgust,normal,tess_YAF,female,2.796100598017531,24414,2.464,test
data/raw/tess/YAF_disgust/YAF_merge_disgust.wav,tess,disgust,normal,tess_YAF,female,2.7140165478823626,24414,2.304,train
data/raw/tess/YAF_disgust/YAF_mess_disgust.wav,tess,disgust,normal,tess_YAF,female,2.6247235192922096,24414,2.336,test
data/raw/tess/YAF_disgust/YAF_met_disgust.wav,tess,disgust,normal,tess_YAF,female,2.4964364708773656,24414,2.336,train
data/raw/tess/YAF_disgust/YAF_mill_disgust.wav,tess,disgust,normal,tess_YAF,female,2.3996477430982224,24414,2.08,train
data/raw/tess/YAF_disgust/YAF_mob_disgust.wav,tess,disgust,normal,tess_YAF,female,2.544523633980503,24414,2.208,train
data/raw/tess/YAF_disgust/YAF_mode_disgust.wav,tess,disgust,normal,tess_YAF,female,2.4787417055787664,24414,2.176,train
data/raw/tess/YAF_disgust/YAF_mood_disgust.wav,tess,disgust,normal,tess_YAF,female,2.53399688703203,24414,2.08,train
data/raw/tess/YAF_disgust/YAF_moon_disgust.wav,tess,disgust,normal,tess_YAF,female,2.510526746948472,24414,2.432,train
data/raw/tess/YAF_disgust/YAF_mop_disgust.wav,tess,disgust,normal,tess_YAF,female,2.673629884492504,24414,2.3536875,train
data/raw/tess/YAF_disgust/YAF_mouse_disgust.wav,tess,disgust,normal,tess_YAF,female,2.634472024248382,24414,2.272,test
data/raw/tess/YAF_disgust/YAF_nag_disgust.wav,tess,disgust,normal,tess_YAF,female,2.6938641762922915,24414,2.144,train
data/raw/tess/YAF_disgust/YAF_name_disgust.wav,tess,disgust,normal,tess_YAF,female,2.4648562300319488,24414,2.4,train
data/raw/tess/YAF_disgust/YAF_near_disgust.wav,tess,disgust,normal,tess_YAF,female,2.556074383550422,24414,2.208,val
data/raw/tess/YAF_disgust/YAF_neat_disgust.wav,tess,disgust,normal,tess_YAF,female,2.5266650282624723,24414,2.24,test
data/raw/tess/YAF_disgust/YAF_nice_disgust.wav,tess,disgust,normal,tess_YAF,female,2.6095273203899403,24414,2.24,train
data/raw/tess/YAF_disgust/YAF_note_disgust.wav,tess,disgust,normal,tess_YAF,female,2.493774064061604,24414,2.368,val
data/raw/tess/YAF_disgust/YAF_numb_disgust.wav,tess,disgust,normal,tess_YAF,female,2.358933398869501,24414,2.2629375,train
data/raw/tess/YAF_disgust/YAF_pad_disgust.wav,tess,disgust,normal,tess_YAF,female,2.639755877775047,24414,2.528,test
data/raw/tess/YAF_disgust/YAF_page_disgust.wav,tess,disgust,normal,tess_YAF,female,2.6962398623740476,24414,2.24,train
data/raw/tess/YAF_disgust/YAF_pain_disgust.wav,tess,disgust,normal,tess_YAF,female,2.5972392889325797,24414,2.496,train
data/raw/tess/YAF_disgust/YAF_pass_disgust.wav,tess,disgust,normal,tess_YAF,female,2.7818464815269928,24414,2.208,train
data/raw/tess/YAF_disgust/YAF_pearl_disgust.wav,tess,disgust,normal,tess_YAF,female,2.4827967559596953,24414,2.432,train
data/raw/tess/YAF_disgust/YAF_peg_disgust.wav,tess,disgust,normal,tess_YAF,female,2.840869992627181,24414,2.592,val
data/raw/tess/YAF_disgust/YAF_perch_disgust.wav,tess,disgust,normal,tess_YAF,female,2.550135168346031,24414,2.208,train
data/raw/tess/YAF_disgust/YAF_phone_disgust.wav,tess,disgust,normal,tess_YAF,female,2.4392561644957813,24414,2.336,train
data/raw/tess/YAF_disgust/YAF_pick_disgust.wav,tess,disgust,normal,tess_YAF,female,2.4615794216433193,24414,1.92,train
data/raw/tess/YAF_disgust/YAF_pike_disgust.wav,tess,disgust,normal,tess_YAF,female,2.595600884738265,24414,2.272,train
data/raw/tess/YAF_disgust/YAF_pole_disgust.wav,tess,disgust,normal,tess_YAF,female,2.4148029818956336,24414,2.3188125,train
data/raw/tess/YAF_disgust/YAF_pool_disgust.wav,tess,disgust,normal,tess_YAF,female,2.417506348816253,24414,2.112,train
data/raw/tess/YAF_disgust/YAF_puff_disgust.wav,tess,disgust,normal,tess_YAF,female,2.4472433849430653,24414,1.888,test
data/raw/tess/YAF_disgust/YAF_rag_disgust.wav,tess,disgust,normal,tess_YAF,female,2.3217416236585566,24414,2.208,train
data/raw/tess/YAF_disgust/YAF_raid_disgust.wav,tess,disgust,normal,tess_YAF,female,2.5661915294503155,24414,2.176,train
data/raw/tess/YAF_disgust/YAF_rain_disgust.wav,tess,disgust,normal,tess_YAF,female,2.5633243221102644,24414,2.368,train
data/raw/tess/YAF_disgust/YAF_raise_disgust.wav,tess,disgust,normal,tess_YAF,female,2.646063733923159,24414,1.952,val
data/raw/tess/YAF_disgust/YAF_rat_disgust.wav,tess,disgust,normal,tess_YAF,female,2.616695338740067,24414,2.208,train
data/raw/tess/YAF_disgust/YAF_reach_disgust.wav,tess,disgust,normal,tess_YAF,female,2.502416646186614,24414,2.304,test
data/raw/tess/YAF_disgust/YAF_read_disgust.wav,tess,disgust,normal,tess_YAF,female,2.364217252396166,24414,2.208,train
data/raw/tess/YAF_disgust/YAF_red_disgust.wav,tess,disgust,normal,tess_YAF,female,2.395756533136725,24414,2.08,test
data/raw/tess/YAF_disgust/YAF_ring_disgust.wav,tess,disgust,normal,tess_YAF,female,2.378921930040141,24414,2.08,test
data/raw/tess/YAF_disgust/YAF_ripe_disgust.wav,tess,disgust,normal,tess_YAF,female,2.5508724502334728,24414,1.952,train
data/raw/tess/YAF_disgust/YAF_road_disgust.wav,tess,disgust,normal,tess_YAF,female,2.3921110838043744,24414,2.24,train
data/raw/tess/YAF_disgust/YAF_room_disgust.wav,tess,disgust,normal,tess_YAF,female,2.431146063733923,24414,2.1751875,train
data/raw/tess/YAF_disgust/YAF_rose_disgust.wav,tess,disgust,normal,tess_YAF,female,2.670721717047595,24414,2.272,train
data/raw/tess/YAF_disgust/YAF_rot_disgust.wav,tess,disgust,normal,tess_YAF,female,2.4826738756451214,24414,1.984,val
data/raw/tess/YAF_disgust/YAF_rough_disgust.wav,tess,disgust,normal,tess_YAF,female,2.718358318997297,24414,2.112,train
data/raw/tess/YAF_disgust/YAF_rush_disgust.wav,tess,disgust,normal,tess_YAF,female,2.749160317850414,24414,2.592,test
data/raw/tess/YAF_disgust/YAF_said_disgust.wav,tess,disgust,normal,tess_YAF,female,2.4955763086753504,24414,2.304,train
data/raw/tess/YAF_disgust/YAF_sail_disgust.wav,tess,disgust,normal,tess_YAF,female,2.531211599901696,24414,2.4,train
data/raw/tess/YAF_disgust/YAF_search_disgust.wav,tess,disgust,normal,tess_YAF,female,2.7803309576472515,24414,2.432,train
data/raw/tess/YAF_disgust/YAF_seize_disgust.wav,tess,disgust,normal,tess_YAF,female,2.8556565904808715,24414,2.432,test
data/raw/tess/YAF_disgust/YAF_sell_disgust.wav,tess,disgust,normal,tess_YAF,female,2.4037437535840094,24414,2.304,val
data/raw/tess/YAF_disgust/YAF_shack_disgust.wav,tess,disgust,normal,tess_YAF,female,2.5923650364544932,24414,2.048,val
data/raw/tess/YAF_disgust/YAF_shall_disgust.wav,tess,disgust,normal,tess_YAF,female,2.585033177684935,24414,2.336,train
data/raw/tess/YAF_disgust/YAF_shawl_disgust.wav,tess,disgust,normal,tess_YAF,female,2.45445236339805,24414,2.176,train
data/raw/tess/YAF_disgust/YAF_sheep_disgust.wav,tess,disgust,normal,tess_YAF,female,2.205373965757352,24414,1.792,train
data/raw/tess/YAF_disgust/YAF_shirt_disgust.wav,tess,disgust,normal,tess_YAF,female,2.654214794789875,24414,2.304,test
data/raw/tess/YAF_disgust/YAF_should_disgust.wav,tess,disgust,normal,tess_YAF,female,2.7051282051282053,24414,2.176,train
data/raw/tess/YAF_disgust/YAF_shout_disgust.wav,tess,disgust,normal,tess_YAF,female,2.4662079134922585,24414,2.24,test
data/raw/tess/YAF_disgust/YAF_size_disgust.wav,tess,disgust,normal,tess_YAF,female,2.668182190546408,24414,2.4,train
data/raw/tess/YAF_disgust/YAF_soap_disgust.wav,tess,disgust,normal,tess_YAF,female,2.585033177684935,24414,2.24,train
data/raw/tess/YAF_disgust/YAF_soup_disgust.wav,tess,disgust,normal,tess_YAF,female,2.354304907020562,24414,2.304,train
data/raw/tess/YAF_disgust/YAF_sour_disgust.wav,tess,disgust,normal,tess_YAF,female,2.7039813221921847,24414,2.368,test
data/raw/tess/YAF_disgust/YAF_south_disgust.wav,tess,disgust,normal,tess_YAF,female,2.611698205947407,24414,2.016,test
data/raw/tess/YAF_disgust/YAF_sub_disgust.wav,tess,disgust,normal,tess_YAF,female,2.5076185795035637,24414,2.4,train
data/raw/tess/YAF_disgust/YAF_such_disgust.wav,tess,disgust,normal,tess_YAF,female,2.660973212091423,24414,2.24,train
data/raw/tess/YAF_disgust/YAF_sure_disgust.wav,tess,disgust,normal,tess_YAF,female,2.3717539116900137,24414,2.0198125,train
data/raw/tess/YAF_disgust/YAF_take_disgust.wav,tess,disgust,normal,tess_YAF,female,2.4678053575817156,24414,1.856,train
data/raw/tess/YAF_disgust/YAF_talk_disgust.wav,tess,disgust,normal,tess_YAF,female,2.5162611616285737,24414,1.984,train
data/raw/tess/YAF_disgust/YAF_tape_disgust.wav,tess,disgust,normal,tess_YAF,female,2.599369214385189,24414,2.304,train
data/raw/tess/YAF_disgust/YAF_team_disgust.wav,tess,disgust,normal,tess_YAF,female,2.5288768739247973,24414,2.464,train
data/raw/tess/YAF_disgust/YAF_tell_disgust.wav,tess,disgust,normal,tess_YAF,female,2.3556565904808715,24414,2.2596875,train
data/raw/tess/YAF_disgust/YAF_thin_disgust.wav,tess,disgust,normal,tess_YAF,female,2.5212582944212336,24414,2.5213125,train
data/raw/tess/YAF_disgust/YAF_third_disgust.wav,tess,disgust,normal,tess_YAF,female,2.4815269927091013,24414,2.336,val
data/raw/tess/YAF_disgust/YAF_thought_disgust.wav,tess,disgust,normal,tess_YAF,female,2.5384205783566807,24414,2.336,test
data/raw/tess/YAF_disgust/YAF_thumb_disgust.wav,tess,disgust,normal,tess_YAF,female,2.386540509543704,24414,2.176,train
data/raw/tess/YAF_disgust/YAF_time_disgust.wav,tess,disgust,normal,tess_YAF,female,2.558900630785615,24414,2.4,train
data/raw/tess/YAF_disgust/YAF_tip_disgust.wav,tess,disgust,normal,tess_YAF,female,2.353977226181699,24414,2.13,train
data/raw/tess/YAF_disgust/YAF_tire_disgust.wav,tess,disgust,normal,tess_YAF,female,2.508069140657,24414,2.4,train
data/raw/tess/YAF_disgust/YAF_ton_disgust.wav,tess,disgust,normal,tess_YAF,female,2.2629638731875152,24414,2.231,test
data/raw/tess/YAF_disgust/YAF_tool_disgust.wav,tess,disgust,normal,tess_YAF,female,2.5005734414680103,24414,2.432,train
data/raw/tess/YAF_disgust/YAF_tough_disgust.wav,tess,disgust,normal,tess_YAF,female,2.5229376587204064,24414,2.208,test
data/raw/tess/YAF_disgust/YAF_turn_disgust.wav,tess,disgust,normal,tess_YAF,female,2.5866715818792496,24414,2.496,train
data/raw/tess/YAF_disgust/YAF_vine_disgust.wav,tess,disgust,normal,tess_YAF,female,2.4764479397067256,24414,2.3805,val
data/raw/tess/YAF_disgust/YAF_voice_disgust.wav,tess,disgust,normal,tess_YAF,female,2.711026460227738,24414,2.048,train
data/raw/tess/YAF_disgust/YAF_void_disgust.wav,tess,disgust,normal,tess_YAF,female,2.5608257557139344,24414,2.368,train
data/raw/tess/YAF_disgust/YAF_vote_disgust.wav,tess,disgust,normal,tess_YAF,female,2.417588269025969,24414,2.24,train
data/raw/tess/YAF_disgust/YAF_wag_disgust.wav,tess,disgust,normal,tess_YAF,female,2.554558859670681,24414,2.432,test
data/raw/tess/YAF_disgust/YAF_walk_disgust.wav,tess,disgust,normal,tess_YAF,female,2.590276071106742,24414,2.016,train
data/raw/tess/YAF_disgust/YAF_wash_disgust.wav,tess,disgust,normal,tess_YAF,female,2.7014827557958547,24414,2.176,test
data/raw/tess/YAF_disgust/YAF_week_disgust.wav,tess,disgust,normal,tess_YAF,female,2.4990169574834113,24414,1.856,train
data/raw/tess/YAF_disgust/YAF_wheat_disgust.wav,tess,disgust,normal,tess_YAF,female,2.496231670353076,24414,2.304,train
data/raw/tess/YAF_disgust/YAF_when_disgust.wav,tess,disgust,normal,tess_YAF,female,2.553944458097813,24414,2.49,train
data/raw/tess/YAF_disgust/YAF_which_disgust.wav,tess,disgust,normal,tess_YAF,female,2.5939624805439503,24414,2.24,train
data/raw/tess/YAF_disgust/YAF_whip_disgust.wav,tess,disgust,normal,tess_YAF,female,2.341730154829196,24414,2.048,test
data/raw/tess/YAF_disgust/YAF_white_disgust.wav,tess,disgust,normal,tess_YAF,female,2.6931678545097077,24414,2.464,train
data/raw/tess/YAF_disgust/YAF_wife_disgust.wav,tess,disgust,normal,tess_YAF,female,2.675514049315966,24414,2.112,train
data/raw/tess/YAF_disgust/YAF_wire_disgust.wav,tess,disgust,normal,tess_YAF,female,2.538215777832391,24414,2.50625,train
data/raw/tess/YAF_disgust/YAF_witch_disgust.wav,tess,disgust,normal,tess_YAF,female,2.7523142459244694,24414,2.496,train
data/raw/tess/YAF_disgust/YAF_yearn_disgust.wav,tess,disgust,normal,tess_YAF,female,2.5919963955107725,24414,2.24,val
data/raw/tess/YAF_disgust/YAF_yes_disgust.wav,tess,disgust,normal,tess_YAF,female,2.448676988613091,24414,1.792,train
data/raw/tess/YAF_disgust/YAF_young_disgust.wav,tess,disgust,normal,tess_YAF,female,2.6091586794462196,24414,2.4,train
data/raw/tess/YAF_disgust/YAF_youth_disgust.wav,tess,disgust,normal,tess_YAF,female,2.6742033259605145,24414,2.368,test
data/raw/tess/YAF_fear/YAF_back_fear.wav,tess,fearful,normal,tess_YAF,female,1.651306627344966,24414,1.376,train
data/raw/tess/YAF_fear/YAF_bar_fear.wav,tess,fearful,normal,tess_YAF,female,1.6644138608994838,24414,1.376,train
data/raw/tess/YAF_fear/YAF_base_fear.wav,tess,fearful,normal,tess_YAF,female,1.88240353895306,24414,1.664,train
data/raw/tess/YAF_fear/YAF_bath_fear.wav,tess,fearful,normal,tess_YAF,female,1.6716228393544688,24414,1.408,train
data/raw/tess/YAF_fear/YAF_bean_fear.wav,tess,fearful,normal,tess_YAF,female,1.4877529286474973,24414,1.216,val
data/raw/tess/YAF_fear/YAF_beg_fear.wav,tess,fearful,normal,tess_YAF,female,1.5969935283034324,24414,1.472,val
data/raw/tess/YAF_fear/YAF_bite_fear.wav,tess,fearful,normal,tess_YAF,female,1.5183091668714672,24414,1.248,test
data/raw/tess/YAF_fear/YAF_boat_fear.wav,tess,fearful,normal,tess_YAF,female,1.3188744163185058,24414,1.12,train
data/raw/tess/YAF_fear/YAF_bone_fear.wav,tess,fearful,normal,tess_YAF,female,1.7735725403457032,24414,1.44,val
data/raw/tess/YAF_fear/YAF_book_fear.wav,tess,fearful,normal,tess_YAF,female,1.636683869910707,24414,1.472,val
data/raw/tess/YAF_fear/YAF_bought_fear.wav,tess,fearful,normal,tess_YAF,female,1.7159007127058246,24414,1.344,train
data/raw/tess/YAF_fear/YAF_burn_fear.wav,tess,fearful,normal,tess_YAF,female,1.6377488326370115,24414,1.376,train
data/raw/tess/YAF_fear/YAF_cab_fear.wav,tess,fearful,normal,tess_YAF,female,1.897313017121324,24414,1.76,train
data/raw/tess/YAF_fear/YAF_calm_fear.wav,tess,fearful,normal,tess_YAF,female,1.7075858114196771,24414,1.376,train
data/raw/tess/YAF_fear/YAF_came_fear.wav,tess,fearful,normal,tess_YAF,female,2.0331776849348735,24414,1.76,train
data/raw/tess/YAF_fear/YAF_cause_fear.wav,tess,fearful,normal,tess_YAF,female,1.80822478905546,24414,1.536,train
data/raw/tess/YAF_fear/YAF_chain_fear.wav,tess,fearful,normal,tess_YAF,female,1.838699107069714,24414,1.696,train
data/raw/tess/YAF_fear/YAF_chair_fear.wav,tess,fearful,normal,tess_YAF,female,1.7657491603178503,24414,1.664,train
data/raw/tess/YAF_fear/YAF_chalk_fear.wav,tess,fearful,normal,tess_YAF,female,1.3337019742770542,24414,1.152,train
data/raw/tess/YAF_fear/YAF_chat_fear.wav,tess,fearful,normal,tess_YAF,female,1.7480953551241092,24414,1.568,train
data/raw/tess/YAF_fear/YAF_check_fear.wav,tess,fearful,normal,tess_YAF,female,1.9173834685016793,24414,1.504,train
data/raw/tess/YAF_fear/YAF_cheek_fear.wav,tess,fearful,normal,tess_YAF,female,1.773613500450561,24414,1.632,val
data/raw/tess/YAF_fear/YAF_chief_fear.wav,tess,fearful,normal,tess_YAF,female,1.7350290816744491,24414,1.28,train
data/raw/tess/YAF_fear/YAF_choice_fear.wav,tess,fearful,normal,tess_YAF,female,1.254075530433358,24414,0.992,val
data/raw/tess/YAF_fear/YAF_cool_fear.wav,tess,fearful,normal,tess_YAF,female,1.8796592119275823,24414,1.568,train
data/raw/tess/YAF_fear/YAF_dab_fear.wav,tess,fearful,normal,tess_YAF,female,1.5326042434668632,24414,1.372625,train
data/raw/tess/YAF_fear/YAF_date_fear.wav,tess,fearful,normal,tess_YAF,female,1.90718440239207,24414,1.728,val
data/raw/tess/YAF_fear/YAF_dead_fear.wav,tess,fearful,normal,tess_YAF,female,1.6502007045138036,24414,1.49025,train
data/raw/tess/YAF_fear/YAF_death_fear.wav,tess,fearful,normal,tess_YAF,female,1.311911198492668,24414,1.056,train
data/raw/tess/YAF_fear/YAF_deep_fear.wav,tess,fearful,normal,tess_YAF,female,1.770541492586221,24414,1.632,train
data/raw/tess/YAF_fear/YAF_dime_fear.wav,tess,fearful,normal,tess_YAF,female,1.3124027197509625,24414,1.184,train
data/raw/tess/YAF_fear/YAF_dip_fear.wav,tess,fearful,normal,tess_YAF,female,1.7220856885393627,24414,1.664,train
data/raw/tess/YAF_fear/YAF_ditch_fear.wav,tess,fearful,normal,tess_YAF,female,1.85127385926108,24414,1.632,val
data/raw/tess/YAF_fear/YAF_dodge_fear.wav,tess,fearful,normal,tess_YAF,female,1.8431637584992215,24414,1.504,val
data/raw/tess/YAF_fear/YAF_dog_fear.wav,tess,fearful,normal,tess_YAF,female,1.7287212255263371,24414,1.408,val
data/raw/tess/YAF_fear/YAF_doll_fear.wav,tess,fearful,normal,tess_YAF,female,1.845293683951831,24414,1.632,train
data/raw/tess/YAF_fear/YAF_door_fear.wav,tess,fearful,normal,tess_YAF,female,1.432784467928238,24414,1.312,val
data/raw/tess/YAF_fear/YAF_fail_fear.wav,tess,fearful,normal,tess_YAF,female,1.7026296387318751,24414,1.472,train
data/raw/tess/YAF_fear/YAF_fall_fear.wav,tess,fearful,normal,tess_YAF,female,1.3597116408618006,24414,1.216,train
data/raw/tess/YAF_fear/YAF_far_fear.wav,tess,fearful,normal,tess_YAF,female,1.6655607438355042,24414,1.408,val
data/raw/tess/YAF_fear/YAF_fat_fear.wav,tess,fearful,normal,tess_YAF,female,1.4771033013844517,24414,1.312,train
data/raw/tess/YAF_fear/YAF_fit_fear.wav,tess,fearful,normal,tess_YAF,female,1.8071188662242976,24414,1.6,train
data/raw/tess/YAF_fear/YAF_five_fear.wav,tess,fearful,normal,tess_YAF,female,1.787621856311952,24414,1.408,train
data/raw/tess/YAF_fear/YAF_food_fear.wav,tess,fearful,normal,tess_YAF,female,1.7591545834357336,24414,1.6,train
data/raw/tess/YAF_fear/YAF_gap_fear.wav,tess,fearful,normal,tess_YAF,female,1.486687965921193,24414,1.152,test
data/raw/tess/YAF_fear/YAF_gas_fear.wav,tess,fearful,normal,tess_YAF,female,1.6979601867780785,24414,1.28,train
data/raw/tess/YAF_fear/YAF_gaze_fear.wav,tess,fearful,normal,tess_YAF,female,2.046489719013681,24414,1.44,train
data/raw/tess/YAF_fear/YAF_germ_fear.wav,tess,fearful,normal,tess_YAF,female,1.7408863766691245,24414,1.728,test
data/raw/tess/YAF_fear/YAF_get_fear.wav,tess,fearful,normal,tess_YAF,female,1.6785860571803064,24414,1.568,train
data/raw/tess/YAF_fear/YAF_gin_fear.wav,tess,fearful,normal,tess_YAF,female,1.702670598836733,24414,1.632,train
data/raw/tess/YAF_fear/YAF_goal_fear.wav,tess,fearful,normal,tess_YAF,female,1.7417874989759974,24414,1.632,test
data/raw/tess/YAF_fear/YAF_good_fear.wav,tess,fearful,normal,tess_YAF,female,1.703285000409601,24414,1.632,train
data/raw/tess/YAF_fear/YAF_goose_fear.wav,tess,fearful,normal,tess_YAF,female,1.479765708200213,24414,1.248,train
data/raw/tess/YAF_fear/YAF_gun_fear.wav,tess,fearful,normal,tess_YAF,female,1.7000081920209715,24414,1.536,val
data/raw/tess/YAF_fear/YAF_half_fear.wav,tess,fearful,normal,tess_YAF,female,1.659048087163103,24414,1.344,train
data/raw/tess/YAF_fear/YAF_hall_fear.wav,tess,fearful,normal,tess_YAF,female,1.6731793233390675,24414,1.344,train
data/raw/tess/YAF_fear/YAF_hash_fear.wav,tess,fearful,normal,tess_YAF,female,1.5822888506594577,24414,1.408,train
data/raw/tess/YAF_fear/YAF_hate_fear.wav,tess,fearful,normal,tess_YAF,female,1.8417711149340543,24414,1.472,test
data/raw/tess/YAF_fear/YAF_have_fear.wav,tess,fearful,normal,tess_YAF,female,1.9510526746948471,24414,1.856,train
data/raw/tess/YAF_fear/YAF_haze_fear.wav,tess,fearful,normal,tess_YAF,female,2.061440157286803,24414,1.696,val
data/raw/tess/YAF_fear/YAF_hire_fear.wav,tess,fearful,normal,tess_YAF,female,1.6773572540345705,24414,1.504,train
data/raw/tess/YAF_fear/YAF_hit_fear.wav,tess,fearful,normal,tess_YAF,female,1.5782747603833869,24414,1.344,train
data/raw/tess/YAF_fear/YAF_hole_fear.wav,tess,fearful,normal,tess_YAF,female,1.8467272876218563,24414,1.632,train
data/raw/tess/YAF_fear/YAF_home_fear.wav,tess,fearful,normal,tess_YAF,female,1.3985827803719175,24414,1.398625,test
data/raw/tess/YAF_fear/YAF_hurl_fear.wav,tess,fearful,normal,tess_YAF,female,1.3824854591627755,24414,1.248,train
data/raw/tess/YAF_fear/YAF_hush_fear.wav,tess,fearful,normal,tess_YAF,female,1.6529450315392809,24414,1.472,train
data/raw/tess/YAF_fear/YAF_jail_fear.wav,tess,fearful,normal,tess_YAF,female,1.4454821004341771,24414,1.3815,train
data/raw/tess/YAF_fear/YAF_jar_fear.wav,tess,fearful,normal,tess_YAF,female,1.516834603096584,24414,1.312,train
data/raw/tess/YAF_fear/YAF_join_fear.wav,tess,fearful,normal,tess_YAF,female,1.9256983697878267,24414,1.696,train
data/raw/tess/YAF_fear/YAF_judge_fear.wav,tess,fearful,normal,tess_YAF,female,2.0396903416072747,24414,1.792,train
data/raw/tess/YAF_fear/YAF_jug_fear.wav,tess,fearful,normal,tess_YAF,female,1.6655607438355042,24414,1.6,val
data/raw/tess/YAF_fear/YAF_juice_fear.wav,tess,fearful,normal,tess_YAF,female,1.816621610551323,24414,1.472,train
data/raw/tess/YAF_fear/YAF_keen_fear.wav,tess,fearful,normal,tess_YAF,female,1.5375194560498076,24414,1.472,train
data/raw/tess/YAF_fear/YAF_keep_fear.wav,tess,fearful,normal,tess_YAF,female,1.946751863684771,24414,1.792,test
data/raw/tess/YAF_fear/YAF_keg_fear.wav,tess,fearful,normal,tess_YAF,female,1.8513557794707955,24414,1.728,train
data/raw/tess/YAF_fear/YAF_kick_fear.wav,tess,fearful,normal,tess_YAF,female,1.9269271729335624,24414,1.664,train
data/raw/tess/YAF_fear/YAF_kill_fear.wav,tess,fearful,normal,tess_YAF,female,1.734127959367576,24414,1.504,train
data/raw/tess/YAF_fear/YAF_king_fear.wav,tess,fearful,normal,tess_YAF,female,1.4915622183992792,24414,1.376,train
data/raw/tess/YAF_fear/YAF_kite_fear.wav,tess,fearful,normal,tess_YAF,female,1.7060293274350782,24414,1.472,train
data/raw/tess/YAF_fear/YAF_knock_fear.wav,tess,fearful,normal,tess_YAF,female,1.6280822478905546,24414,1.152,train
data/raw/tess/YAF_fear/YAF_late_fear.wav,tess,fearful,normal,tess_YAF,female,1.7912673056443025,24414,1.632,train
data/raw/tess/YAF_fear/YAF_laud_fear.wav,tess,fearful,normal,tess_YAF,female,1.5135577947079544,24414,1.28,train
data/raw/tess/YAF_fear/YAF_lean_fear.wav,tess,fearful,normal,tess_YAF,female,1.875440321127222,24414,1.664,train
data/raw/tess/YAF_fear/YAF_learn_fear.wav,tess,fearful,normal,tess_YAF,female,1.788973539772262,24414,1.696,test
data/raw/tess/YAF_fear/YAF_lease_fear.wav,tess,fearful,normal,tess_YAF,female,1.7955271565495208,24414,1.504,val
data/raw/tess/YAF_fear/YAF_lid_fear.wav,tess,fearful,normal,tess_YAF,female,1.726959941017449,24414,1.6,test
data/raw/tess/YAF_fear/YAF_life_fear.wav,tess,fearful,normal,tess_YAF,female,1.6729745228147783,24414,1.184,train
data/raw/tess/YAF_fear/YAF_limb_fear.wav,tess,fearful,normal,tess_YAF,female,1.4283607766035882,24414,1.344,train
data/raw/tess/YAF_fear/YAF_live_fear.wav,tess,fearful,normal,tess_YAF,female,1.8766281641681,24414,1.664,train
data/raw/tess/YAF_fear/YAF_loaf_fear.wav,tess,fearful,normal,tess_YAF,female,1.874211517981486,24414,1.472,train
data/raw/tess/YAF_fear/YAF_long_fear.wav,tess,fearful,normal,tess_YAF,female,1.8310805275661504,24414,1.696,train
data/raw/tess/YAF_fear/YAF_lore_fear.wav,tess,fearful,normal,tess_YAF,female,1.9756287376095685,24414,1.728,train
data/raw/tess/YAF_fear/YAF_lose_fear.wav,tess,fearful,normal,tess_YAF,female,1.927787335135578,24414,1.44,test
data/raw/tess/YAF_fear/YAF_lot_fear.wav,tess,fearful,normal,tess_YAF,female,1.4690751208323094,24414,1.312,train
data/raw/tess/YAF_fear/YAF_love_fear.wav,tess,fearful,normal,tess_YAF,female,1.494388465634472,24414,1.28,train
data/raw/tess/YAF_fear/YAF_luck_fear.wav,tess,fearful,normal,tess_YAF,female,1.80380109773081,24414,1.376,train
data/raw/tess/YAF_fear/YAF_make_fear.wav,tess,fearful,normal,tess_YAF,female,1.899729663307938,24414,1.696,val
data/raw/tess/YAF_fear/YAF_match_fear.wav,tess,fearful,normal,tess_YAF,female,1.9392152043909232,24414,1.696,val
data/raw/tess/YAF_fear/YAF_merge_fear.wav,tess,fearful,normal,tess_YAF,female,1.8846153846153848,24414,1.76,train
data/raw/tess/YAF_fear/YAF_mess_fear.wav,tess,fearful,normal,tess_YAF,female,1.8061767838125664,24414,1.504,train
data/raw/tess/YAF_fear/YAF_met_fear.wav,tess,fearful,normal,tess_YAF,female,1.4245105267469484,24414,1.28,val
data/raw/tess/YAF_fear/YAF_mill_fear.wav,tess,fearful,normal,tess_YAF,female,1.525190464487589,24414,1.49325,test
data/raw/tess/YAF_fear/YAF_mob_fear.wav,tess,fearful,normal,tess_YAF,female,1.6733431637584992,24414,1.504,train
data/raw/tess/YAF_fear/YAF_mode_fear.wav,tess,fearful,normal,tess_YAF,female,1.6091177193413615,24414,1.344,train
data/raw/tess/YAF_fear/YAF_mood_fear.wav,tess,fearful,normal,tess_YAF,female,1.6816580650446464,24414,1.6176875,test
data/raw/tess/YAF_fear/YAF_moon_fear.wav,tess,fearful,normal,tess_YAF,female,1.540796264438437,24414,1.312,val
data/raw/tess/YAF_fear/YAF_mop_fear.wav,tess,fearful,normal,tess_YAF,female,1.4420004915212583,24414,1.3460625,train
data/raw/tess/YAF_fear/YAF_mouse_fear.wav,tess,fearful,normal,tess_YAF,female,1.5446465142950765,24414,1.312,val
data/raw/tess/YAF_fear/YAF_nag_fear.wav,tess,fearful,normal,tess_YAF,female,1.599287294175473,24414,1.4713125,train
data/raw/tess/YAF_fear/YAF_name_fear.wav,tess,fearful,normal,tess_YAF,female,1.6608093716719914,24414,1.568,train
data/raw/tess/YAF_fear/YAF_near_fear.wav,tess,fearful,normal,tess_YAF,female,1.6440976488899812,24414,1.504,train
data/raw/tess/YAF_fear/YAF_neat_fear.wav,tess,fearful,normal,tess_YAF,female,1.644793970672565,24414,1.472,test
data/raw/tess/YAF_fear/YAF_nice_fear.wav,tess,fearful,normal,tess_YAF,female,1.7164741541738346,24414,1.312,val
data/raw/tess/YAF_fear/YAF_note_fear.wav,tess,fearful,normal,tess_YAF,female,1.672032440403047,24414,1.568,train
data/raw/tess/YAF_fear/YAF_numb_fear.wav,tess,fearful,normal,tess_YAF,female,1.6991070697140984,24414,1.408,train
data/raw/tess/YAF_fear/YAF_pad_fear.wav,tess,fearful,normal,tess_YAF,female,1.7541984107479316,24414,1.632,train
data/raw/tess/YAF_fear/YAF_page_fear.wav,tess,fearful,normal,tess_YAF,female,1.7436307036946015,24414,1.536,train
data/raw/tess/YAF_fear/YAF_pain_fear.wav,tess,fearful,normal,tess_YAF,female,1.6368477103301384,24414,1.536,train
data/raw/tess/YAF_fear/YAF_pass_fear.wav,tess,fearful,normal,tess_YAF,female,1.661833374293438,24414,1.216,val
data/raw/tess/YAF_fear/YAF_pearl_fear.wav,tess,fearful,normal,tess_YAF,female,1.6043663471778489,24414,1.312,train
data/raw/tess/YAF_fear/YAF_peg_fear.wav,tess,fearful,normal,tess_YAF,female,1.556361104284427,24414,1.152,train
data/raw/tess/YAF_fear/YAF_perch_fear.wav,tess,fearful,normal,tess_YAF,female,1.6685917915949864,24414,1.504,val
data/raw/tess/YAF_fear/YAF_phone_fear.wav,tess,fearful,normal,tess_YAF,female,1.8257966740394855,24414,1.664,train
data/raw/tess/YAF_fear/YAF_pick_fear.wav,tess,fearful,normal,tess_YAF,female,1.7747603833865817,24414,1.6,test
data/raw/tess/YAF_fear/YAF_pike_fear.wav,tess,fearful,normal,tess_YAF,female,1.6685917915949864,24414,1.472,train
data/raw/tess/YAF_fear/YAF_pole_fear.wav,tess,fearful,normal,tess_YAF,female,1.7224133693782255,24414,1.6,train
data/raw/tess/YAF_fear/YAF_pool_fear.wav,tess,fearful,normal,tess_YAF,female,1.4214794789874663,24414,1.28,val
data/raw/tess/YAF_fear/YAF_puff_fear.wav,tess,fearful,normal,tess_YAF,female,1.5422298681084623,24414,1.216,train
data/raw/tess/YAF_fear/YAF_rag_fear.wav,tess,fearful,normal,tess_YAF,female,1.7161464733349718,24414,1.312,test
data/raw/tess/YAF_fear/YAF_raid_fear.wav,tess,fearful,normal,tess_YAF,female,1.6802244613746211,24414,1.312,train
data/raw/tess/YAF_fear/YAF_rain_fear.wav,tess,fearful,normal,tess_YAF,female,1.7170885557467026,24414,1.44,train
data/raw/tess/YAF_fear/YAF_raise_fear.wav,tess,fearful,normal,tess_YAF,female,1.8419759154583435,24414,1.312,train
data/raw/tess/YAF_fear/YAF_rat_fear.wav,tess,fearful,normal,tess_YAF,female,1.7797165560743835,24414,1.536,train
data/raw/tess/YAF_fear/YAF_reach_fear.wav,tess,fearful,normal,tess_YAF,female,1.736012124191038,24414,1.376,test
data/raw/tess/YAF_fear/YAF_read_fear.wav,tess,fearful,normal,tess_YAF,female,1.833824854591628,24414,1.632,val
data/raw/tess/YAF_fear/YAF_red_fear.wav,tess,fearful,normal,tess_YAF,female,1.6421725239616614,24414,1.408,train
data/raw/tess/YAF_fear/YAF_ring_fear.wav,tess,fearful,normal,tess_YAF,female,1.699475710657819,24414,1.568,train
data/raw/tess/YAF_fear/YAF_ripe_fear.wav,tess,fearful,normal,tess_YAF,female,1.6590071270582454,24414,1.6270625,train
data/raw/tess/YAF_fear/YAF_road_fear.wav,tess,fearful,normal,tess_YAF,female,1.8429179978700745,24414,1.472,train
data/raw/tess/YAF_fear/YAF_room_fear.wav,tess,fearful,normal,tess_YAF,female,1.7483411157532562,24414,1.716375,train
data/raw/tess/YAF_fear/YAF_rose_fear.wav,tess,fearful,normal,tess_YAF,female,1.7480543950192513,24414,1.408,train
data/raw/tess/YAF_fear/YAF_rot_fear.wav,tess,fearful,normal,tess_YAF,female,1.748750716801835,24414,1.376,train
data/raw/tess/YAF_fear/YAF_rough_fear.wav,tess,fearful,normal,tess_YAF,female,1.897845498484476,24414,1.408,train
data/raw/tess/YAF_fear/YAF_rush_fear.wav,tess,fearful,normal,tess_YAF,female,1.7812730400589825,24414,1.472,train
data/raw/tess/YAF_fear/YAF_said_fear.wav,tess,fearful,normal,tess_YAF,female,1.6644138608994838,24414,1.376,test
data/raw/tess/YAF_fear/YAF_sail_fear.wav,tess,fearful,normal,tess_YAF,female,1.7787744736626523,24414,1.568,test
data/raw/tess/YAF_fear/YAF_search_fear.wav,tess,fearful,normal,tess_YAF,female,1.8340706152207749,24414,1.834125,train
data/raw/tess/YAF_fear/YAF_seize_fear.wav,tess,fearful,normal,tess_YAF,female,1.950479233226837,24414,1.44,train
data/raw/tess/YAF_fear/YAF_sell_fear.wav,tess,fearful,normal,tess_YAF,female,1.6906692881133776,24414,1.376,train
data/raw/tess/YAF_fear/YAF_shack_fear.wav,tess,fearful,normal,tess_YAF,female,1.7973703612681249,24414,1.44,val
data/raw/tess/YAF_fear/YAF_shall_fear.wav,tess,fearful,normal,tess_YAF,female,1.8084295895797493,24414,1.472,train
data/raw/tess/YAF_fear/YAF_shawl_fear.wav,tess,fearful,normal,tess_YAF,female,1.6225935938396003,24414,1.376,train
data/raw/tess/YAF_fear/YAF_sheep_fear.wav,tess,fearful,normal,tess_YAF,female,1.543294830834767,24414,1.2873125,train
data/raw/tess/YAF_fear/YAF_shirt_fear.wav,tess,fearful,normal,tess_YAF,female,1.7353977226181698,24414,1.472,test
data/raw/tess/YAF_fear/YAF_should_fear.wav,tess,fearful,normal,tess_YAF,female,1.7057835668059311,24414,1.376,train
data/raw/tess/YAF_fear/YAF_shout_fear.wav,tess,fearful,normal,tess_YAF,female,1.86491357417875,24414,1.504,train
data/raw/tess/YAF_fear/YAF_size_fear.wav,tess,fearful,normal,tess_YAF,female,1.7395346932088147,24414,1.312,train
data/raw/tess/YAF_fear/YAF_soap_fear.wav,tess,fearful,normal,tess_YAF,female,1.6791594986483165,24414,1.5191875,train
data/raw/tess/YAF_fear/YAF_soup_fear.wav,tess,fearful,normal,tess_YAF,female,1.591259113623331,24414,1.5593125,val
data/raw/tess/YAF_fear/YAF_sour_fear.wav,tess,fearful,normal,tess_YAF,female,1.7239698533628247,24414,1.312,train
data/raw/tess/YAF_fear/YAF_south_fear.wav,tess,fearful,normal,tess_YAF,female,1.815679528139592,24414,1.504,train
data/raw/tess/YAF_fear/YAF_sub_fear.wav,tess,fearful,normal,tess_YAF,female,1.775825346112886,24414,1.568,train
data/raw/tess/YAF_fear/YAF_such_fear.wav,tess,fearful,normal,tess_YAF,female,1.7130335053657737,24414,1.44,test
data/raw/tess/YAF_fear/YAF_sure_fear.wav,tess,fearful,normal,tess_YAF,female,1.5573441468010158,24414,1.28,train
data/raw/tess/YAF_fear/YAF_take_fear.wav,tess,fearful,normal,tess_YAF,female,1.6769476529859917,24414,1.632,train
data/raw/tess/YAF_fear/YAF_talk_fear.wav,tess,fearful,normal,tess_YAF,female,1.8391087081182929,24414,1.536,train
data/raw/tess/YAF_fear/YAF_tape_fear.wav,tess,fearful,normal,tess_YAF,female,1.8812566560170392,24414,1.728,train
data/raw/tess/YAF_fear/YAF_team_fear.wav,tess,fearful,normal,tess_YAF,female,1.7952813959203735,24414,1.664,train
data/raw/tess/YAF_fear/YAF_tell_fear.wav,tess,fearful,normal,tess_YAF,female,1.7168837552224134,24414,1.408,train
data/raw/tess/YAF_fear/YAF_thin_fear.wav,tess,fearful,normal,tess_YAF,female,1.616121897272057,24414,1.552125,test
data/raw/tess/YAF_fear/YAF_third_fear.wav,tess,fearful,normal,tess_YAF,female,1.6288195297779962,24414,1.532875,val
data/raw/tess/YAF_fear/YAF_thought_fear.wav,tess,fearful,normal,tess_YAF,female,2.003686409437208,24414,1.504,test
data/raw/tess/YAF_fear/YAF_thumb_fear.wav,tess,fearful,normal,tess_YAF,female,1.701441795690997,24414,1.472,val
data/raw/tess/YAF_fear/YAF_time_fear.wav,tess,fearful,normal,tess_YAF,female,1.9260260506266895,24414,1.664,train
data/raw/tess/YAF_fear/YAF_tip_fear.wav,tess,fearful,normal,tess_YAF,female,1.6109199639551075,24414,1.28,train
data/raw/tess/YAF_fear/YAF_tire_fear.wav,tess,fearful,normal,tess_YAF,female,1.800770049971328,24414,1.632,train
data/raw/tess/YAF_fear/YAF_ton_fear.wav,tess,fearful,normal,tess_YAF,female,1.9006307856148112,24414,1.632,val
data/raw/tess/YAF_fear/YAF_tool_fear.wav,tess,fearful,normal,tess_YAF,female,1.8208814614565416,24414,1.7889375,train
data/raw/tess/YAF_fear/YAF_tough_fear.wav,tess,fearful,normal,tess_YAF,female,1.639469157041042,24414,1.472,test
data/raw/tess/YAF_fear/YAF_turn_fear.wav,tess,fearful,normal,tess_YAF,female,1.946137462111903,24414,1.76,train
data/raw/tess/YAF_fear/YAF_vine_fear.wav,tess,fearful,normal,tess_YAF,female,1.6822724666175146,24414,1.44,test
data/raw/tess/YAF_fear/YAF_voice_fear.wav,tess,fearful,normal,tess_YAF,female,1.7790202342917998,24414,1.568,train
data/raw/tess/YAF_fear/YAF_void_fear.wav,tess,fearful,normal,tess_YAF,female,1.946506103055624,24414,1.696,val
data/raw/tess/YAF_fear/YAF_vote_fear.wav,tess,fearful,normal,tess_YAF,female,1.781477840583272,24414,1.6,test
data/raw/tess/YAF_fear/YAF_wag_fear.wav,tess,fearful,normal,tess_YAF,female,2.0384615384615383,24414,1.632,train
data/raw/tess/YAF_fear/YAF_walk_fear.wav,tess,fearful,normal,tess_YAF,female,1.835299418366511,24414,1.248,val
data/raw/tess/YAF_fear/YAF_wash_fear.wav,tess,fearful,normal,tess_YAF,female,1.975382976980421,24414,1.664,train
data/raw/tess/YAF_fear/YAF_week_fear.wav,tess,fearful,normal,tess_YAF,female,1.6934955353485706,24414,1.408,train
data/raw/tess/YAF_fear/YAF_wheat_fear.wav,tess,fearful,normal,tess_YAF,female,1.8714671909560088,24414,1.664,train
data/raw/tess/YAF_fear/YAF_when_fear.wav,tess,fearful,normal,tess_YAF,female,1.7315884328663882,24414,1.504,train
data/raw/tess/YAF_fear/YAF_which_fear.wav,tess,fearful,normal,tess_YAF,female,1.7050872450233472,24414,1.632,test
data/raw/tess/YAF_fear/YAF_whip_fear.wav,tess,fearful,normal,tess_YAF,female,1.5095846645367412,24414,1.28,train
data/raw/tess/YAF_fear/YAF_white_fear.wav,tess,fearful,normal,tess_YAF,female,1.7430572622265914,24414,1.504,train
data/raw/tess/YAF_fear/YAF_wife_fear.wav,tess,fearful,normal,tess_YAF,female,1.677889735397723,24414,1.12,val
data/raw/tess/YAF_fear/YAF_wire_fear.wav,tess,fearful,normal,tess_YAF,female,1.7044728434504792,24414,1.44,test
data/raw/tess/YAF_fear/YAF_witch_fear.wav,tess,fearful,normal,tess_YAF,female,1.8978045383796185,24414,1.728,train
data/raw/tess/YAF_fear/YAF_yearn_fear.wav,tess,fearful,normal,tess_YAF,female,1.7592774637503072,24414,1.472,val
data/raw/tess/YAF_fear/YAF_yes_fear.wav,tess,fearful,normal,tess_YAF,female,1.627959367575981,24414,1.376,train
data/raw/tess/YAF_fear/YAF_young_fear.wav,tess,fearful,normal,tess_YAF,female,1.886704349963136,24414,1.44,val
data/raw/tess/YAF_fear/YAF_youth_fear.wav,tess,fearful,normal,tess_YAF,female,1.7450643073646268,24414,1.344,train
data/raw/tess/YAF_happy/YAF_back_happy.wav,tess,happy,normal,tess_YAF,female,1.906651921028918,24414,1.472,train
data/raw/tess/YAF_happy/YAF_bar_happy.wav,tess,happy,normal,tess_YAF,female,1.945154419595314,24414,1.728,train
data/raw/tess/YAF_happy/YAF_base_happy.wav,tess,happy,normal,tess_YAF,female,1.882854100106496,24414,1.472,train
data/raw/tess/YAF_happy/YAF_bath_happy.wav,tess,happy,normal,tess_YAF,female,1.8743753584009175,24414,1.536,train
data/raw/tess/YAF_happy/YAF_bean_happy.wav,tess,happy,normal,tess_YAF,female,1.8878102727942985,24414,1.6958125,test
data/raw/tess/YAF_happy/YAF_beg_happy.wav,tess,happy,normal,tess_YAF,female,1.8961251740804457,24414,1.504,train
data/raw/tess/YAF_happy/YAF_bite_happy.wav,tess,happy,normal,tess_YAF,female,1.8980093389039077,24414,1.664,val
data/raw/tess/YAF_happy/YAF_boat_happy.wav,tess,happy,normal,tess_YAF,female,1.8728598345211764,24414,1.344,train
data/raw/tess/YAF_happy/YAF_bone_happy.wav,tess,happy,normal,tess_YAF,female,1.876013762595232,24414,1.6840625,train
data/raw/tess/YAF_happy/YAF_book_happy.wav,tess,happy,normal,tess_YAF,female,2.00614401572868,24414,1.44,train
data/raw/tess/YAF_happy/YAF_bought_happy.wav,tess,happy,normal,tess_YAF,female,1.9695256819857456,24414,1.664,test
data/raw/tess/YAF_happy/YAF_burn_happy.wav,tess,happy,normal,tess_YAF,female,1.7868845744245103,24414,1.5949375,train
data/raw/tess/YAF_happy/YAF_cab_happy.wav,tess,happy,normal,tess_YAF,female,1.8800688129761611,24414,1.696,val
data/raw/tess/YAF_happy/YAF_calm_happy.wav,tess,happy,normal,tess_YAF,female,1.982182354386827,24414,1.7261875,train
data/raw/tess/YAF_happy/YAF_came_happy.wav,tess,happy,normal,tess_YAF,female,2.217825837634144,24414,1.952,test
data/raw/tess/YAF_happy/YAF_cause_happy.wav,tess,happy,normal,tess_YAF,female,2.0067174571966904,24414,1.664,train
data/raw/tess/YAF_happy/YAF_chain_happy.wav,tess,happy,normal,tess_YAF,female,1.9207421971000245,24414,1.728,train
data/raw/tess/YAF_happy/YAF_chair_happy.wav,tess,happy,normal,tess_YAF,female,1.8937085278938317,24414,1.664,train
data/raw/tess/YAF_happy/YAF_chalk_happy.wav,tess,happy,normal,tess_YAF,female,1.941795690996969,24414,1.376,train
data/raw/tess/YAF_happy/YAF_chat_happy.wav,tess,happy,normal,tess_YAF,female,1.9344228721225527,24414,1.504,test
data/raw/tess/YAF_happy/YAF_check_happy.wav,tess,happy,normal,tess_YAF,female,1.9988531170639796,24414,1.504,train
data/raw/tess/YAF_happy/YAF_cheek_happy.wav,tess,happy,normal,tess_YAF,female,1.9770623412795936,24414,1.568,val
data/raw/tess/YAF_happy/YAF_chief_happy.wav,tess,happy,normal,tess_YAF,female,1.792045547636602,24414,1.44,train
data/raw/tess/YAF_happy/YAF_choice_happy.wav,tess,happy,normal,tess_YAF,female,1.8928074055869584,24414,1.44,train
data/raw/tess/YAF_happy/YAF_cool_happy.wav,tess,happy,normal,tess_YAF,female,1.8538543458671255,24414,1.789875,test
data/raw/tess/YAF_happy/YAF_dab_happy.wav,tess,happy,normal,tess_YAF,female,1.8183009748504957,24414,1.536,train
data/raw/tess/YAF_happy/YAF_date_happy.wav,tess,happy,normal,tess_YAF,female,1.8230113869091504,24414,1.344,train
data/raw/tess/YAF_happy/YAF_dead_happy.wav,tess,happy,normal,tess_YAF,female,1.8416072745146228,24414,1.504,test
data/raw/tess/YAF_happy/YAF_death_happy.wav,tess,happy,normal,tess_YAF,female,1.808183828950602,24414,1.376,train
data/raw/tess/YAF_happy/YAF_deep_happy.wav,tess,happy,normal,tess_YAF,female,1.86356189071844,24414,1.408,train
data/raw/tess/YAF_happy/YAF_dime_happy.wav,tess,happy,normal,tess_YAF,female,1.8379618251822725,24414,1.6,train
data/raw/tess/YAF_happy/YAF_dip_happy.wav,tess,happy,normal,tess_YAF,female,1.8237077086917344,24414,1.44,train
data/raw/tess/YAF_happy/YAF_ditch_happy.wav,tess,happy,normal,tess_YAF,female,1.9021463094945523,24414,1.6,train
data/raw/tess/YAF_happy/YAF_dodge_happy.wav,tess,happy,normal,tess_YAF,female,1.9836159580568529,24414,1.568,train
data/raw/tess/YAF_happy/YAF_dog_happy.wav,tess,happy,normal,tess_YAF,female,1.9593266158761369,24414,1.696,test
data/raw/tess/YAF_happy/YAF_doll_happy.wav,tess,happy,normal,tess_YAF,female,2.056934545752437,24414,1.728,val
data/raw/tess/YAF_happy/YAF_door_happy.wav,tess,happy,normal,tess_YAF,female,1.8133448021626937,24414,1.536,train
data/raw/tess/YAF_happy/YAF_fail_happy.wav,tess,happy,normal,tess_YAF,female,1.874825919554354,24414,1.664,test
data/raw/tess/YAF_happy/YAF_fall_happy.wav,tess,happy,normal,tess_YAF,female,1.7932333906774802,24414,1.568,train
data/raw/tess/YAF_happy/YAF_far_happy.wav,tess,happy,normal,tess_YAF,female,1.9381502416646184,24414,1.696,val
data/raw/tess/YAF_happy/YAF_fat_happy.wav,tess,happy,normal,tess_YAF,female,1.964815269927091,24414,1.408,train
data/raw/tess/YAF_happy/YAF_fit_happy.wav,tess,happy,normal,tess_YAF,female,2.134267223724093,24414,1.792,train
data/raw/tess/YAF_happy/YAF_five_happy.wav,tess,happy,normal,tess_YAF,female,1.9394200049152128,24414,1.632,train
data/raw/tess/YAF_happy/YAF_food_happy.wav,tess,happy,normal,tess_YAF,female,1.9477758663062177,24414,1.696,train
data/raw/tess/YAF_happy/YAF_gap_happy.wav,tess,happy,normal,tess_YAF,female,1.755017612845089,24414,1.408,train
data/raw/tess/YAF_happy/YAF_gas_happy.wav,tess,happy,normal,tess_YAF,female,2.1508151060866716,24414,1.536,train
data/raw/tess/YAF_happy/YAF_gaze_happy.wav,tess,happy,normal,tess_YAF,female,2.2046366838699107,24414,1.728,train
data/raw/tess/YAF_happy/YAF_germ_happy.wav,tess,happy,normal,tess_YAF,female,1.9253706889489637,24414,1.664,train
data/raw/tess/YAF_happy/YAF_get_happy.wav,tess,happy,normal,tess_YAF,female,1.9721471286966497,24414,1.632,train
data/raw/tess/YAF_happy/YAF_gin_happy.wav,tess,happy,normal,tess_YAF,female,1.919963955107725,24414,1.632,train
data/raw/tess/YAF_happy/YAF_goal_happy.wav,tess,happy,normal,tess_YAF,female,1.8407471123126076,24414,1.64875,train
data/raw/tess/YAF_happy/YAF_good_happy.wav,tess,happy,normal,tess_YAF,female,1.7989678053575815,24414,1.568,train
data/raw/tess/YAF_happy/YAF_goose_happy.wav,tess,happy,normal,tess_YAF,female,1.9628491848939136,24414,1.408,train
data/raw/tess/YAF_happy/YAF_gun_happy.wav,tess,happy,normal,tess_YAF,female,1.8520111411485216,24414,1.6,train
data/raw/tess/YAF_happy/YAF_half_happy.wav,tess,happy,normal,tess_YAF,female,1.7610797083640537,24414,1.472,train
data/raw/tess/YAF_happy/YAF_hall_happy.wav,tess,happy,normal,tess_YAF,female,1.925903170312116,24414,1.696,train
data/raw/tess/YAF_happy/YAF_hash_happy.wav,tess,happy,normal,tess_YAF,female,1.9775129024330305,24414,1.696,train
data/raw/tess/YAF_happy/YAF_hate_happy.wav,tess,happy,normal,tess_YAF,female,1.9222986810846237,24414,1.728,test
data/raw/tess/YAF_happy/YAF_have_happy.wav,tess,happy,normal,tess_YAF,female,2.0115507495699188,24414,1.664,train
data/raw/tess/YAF_happy/YAF_haze_happy.wav,tess,happy,normal,tess_YAF,female,2.1115343655279757,24414,1.728,train
data/raw/tess/YAF_happy/YAF_hire_happy.wav,tess,happy,normal,tess_YAF,female,1.844392561644958,24414,1.6204375,train
data/raw/tess/YAF_happy/YAF_hit_happy.wav,tess,happy,normal,tess_YAF,female,1.8452527238469731,24414,1.376,test
data/raw/tess/YAF_happy/YAF_hole_happy.wav,tess,happy,normal,tess_YAF,female,1.8370607028753991,24414,1.6770625,test
data/raw/tess/YAF_happy/YAF_home_happy.wav,tess,happy,normal,tess_YAF,female,1.769394609650201,24414,1.536,test
data/raw/tess/YAF_happy/YAF_hurl_happy.wav,tess,happy,normal,tess_YAF,female,1.8294830834766935,24414,1.6,train
data/raw/tess/YAF_happy/YAF_hush_happy.wav,tess,happy,normal,tess_YAF,female,1.9717375276480709,24414,1.664,train
data/raw/tess/YAF_happy/YAF_jail_happy.wav,tess,happy,normal,tess_YAF,female,1.858278037191775,24414,1.664,train
data/raw/tess/YAF_happy/YAF_jar_happy.wav,tess,happy,normal,tess_YAF,female,1.8385352666502823,24414,1.632,train
data/raw/tess/YAF_happy/YAF_join_happy.wav,tess,happy,normal,tess_YAF,female,2.0879003850249855,24414,1.824,train
data/raw/tess/YAF_happy/YAF_judge_happy.wav,tess,happy,normal,tess_YAF,female,2.157327762759073,24414,1.792,test
data/raw/tess/YAF_happy/YAF_jug_happy.wav,tess,happy,normal,tess_YAF,female,1.8127304005898257,24414,1.472,test
data/raw/tess/YAF_happy/YAF_juice_happy.wav,tess,happy,normal,tess_YAF,female,1.9618251822724664,24414,1.472,test
data/raw/tess/YAF_happy/YAF_keen_happy.wav,tess,happy,normal,tess_YAF,female,1.8257557139346277,24414,1.664,train
data/raw/tess/YAF_happy/YAF_keep_happy.wav,tess,happy,normal,tess_YAF,female,1.9680511182108624,24414,1.568,train
data/raw/tess/YAF_happy/YAF_keg_happy.wav,tess,happy,normal,tess_YAF,female,1.874211517981486,24414,1.536,train
data/raw/tess/YAF_happy/YAF_kick_happy.wav,tess,happy,normal,tess_YAF,female,1.9096829687884,24414,1.44,train
data/raw/tess/YAF_happy/YAF_kill_happy.wav,tess,happy,normal,tess_YAF,female,1.9924633407061525,24414,1.76,train
data/raw/tess/YAF_happy/YAF_king_happy.wav,tess,happy,normal,tess_YAF,female,1.826984517080364,24414,1.603,train
data/raw/tess/YAF_happy/YAF_kite_happy.wav,tess,happy,normal,tess_YAF,female,1.7749651839108709,24414,1.312,train
data/raw/tess/YAF_happy/YAF_knock_happy.wav,tess,happy,normal,tess_YAF,female,1.8797001720324404,24414,1.44,train
data/raw/tess/YAF_happy/YAF_late_happy.wav,tess,happy,normal,tess_YAF,female,1.8259195543540592,24414,1.6,val
data/raw/tess/YAF_happy/YAF_laud_happy.wav,tess,happy,normal,tess_YAF,female,1.810395674612927,24414,1.504,val
data/raw/tess/YAF_happy/YAF_lean_happy.wav,tess,happy,normal,tess_YAF,female,1.9668632751699844,24414,1.76,val
data/raw/tess/YAF_happy/YAF_learn_happy.wav,tess,happy,normal,tess_YAF,female,2.081264848038011,24414,1.824,train
data/raw/tess/YAF_happy/YAF_lease_happy.wav,tess,happy,normal,tess_YAF,female,2.0216678954698124,24414,1.536,train
data/raw/tess/YAF_happy/YAF_lid_happy.wav,tess,happy,normal,tess_YAF,female,1.75845826165315,24414,1.44,train
data/raw/tess/YAF_happy/YAF_life_happy.wav,tess,happy,normal,tess_YAF,female,2.0040140902760712,24414,1.504,val
data/raw/tess/YAF_happy/YAF_limb_happy.wav,tess,happy,normal,tess_YAF,female,1.822929466699435,24414,1.6,train
data/raw/tess/YAF_happy/YAF_live_happy.wav,tess,happy,normal,tess_YAF,female,2.0465306791185385,24414,1.664,train
data/raw/tess/YAF_happy/YAF_loaf_happy.wav,tess,happy,normal,tess_YAF,female,1.9866470058163348,24414,1.568,val
data/raw/tess/YAF_happy/YAF_long_happy.wav,tess,happy,normal,tess_YAF,female,2.025190464487589,24414,1.792,train
data/raw/tess/YAF_happy/YAF_lore_happy.wav,tess,happy,normal,tess_YAF,female,2.0222003768329646,24414,1.76,train
data/raw/tess/YAF_happy/YAF_lose_happy.wav,tess,happy,normal,tess_YAF,female,2.1957483411157535,24414,1.76,test
data/raw/tess/YAF_happy/YAF_lot_happy.wav,tess,happy,normal,tess_YAF,female,1.8707299090685672,24414,1.376,test
data/raw/tess/YAF_happy/YAF_love_happy.wav,tess,happy,normal,tess_YAF,female,1.7885639387236831,24414,1.376,train
data/raw/tess/YAF_happy/YAF_luck_happy.wav,tess,happy,normal,tess_YAF,female,1.8738838371426232,24414,1.376,train
data/raw/tess/YAF_happy/YAF_make_happy.wav,tess,happy,normal,tess_YAF,female,1.9774309822233145,24414,1.6,test
data/raw/tess/YAF_happy/YAF_match_happy.wav,tess,happy,normal,tess_YAF,female,2.0741787498976,24414,1.728,test
data/raw/tess/YAF_happy/YAF_merge_happy.wav,tess,happy,normal,tess_YAF,female,2.0044236913246496,24414,1.568,train
data/raw/tess/YAF_happy/YAF_mess_happy.wav,tess,happy,normal,tess_YAF,female,2.2355206029327435,24414,1.6,train
data/raw/tess/YAF_happy/YAF_met_happy.wav,tess,happy,normal,tess_YAF,female,1.814778405832719,24414,1.376,train
data/raw/tess/YAF_happy/YAF_mill_happy.wav,tess,happy,normal,tess_YAF,female,1.7723027770951094,24414,1.6123125,val
data/raw/tess/YAF_happy/YAF_mob_happy.wav,tess,happy,normal,tess_YAF,female,1.8660604571147703,24414,1.632,val
data/raw/tess/YAF_happy/YAF_mode_happy.wav,tess,happy,normal,tess_YAF,female,1.7578438600802817,24414,1.536,val
data/raw/tess/YAF_happy/YAF_mood_happy.wav,tess,happy,normal,tess_YAF,female,1.81436880478414,24414,1.664,train
data/raw/tess/YAF_happy/YAF_moon_happy.wav,tess,happy,normal,tess_YAF,female,1.783321045301876,24414,1.536,train
data/raw/tess/YAF_happy/YAF_mop_happy.wav,tess,happy,normal,tess_YAF,female,2.0129024330302285,24414,1.504,train
data/raw/tess/YAF_happy/YAF_mouse_happy.wav,tess,happy,normal,tess_YAF,female,2.1070287539936103,24414,1.536,train
data/raw/tess/YAF_happy/YAF_nag_happy.wav,tess,happy,normal,tess_YAF,female,1.8145326452035715,24414,1.568,train
data/raw/tess/YAF_happy/YAF_name_happy.wav,tess,happy,normal,tess_YAF,female,2.036986974686655,24414,1.76,train
data/raw/tess/YAF_happy/YAF_near_happy.wav,tess,happy,normal,tess_YAF,female,1.8959613336610144,24414,1.696,train
data/raw/tess/YAF_happy/YAF_neat_happy.wav,tess,happy,normal,tess_YAF,female,1.9542885229786189,24414,1.632,train
data/raw/tess/YAF_happy/YAF_nice_happy.wav,tess,happy,normal,tess_YAF,female,2.035717211436061,24414,1.504,train
data/raw/tess/YAF_happy/YAF_note_happy.wav,tess,happy,normal,tess_YAF,female,2.09203735561563,24414,1.536,test
data/raw/tess/YAF_happy/YAF_numb_happy.wav,tess,happy,normal,tess_YAF,female,1.9351191939051364,24414,1.696,train
data/raw/tess/YAF_happy/YAF_pad_happy.wav,tess,happy,normal,tess_YAF,female,1.889243876464324,24414,1.632,train
data/raw/tess/YAF_happy/YAF_page_happy.wav,tess,happy,normal,tess_YAF,female,1.9572786106332432,24414,1.536,train
data/raw/tess/YAF_happy/YAF_pain_happy.wav,tess,happy,normal,tess_YAF,female,1.8968214958630296,24414,1.664,test
data/raw/tess/YAF_happy/YAF_pass_happy.wav,tess,happy,normal,tess_YAF,female,2.0721307446547064,24414,1.536,test
data/raw/tess/YAF_happy/YAF_pearl_happy.wav,tess,happy,normal,tess_YAF,female,1.8749897599737857,24414,1.651,train
data/raw/tess/YAF_happy/YAF_peg_happy.wav,tess,happy,normal,tess_YAF,female,1.9086999262718112,24414,1.536,train
data/raw/tess/YAF_happy/YAF_perch_happy.wav,tess,happy,normal,tess_YAF,female,2.1439338084705497,24414,1.824,train
data/raw/tess/YAF_happy/YAF_phone_happy.wav,tess,happy,normal,tess_YAF,female,1.9827557958548376,24414,1.728,train
data/raw/tess/YAF_happy/YAF_pick_happy.wav,tess,happy,normal,tess_YAF,female,1.933972310969116,24414,1.44,train
data/raw/tess/YAF_happy/YAF_pike_happy.wav,tess,happy,normal,tess_YAF,female,2.001269763250594,24414,1.472,test
data/raw/tess/YAF_happy/YAF_pole_happy.wav,tess,happy,normal,tess_YAF,female,1.906283280085197,24414,1.696,train
data/raw/tess/YAF_happy/YAF_pool_happy.wav,tess,happy,normal,tess_YAF,female,1.7663226017858606,24414,1.536,train
data/raw/tess/YAF_happy/YAF_puff_happy.wav,tess,happy,normal,tess_YAF,female,1.7553862537888096,24414,1.408,test
data/raw/tess/YAF_happy/YAF_rag_happy.wav,tess,happy,normal,tess_YAF,female,1.7775866306217745,24414,1.568,train
data/raw/tess/YAF_happy/YAF_raid_happy.wav,tess,happy,normal,tess_YAF,female,1.8180552142213484,24414,1.568,train
data/raw/tess/YAF_happy/YAF_rain_happy.wav,tess,happy,normal,tess_YAF,female,2.005980175309249,24414,1.782,test
data/raw/tess/YAF_happy/YAF_raise_happy.wav,tess,happy,normal,tess_YAF,female,1.9664536741214056,24414,1.536,val
data/raw/tess/YAF_happy/YAF_rat_happy.wav,tess,happy,normal,tess_YAF,female,1.9970099123453755,24414,1.472,val
data/raw/tess/YAF_happy/YAF_reach_happy.wav,tess,happy,normal,tess_YAF,female,2.038789219300402,24414,1.44,train
data/raw/tess/YAF_happy/YAF_read_happy.wav,tess,happy,normal,tess_YAF,female,1.752150405505038,24414,1.504,train
data/raw/tess/YAF_happy/YAF_red_happy.wav,tess,happy,normal,tess_YAF,female,1.960719259441304,24414,1.536,test
data/raw/tess/YAF_happy/YAF_ring_happy.wav,tess,happy,normal,tess_YAF,female,1.9118128942410093,24414,1.696,train
data/raw/tess/YAF_happy/YAF_ripe_happy.wav,tess,happy,normal,tess_YAF,female,1.95772917178668,24414,1.504,train
data/raw/tess/YAF_happy/YAF_road_happy.wav,tess,happy,normal,tess_YAF,female,2.022650937986401,24414,1.728,train
data/raw/tess/YAF_happy/YAF_room_happy.wav,tess,happy,normal,tess_YAF,female,2.068853936266077,24414,1.76,train
data/raw/tess/YAF_happy/YAF_rose_happy.wav,tess,happy,normal,tess_YAF,female,2.0279347915130663,24414,1.664,val
data/raw/tess/YAF_happy/YAF_rot_happy.wav,tess,happy,normal,tess_YAF,female,1.8738019169329072,24414,1.472,train
data/raw/tess/YAF_happy/YAF_rough_happy.wav,tess,happy,normal,tess_YAF,female,1.874866879659212,24414,1.44,train
data/raw/tess/YAF_happy/YAF_rush_happy.wav,tess,happy,normal,tess_YAF,female,2.081551568772016,24414,1.6,train
data/raw/tess/YAF_happy/YAF_said_happy.wav,tess,happy,normal,tess_YAF,female,1.8884656344720243,24414,1.632,train
data/raw/tess/YAF_happy/YAF_sail_happy.wav,tess,happy,normal,tess_YAF,female,1.9211108380437456,24414,1.664,test
data/raw/tess/YAF_happy/YAF_search_happy.wav,tess,happy,normal,tess_YAF,female,2.092979438027361,24414,1.536,val
data/raw/tess/YAF_happy/YAF_seize_happy.wav,tess,happy,normal,tess_YAF,female,2.2212255263373475,24414,1.76,val
data/raw/tess/YAF_happy/YAF_sell_happy.wav,tess,happy,normal,tess_YAF,female,1.855533710166298,24414,1.6635625,train
data/raw/tess/YAF_happy/YAF_shack_happy.wav,tess,happy,normal,tess_YAF,female,1.9456459408536089,24414,1.536,train
data/raw/tess/YAF_happy/YAF_shall_happy.wav,tess,happy,normal,tess_YAF,female,1.9536741214057507,24414,1.728,train
data/raw/tess/YAF_happy/YAF_shawl_happy.wav,tess,happy,normal,tess_YAF,female,2.0003686409437207,24414,1.76,val
data/raw/tess/YAF_happy/YAF_sheep_happy.wav,tess,happy,normal,tess_YAF,female,2.023961661341853,24414,1.536,train
data/raw/tess/YAF_happy/YAF_shirt_happy.wav,tess,happy,normal,tess_YAF,female,2.07282706643729,24414,1.824,train
data/raw/tess/YAF_happy/YAF_should_happy.wav,tess,happy,normal,tess_YAF,female,1.9759154583435736,24414,1.632,train
data/raw/tess/YAF_happy/YAF_shout_happy.wav,tess,happy,normal,tess_YAF,female,1.953960842139756,24414,1.696,train
data/raw/tess/YAF_happy/YAF_size_happy.wav,tess,happy,normal,tess_YAF,female,1.9777177029573196,24414,1.568,train
data/raw/tess/YAF_happy/YAF_soap_happy.wav,tess,happy,normal,tess_YAF,female,2.0832718931760463,24414,1.568,train
data/raw/tess/YAF_happy/YAF_soup_happy.wav,tess,happy,normal,tess_YAF,female,1.9010403866633896,24414,1.472,train
data/raw/tess/YAF_happy/YAF_sour_happy.wav,tess,happy,normal,tess_YAF,female,2.0175718849840254,24414,1.792,train
data/raw/tess/YAF_happy/YAF_south_happy.wav,tess,happy,normal,tess_YAF,female,2.0855246989432294,24414,1.6,train
data/raw/tess/YAF_happy/YAF_sub_happy.wav,tess,happy,normal,tess_YAF,female,1.81686737118047,24414,1.568,train
data/raw/tess/YAF_happy/YAF_such_happy.wav,tess,happy,normal,tess_YAF,female,2.0949045629556813,24414,1.504,train
data/raw/tess/YAF_happy/YAF_sure_happy.wav,tess,happy,normal,tess_YAF,female,1.7522732858196115,24414,1.5603125,train
data/raw/tess/YAF_happy/YAF_take_happy.wav,tess,happy,normal,tess_YAF,female,2.0009830425165887,24414,1.44,train
data/raw/tess/YAF_happy/YAF_talk_happy.wav,tess,happy,normal,tess_YAF,female,2.0563611042844268,24414,1.568,train
data/raw/tess/YAF_happy/YAF_tape_happy.wav,tess,happy,normal,tess_YAF,female,1.9546162038174817,24414,1.536,test
data/raw/tess/YAF_happy/YAF_team_happy.wav,tess,happy,normal,tess_YAF,female,2.125747521913656,24414,1.824,train
data/raw/tess/YAF_happy/YAF_tell_happy.wav,tess,happy,normal,tess_YAF,female,1.9758744982387155,24414,1.728,train
data/raw/tess/YAF_happy/YAF_thin_happy.wav,tess,happy,normal,tess_YAF,female,1.9659621528631113,24414,1.76,train
data/raw/tess/YAF_happy/YAF_third_happy.wav,tess,happy,normal,tess_YAF,female,1.7771360694683378,24414,1.6,train
data/raw/tess/YAF_happy/YAF_thought_happy.wav,tess,happy,normal,tess_YAF,female,1.907553043335791,24414,1.472,test
data/raw/tess/YAF_happy/YAF_thumb_happy.wav,tess,happy,normal,tess_YAF,female,1.9709183255509135,24414,1.664,train
data/raw/tess/YAF_happy/YAF_time_happy.wav,tess,happy,normal,tess_YAF,female,2.00942082411731,24414,1.76,test
data/raw/tess/YAF_happy/YAF_tip_happy.wav,tess,happy,normal,tess_YAF,female,1.827885639387237,24414,1.344,val
data/raw/tess/YAF_happy/YAF_tire_happy.wav,tess,happy,normal,tess_YAF,female,2.0347341689194725,24414,1.81075,train
data/raw/tess/YAF_happy/YAF_ton_happy.wav,tess,happy,normal,tess_YAF,female,1.821209142295404,24414,1.66125,train
data/raw/tess/YAF_happy/YAF_tool_happy.wav,tess,happy,normal,tess_YAF,female,1.7896698615548456,24414,1.568,train
data/raw/tess/YAF_happy/YAF_tough_happy.wav,tess,happy,normal,tess_YAF,female,1.728844105840911,24414,1.376,train
data/raw/tess/YAF_happy/YAF_turn_happy.wav,tess,happy,normal,tess_YAF,female,1.8590562791840748,24414,1.6350625,train
data/raw/tess/YAF_happy/YAF_vine_happy.wav,tess,happy,normal,tess_YAF,female,1.9334807897108215,24414,1.7415,train
data/raw/tess/YAF_happy/YAF_voice_happy.wav,tess,happy,normal,tess_YAF,female,1.9817727533382483,24414,1.568,train
data/raw/tess/YAF_happy/YAF_void_happy.wav,tess,happy,normal,tess_YAF,female,2.144466289833702,24414,1.792,train
data/raw/tess/YAF_happy/YAF_vote_happy.wav,tess,happy,normal,tess_YAF,female,2.002416646186614,24414,1.536,train
data/raw/tess/YAF_happy/YAF_wag_happy.wav,tess,happy,normal,tess_YAF,female,1.9574014909478168,24414,1.696,train
data/raw/tess/YAF_happy/YAF_walk_happy.wav,tess,happy,normal,tess_YAF,female,2.134267223724093,24414,1.664,train
data/raw/tess/YAF_happy/YAF_wash_happy.wav,tess,happy,normal,tess_YAF,female,2.1199721471286965,24414,1.696,train
data/raw/tess/YAF_happy/YAF_week_happy.wav,tess,happy,normal,tess_YAF,female,1.756205455885967,24414,1.312,val
data/raw/tess/YAF_happy/YAF_wheat_happy.wav,tess,happy,normal,tess_YAF,female,2.0814696485623,24414,1.536,train
data/raw/tess/YAF_happy/YAF_when_happy.wav,tess,happy,normal,tess_YAF,female,1.946465142950766,24414,1.7225,val
data/raw/tess/YAF_happy/YAF_which_happy.wav,tess,happy,normal,tess_YAF,female,2.0811419677234375,24414,1.696,train
data/raw/tess/YAF_happy/YAF_whip_happy.wav,tess,happy,normal,tess_YAF,female,1.9273777340869993,24414,1.408,train
data/raw/tess/YAF_happy/YAF_white_happy.wav,tess,happy,normal,tess_YAF,female,2.035430490702056,24414,1.536,train
data/raw/tess/YAF_happy/YAF_wife_happy.wav,tess,happy,normal,tess_YAF,female,2.0636110428442698,24414,1.536,train
data/raw/tess/YAF_happy/YAF_wire_happy.wav,tess,happy,normal,tess_YAF,female,2.0755713934627673,24414,1.856,val
data/raw/tess/YAF_happy/YAF_witch_happy.wav,tess,happy,normal,tess_YAF,female,2.077168837552224,24414,1.728,val
data/raw/tess/YAF_happy/YAF_yearn_happy.wav,tess,happy,normal,tess_YAF,female,2.0857704595723767,24414,1.76,val
data/raw/tess/YAF_happy/YAF_yes_happy.wav,tess,happy,normal,tess_YAF,female,2.1788727779143113,24414,1.504,train
data/raw/tess/YAF_happy/YAF_young_happy.wav,tess,happy,normal,tess_YAF,female,1.8323093307118867,24414,1.568,test
data/raw/tess/YAF_happy/YAF_youth_happy.wav,tess,happy,normal,tess_YAF,female,2.1112066846891127,24414,1.632,train
data/raw/tess/YAF_neutral/YAF_back_neutral.wav,tess,neutral,normal,tess_YAF,female,2.09781273040059,24414,1.792,train
data/raw/tess/YAF_neutral/YAF_bar_neutral.wav,tess,neutral,normal,tess_YAF,female,1.989473253051528,24414,1.9255,train
data/raw/tess/YAF_neutral/YAF_base_neutral.wav,tess,neutral,normal,tess_YAF,female,2.115794216433194,24414,1.888,train
data/raw/tess/YAF_neutral/YAF_bath_neutral.wav,tess,neutral,normal,tess_YAF,female,1.9854591627754568,24414,1.824,train
data/raw/tess/YAF_neutral/YAF_bean_neutral.wav,tess,neutral,normal,tess_YAF,female,1.7984762840992874,24414,1.7665,train
data/raw/tess/YAF_neutral/YAF_beg_neutral.wav,tess,neutral,normal,tess_YAF,female,2.0540673384123864,24414,1.830125,test
data/raw/tess/YAF_neutral/YAF_bite_neutral.wav,tess,neutral,normal,tess_YAF,female,2.040263783075285,24414,1.888,train
data/raw/tess/YAF_neutral/YAF_boat_neutral.wav,tess,neutral,normal,tess_YAF,female,1.910338330466126,24414,1.856,train
data/raw/tess/YAF_neutral/YAF_bone_neutral.wav,tess,neutral,normal,tess_YAF,female,2.055787662816417,24414,2.0238125,train
data/raw/tess/YAF_neutral/YAF_book_neutral.wav,tess,neutral,normal,tess_YAF,female,2.0275661505693456,24414,1.76,train
data/raw/tess/YAF_neutral/YAF_bought_neutral.wav,tess,neutral,normal,tess_YAF,female,2.0540673384123864,24414,1.984,train
data/raw/tess/YAF_neutral/YAF_burn_neutral.wav,tess,neutral,normal,tess_YAF,female,1.9012451871876792,24414,1.86925,train
data/raw/tess/YAF_neutral/YAF_cab_neutral.wav,tess,neutral,normal,tess_YAF,female,2.1169410993692144,24414,2.085,train
data/raw/tess/YAF_neutral/YAF_calm_neutral.wav,tess,neutral,normal,tess_YAF,female,2.056320144179569,24414,1.992375,train
data/raw/tess/YAF_neutral/YAF_came_neutral.wav,tess,neutral,normal,tess_YAF,female,2.366388137953633,24414,2.3344375,train
data/raw/tess/YAF_neutral/YAF_cause_neutral.wav,tess,neutral,normal,tess_YAF,female,2.29036618333743,24414,2.112,val
data/raw/tess/YAF_neutral/YAF_chain_neutral.wav,tess,neutral,normal,tess_YAF,female,2.1764151716228395,24414,2.0804375,train
data/raw/tess/YAF_neutral/YAF_chair_neutral.wav,tess,neutral,normal,tess_YAF,female,2.0758171540919146,24414,2.043875,test
data/raw/tess/YAF_neutral/YAF_chalk_neutral.wav,tess,neutral,normal,tess_YAF,female,2.0353895305971985,24414,1.856,test
data/raw/tess/YAF_neutral/YAF_chat_neutral.wav,tess,neutral,normal,tess_YAF,female,2.2002129925452607,24414,2.10425,train
data/raw/tess/YAF_neutral/YAF_check_neutral.wav,tess,neutral,normal,tess_YAF,female,2.254362251167363,24414,1.856,train
data/raw/tess/YAF_neutral/YAF_cheek_neutral.wav,tess,neutral,normal,tess_YAF,female,2.269353649545343,24414,1.92,train
data/raw/tess/YAF_neutral/YAF_chief_neutral.wav,tess,neutral,normal,tess_YAF,female,2.075980994511346,24414,1.888,train
data/raw/tess/YAF_neutral/YAF_choice_neutral.wav,tess,neutral,normal,tess_YAF,female,1.975710657819284,24414,1.824,val
data/raw/tess/YAF_neutral/YAF_cool_neutral.wav,tess,neutral,normal,tess_YAF,female,2.139469157041042,24414,2.0435,train
data/raw/tess/YAF_neutral/YAF_dab_neutral.wav,tess,neutral,normal,tess_YAF,female,2.0673793724911937,24414,2.0034375,train
data/raw/tess/YAF_neutral/YAF_date_neutral.wav,tess,neutral,normal,tess_YAF,female,2.0941672810682395,24414,2.048,train
data/raw/tess/YAF_neutral/YAF_dead_neutral.wav,tess,neutral,normal,tess_YAF,female,1.9427377734087,24414,1.81475,train
data/raw/tess/YAF_neutral/YAF_death_neutral.wav,tess,neutral,normal,tess_YAF,female,1.949537150815106,24414,1.76,train
data/raw/tess/YAF_neutral/YAF_deep_neutral.wav,tess,neutral,normal,tess_YAF,female,1.78266568362415,24414,1.7506875,train
data/raw/tess/YAF_neutral/YAF_dime_neutral.wav,tess,neutral,normal,tess_YAF,female,1.9795609076759235,24414,1.9475625,train
data/raw/tess/YAF_neutral/YAF_dip_neutral.wav,tess,neutral,normal,tess_YAF,female,2.098918653231752,24414,2.0029375,train
data/raw/tess/YAF_neutral/YAF_ditch_neutral.wav,tess,neutral,normal,tess_YAF,female,2.095150323584829,24414,2.0631875,train
data/raw/tess/YAF_neutral/YAF_dodge_neutral.wav,tess,neutral,normal,tess_YAF,female,2.176579012042271,24414,1.984,train
data/raw/tess/YAF_neutral/YAF_dog_neutral.wav,tess,neutral,normal,tess_YAF,female,2.203080199885312,24414,2.048,train
data/raw/tess/YAF_neutral/YAF_doll_neutral.wav,tess,neutral,normal,tess_YAF,female,1.9867289260260503,24414,1.79475,train
data/raw/tess/YAF_neutral/YAF_door_neutral.wav,tess,neutral,normal,tess_YAF,female,1.9481035471450807,24414,1.916125,train
data/raw/tess/YAF_neutral/YAF_fail_neutral.wav,tess,neutral,normal,tess_YAF,female,2.091832555091341,24414,2.027875,test
data/raw/tess/YAF_neutral/YAF_fall_neutral.wav,tess,neutral,normal,tess_YAF,female,2.00942082411731,24414,1.9774375,train
data/raw/tess/YAF_neutral/YAF_far_neutral.wav,tess,neutral,normal,tess_YAF,female,2.1567952813959206,24414,2.0928125,train
data/raw/tess/YAF_neutral/YAF_fat_neutral.wav,tess,neutral,normal,tess_YAF,female,2.1592528876873924,24414,2.048,train
data/raw/tess/YAF_neutral/YAF_fit_neutral.wav,tess,neutral,normal,tess_YAF,female,1.9696076021954616,24414,1.873625,train
data/raw/tess/YAF_neutral/YAF_five_neutral.wav,tess,neutral,normal,tess_YAF,female,2.2019742770541493,24414,1.984,train
data/raw/tess/YAF_neutral/YAF_food_neutral.wav,tess,neutral,normal,tess_YAF,female,1.9835749979519948,24414,1.855625,train
data/raw/tess/YAF_neutral/YAF_gap_neutral.wav,tess,neutral,normal,tess_YAF,female,1.9283198164987303,24414,1.928375,train
data/raw/tess/YAF_neutral/YAF_gas_neutral.wav,tess,neutral,normal,tess_YAF,female,2.2482591955435405,24414,2.016,train
data/raw/tess/YAF_neutral/YAF_gaze_neutral.wav,tess,neutral,normal,tess_YAF,female,2.2738592610797084,24414,2.176,train
data/raw/tess/YAF_neutral/YAF_germ_neutral.wav,tess,neutral,normal,tess_YAF,female,2.1751044482673874,24414,2.111125,train
data/raw/tess/YAF_neutral/YAF_get_neutral.wav,tess,neutral,normal,tess_YAF,female,1.8893257966740395,24414,1.792,val
data/raw/tess/YAF_neutral/YAF_gin_neutral.wav,tess,neutral,normal,tess_YAF,female,2.114196772343737,24414,2.08225,train
data/raw/tess/YAF_neutral/YAF_goal_neutral.wav,tess,neutral,normal,tess_YAF,female,2.2161874334398295,24414,2.1521875,test
data/raw/tess/YAF_neutral/YAF_good_neutral.wav,tess,neutral,normal,tess_YAF,female,2.062300319488818,24414,1.9983125,test
data/raw/tess/YAF_neutral/YAF_goose_neutral.wav,tess,neutral,normal,tess_YAF,female,2.0384205783566807,24414,2.016,train
data/raw/tess/YAF_neutral/YAF_gun_neutral.wav,tess,neutral,normal,tess_YAF,female,2.08839190628328,24414,2.0564375,train
data/raw/tess/YAF_neutral/YAF_half_neutral.wav,tess,neutral,normal,tess_YAF,female,2.1997214712869666,24414,1.92,test
data/raw/tess/YAF_neutral/YAF_hall_neutral.wav,tess,neutral,normal,tess_YAF,female,1.9780863439010403,24414,1.914125,train
data/raw/tess/YAF_neutral/YAF_hash_neutral.wav,tess,neutral,normal,tess_YAF,female,2.0200704513803553,24414,1.956125,val
data/raw/tess/YAF_neutral/YAF_hate_neutral.wav,tess,neutral,normal,tess_YAF,female,2.1701482755795856,24414,2.0741875,test
data/raw/tess/YAF_neutral/YAF_have_neutral.wav,tess,neutral,normal,tess_YAF,female,2.108011796510199,24414,2.016,train
data/raw/tess/YAF_neutral/YAF_haze_neutral.wav,tess,neutral,normal,tess_YAF,female,2.2946669943475055,24414,2.208,train
data/raw/tess/YAF_neutral/YAF_hire_neutral.wav,tess,neutral,normal,tess_YAF,female,2.04534283607766,24414,1.917375,train
data/raw/tess/YAF_neutral/YAF_hit_neutral.wav,tess,neutral,normal,tess_YAF,female,2.0851150978946507,24414,1.984,train
data/raw/tess/YAF_neutral/YAF_hole_neutral.wav,tess,neutral,normal,tess_YAF,female,2.1047759482264277,24414,2.0728125,train
data/raw/tess/YAF_neutral/YAF_home_neutral.wav,tess,neutral,normal,tess_YAF,female,2.027074629311051,24414,1.995125,test
data/raw/tess/YAF_neutral/YAF_hurl_neutral.wav,tess,neutral,normal,tess_YAF,female,2.082534611288605,24414,2.0505625,train
data/raw/tess/YAF_neutral/YAF_hush_neutral.wav,tess,neutral,normal,tess_YAF,female,2.249406078479561,24414,2.144,test
data/raw/tess/YAF_neutral/YAF_jail_neutral.wav,tess,neutral,normal,tess_YAF,female,2.1244777586630623,24414,2.0925,val
data/raw/tess/YAF_neutral/YAF_jar_neutral.wav,tess,neutral,normal,tess_YAF,female,2.0187597280249037,24414,1.9868125,test
data/raw/tess/YAF_neutral/YAF_join_neutral.wav,tess,neutral,normal,tess_YAF,female,2.1095273203899403,24414,2.0775625,train
data/raw/tess/YAF_neutral/YAF_judge_neutral.wav,tess,neutral,normal,tess_YAF,female,2.089661669533874,24414,1.984,train
data/raw/tess/YAF_neutral/YAF_jug_neutral.wav,tess,neutral,normal,tess_YAF,female,2.0002457606291473,24414,1.93625,val
data/raw/tess/YAF_neutral/YAF_juice_neutral.wav,tess,neutral,normal,tess_YAF,female,2.2969607602195463,24414,2.208,train
data/raw/tess/YAF_neutral/YAF_keen_neutral.wav,tess,neutral,normal,tess_YAF,female,2.0029900876546245,24414,1.907,train
data/raw/tess/YAF_neutral/YAF_keep_neutral.wav,tess,neutral,normal,tess_YAF,female,2.162488735971164,24414,2.1305,test
data/raw/tess/YAF_neutral/YAF_keg_neutral.wav,tess,neutral,normal,tess_YAF,female,1.9779225034816088,24414,1.9459375,train
data/raw/tess/YAF_neutral/YAF_kick_neutral.wav,tess,neutral,normal,tess_YAF,female,2.0322356025231425,24414,1.696,train
data/raw/tess/YAF_neutral/YAF_kill_neutral.wav,tess,neutral,normal,tess_YAF,female,2.000942082411731,24414,1.937,train
data/raw/tess/YAF_neutral/YAF_king_neutral.wav,tess,neutral,normal,tess_YAF,female,2.1560579995084788,24414,2.0920625,val
data/raw/tess/YAF_neutral/YAF_kite_neutral.wav,tess,neutral,normal,tess_YAF,female,2.0292045547636604,24414,1.952,train
data/raw/tess/YAF_neutral/YAF_knock_neutral.wav,tess,neutral,normal,tess_YAF,female,1.9506840337511264,24414,1.792,val
data/raw/tess/YAF_neutral/YAF_late_neutral.wav,tess,neutral,normal,tess_YAF,female,2.0817154091914474,24414,2.016,train
data/raw/tess/YAF_neutral/YAF_laud_neutral.wav,tess,neutral,normal,tess_YAF,female,2.032358482837716,24414,1.968375,val
data/raw/tess/YAF_neutral/YAF_lean_neutral.wav,tess,neutral,normal,tess_YAF,female,2.1113295650036865,24414,2.079375,train
data/raw/tess/YAF_neutral/YAF_learn_neutral.wav,tess,neutral,normal,tess_YAF,female,2.117350700417793,24414,2.085375,test
data/raw/tess/YAF_neutral/YAF_lease_neutral.wav,tess,neutral,normal,tess_YAF,female,2.1556483984599,24414,2.08,train
data/raw/tess/YAF_neutral/YAF_lid_neutral.wav,tess,neutral,normal,tess_YAF,female,2.0487015646760054,24414,1.952,train
data/raw/tess/YAF_neutral/YAF_life_neutral.wav,tess,neutral,normal,tess_YAF,female,2.1684689112804127,24414,1.92,train
data/raw/tess/YAF_neutral/YAF_limb_neutral.wav,tess,neutral,normal,tess_YAF,female,1.9549438846563447,24414,1.891,train
data/raw/tess/YAF_neutral/YAF_live_neutral.wav,tess,neutral,normal,tess_YAF,female,2.1093634799705088,24414,1.952,train
data/raw/tess/YAF_neutral/YAF_loaf_neutral.wav,tess,neutral,normal,tess_YAF,female,2.2445318260014746,24414,1.952,train
data/raw/tess/YAF_neutral/YAF_long_neutral.wav,tess,neutral,normal,tess_YAF,female,2.19120176947653,24414,2.09525,train
data/raw/tess/YAF_neutral/YAF_lore_neutral.wav,tess,neutral,normal,tess_YAF,female,2.0978536905054477,24414,2.065875,train
data/raw/tess/YAF_neutral/YAF_lose_neutral.wav,tess,neutral,normal,tess_YAF,female,2.0825755713934626,24414,2.018625,train
data/raw/tess/YAF_neutral/YAF_lot_neutral.wav,tess,neutral,normal,tess_YAF,female,2.0181453264520357,24414,1.952,train
data/raw/tess/YAF_neutral/YAF_love_neutral.wav,tess,neutral,normal,tess_YAF,female,1.9749324158269843,24414,1.92,test
data/raw/tess/YAF_neutral/YAF_luck_neutral.wav,tess,neutral,normal,tess_YAF,female,2.094658802326534,24414,1.824,test
data/raw/tess/YAF_neutral/YAF_make_neutral.wav,tess,neutral,normal,tess_YAF,female,2.110428442696813,24414,1.824,train
data/raw/tess/YAF_neutral/YAF_match_neutral.wav,tess,neutral,normal,tess_YAF,female,2.3112558368149423,24414,2.272,test
data/raw/tess/YAF_neutral/YAF_merge_neutral.wav,tess,neutral,normal,tess_YAF,female,2.254075530433358,24414,2.190125,train
data/raw/tess/YAF_neutral/YAF_mess_neutral.wav,tess,neutral,normal,tess_YAF,female,2.2019742770541493,24414,2.016,train
data/raw/tess/YAF_neutral/YAF_met_neutral.wav,tess,neutral,normal,tess_YAF,female,1.983001556483985,24414,1.9510625,test
data/raw/tess/YAF_neutral/YAF_mill_neutral.wav,tess,neutral,normal,tess_YAF,female,2.1013352994183667,24414,2.069375,train
data/raw/tess/YAF_neutral/YAF_mob_neutral.wav,tess,neutral,normal,tess_YAF,female,2.145408372245433,24414,2.048,train
data/raw/tess/YAF_neutral/YAF_mode_neutral.wav,tess,neutral,normal,tess_YAF,female,1.884205783566806,24414,1.85225,val
data/raw/tess/YAF_neutral/YAF_mood_neutral.wav,tess,neutral,normal,tess_YAF,female,2.1350454657163924,24414,2.048,train
data/raw/tess/YAF_neutral/YAF_moon_neutral.wav,tess,neutral,normal,tess_YAF,female,1.947898746620791,24414,1.9159375,test
data/raw/tess/YAF_neutral/YAF_mop_neutral.wav,tess,neutral,normal,tess_YAF,female,1.9518718767920047,24414,1.792,train
data/raw/tess/YAF_neutral/YAF_mouse_neutral.wav,tess,neutral,normal,tess_YAF,female,2.1439338084705497,24414,2.0799375,train
data/raw/tess/YAF_neutral/YAF_nag_neutral.wav,tess,neutral,normal,tess_YAF,female,1.9522814778405833,24414,1.824,test
data/raw/tess/YAF_neutral/YAF_name_neutral.wav,tess,neutral,normal,tess_YAF,female,2.1586384861145245,24414,2.0626875,test
data/raw/tess/YAF_neutral/YAF_near_neutral.wav,tess,neutral,normal,tess_YAF,female,2.205087245023347,24414,2.173125,test
data/raw/tess/YAF_neutral/YAF_neat_neutral.wav,tess,neutral,normal,tess_YAF,female,2.251986565085607,24414,2.208,train
data/raw/tess/YAF_neutral/YAF_nice_neutral.wav,tess,neutral,normal,tess_YAF,female,2.318874416318506,24414,2.176,train
data/raw/tess/YAF_neutral/YAF_note_neutral.wav,tess,neutral,normal,tess_YAF,female,2.170803637257311,24414,2.1068125,train
data/raw/tess/YAF_neutral/YAF_numb_neutral.wav,tess,neutral,normal,tess_YAF,female,2.1763742115179814,24414,2.112375,train
data/raw/tess/YAF_neutral/YAF_pad_neutral.wav,tess,neutral,normal,tess_YAF,female,2.2118456623248957,24414,2.147875,train
data/raw/tess/YAF_neutral/YAF_page_neutral.wav,tess,neutral,normal,tess_YAF,female,2.1007208978454983,24414,2.016,train
data/raw/tess/YAF_neutral/YAF_pain_neutral.wav,tess,neutral,normal,tess_YAF,female,2.102154501515524,24414,2.0381875,val
data/raw/tess/YAF_neutral/YAF_pass_neutral.wav,tess,neutral,normal,tess_YAF,female,2.260547227000901,24414,2.144,train
data/raw/tess/YAF_neutral/YAF_pearl_neutral.wav,tess,neutral,normal,tess_YAF,female,2.200376832964692,24414,2.1364375,train
data/raw/tess/YAF_neutral/YAF_peg_neutral.wav,tess,neutral,normal,tess_YAF,female,2.0425575489473253,24414,2.0425625,train
data/raw/tess/YAF_neutral/YAF_perch_neutral.wav,tess,neutral,normal,tess_YAF,female,2.20791349225854,24414,2.08,train
data/raw/tess/YAF_neutral/YAF_phone_neutral.wav,tess,neutral,normal,tess_YAF,female,2.152289669861555,24414,2.0883125,train
data/raw/tess/YAF_neutral/YAF_pick_neutral.wav,tess,neutral,normal,tess_YAF,female,2.197427705414926,24414,1.888,train
data/raw/tess/YAF_neutral/YAF_pike_neutral.wav,tess,neutral,normal,tess_YAF,female,2.25903170312116,24414,1.984,train
data/raw/tess/YAF_neutral/YAF_pole_neutral.wav,tess,neutral,normal,tess_YAF,female,2.142950765953961,24414,2.079,train
data/raw/tess/YAF_neutral/YAF_pool_neutral.wav,tess,neutral,normal,tess_YAF,female,1.8790857704595725,24414,1.879125,train
data/raw/tess/YAF_neutral/YAF_puff_neutral.wav,tess,neutral,normal,tess_YAF,female,2.032522323257147,24414,1.632,test
data/raw/tess/YAF_neutral/YAF_rag_neutral.wav,tess,neutral,normal,tess_YAF,female,1.81072335545179,24414,1.76,train
data/raw/tess/YAF_neutral/YAF_raid_neutral.wav,tess,neutral,normal,tess_YAF,female,1.885721307446547,24414,1.78975,train
data/raw/tess/YAF_neutral/YAF_rain_neutral.wav,tess,neutral,normal,tess_YAF,female,2.2566969771442613,24414,2.19275,train
data/raw/tess/YAF_neutral/YAF_raise_neutral.wav,tess,neutral,normal,tess_YAF,female,2.084091095273204,24414,2.016,val
data/raw/tess/YAF_neutral/YAF_rat_neutral.wav,tess,neutral,normal,tess_YAF,female,2.1267715245351027,24414,1.984,train
data/raw/tess/YAF_neutral/YAF_reach_neutral.wav,tess,neutral,normal,tess_YAF,female,2.0047513721635126,24414,1.952,train
data/raw/tess/YAF_neutral/YAF_read_neutral.wav,tess,neutral,normal,tess_YAF,female,2.122962234783321,24414,2.027,test
data/raw/tess/YAF_neutral/YAF_red_neutral.wav,tess,neutral,normal,tess_YAF,female,1.943679855820431,24414,1.8796875,train
data/raw/tess/YAF_neutral/YAF_ring_neutral.wav,tess,neutral,normal,tess_YAF,female,2.044810354714508,24414,1.9808125,train
data/raw/tess/YAF_neutral/YAF_ripe_neutral.wav,tess,neutral,normal,tess_YAF,female,1.8981322192184813,24414,1.8661875,train
data/raw/tess/YAF_neutral/YAF_road_neutral.wav,tess,neutral,normal,tess_YAF,female,2.159007127058245,24414,2.0950625,test
data/raw/tess/YAF_neutral/YAF_room_neutral.wav,tess,neutral,normal,tess_YAF,female,2.0917096747767676,24414,2.05975,train
data/raw/tess/YAF_neutral/YAF_rose_neutral.wav,tess,neutral,normal,tess_YAF,female,2.187720160563611,24414,2.15575,test
data/raw/tess/YAF_neutral/YAF_rot_neutral.wav,tess,neutral,normal,tess_YAF,female,2.1726468419759155,24414,2.112,test
data/raw/tess/YAF_neutral/YAF_rough_neutral.wav,tess,neutral,normal,tess_YAF,female,1.9578930122061111,24414,1.76,train
data/raw/tess/YAF_neutral/YAF_rush_neutral.wav,tess,neutral,normal,tess_YAF,female,2.255918735151962,24414,2.112,train
data/raw/tess/YAF_neutral/YAF_said_neutral.wav,tess,neutral,normal,tess_YAF,female,2.0533710166298027,24414,1.952,train
data/raw/tess/YAF_neutral/YAF_sail_neutral.wav,tess,neutral,normal,tess_YAF,female,2.017449004669452,24414,1.8895,test
data/raw/tess/YAF_neutral/YAF_search_neutral.wav,tess,neutral,normal,tess_YAF,female,2.1498730236749406,24414,1.984,train
data/raw/tess/YAF_neutral/YAF_seize_neutral.wav,tess,neutral,normal,tess_YAF,female,2.2628000327680837,24414,2.176,val
data/raw/tess/YAF_neutral/YAF_sell_neutral.wav,tess,neutral,normal,tess_YAF,female,1.7990906856721554,24414,1.735125,train
data/raw/tess/YAF_neutral/YAF_shack_neutral.wav,tess,neutral,normal,tess_YAF,female,2.17850413697059,24414,1.952,train
data/raw/tess/YAF_neutral/YAF_shall_neutral.wav,tess,neutral,normal,tess_YAF,female,2.1425411649053823,24414,2.0465625,train
data/raw/tess/YAF_neutral/YAF_shawl_neutral.wav,tess,neutral,normal,tess_YAF,female,2.2801261571229623,24414,2.2161875,train
data/raw/tess/YAF_neutral/YAF_sheep_neutral.wav,tess,neutral,normal,tess_YAF,female,2.14815269927091,24414,1.984,train
data/raw/tess/YAF_neutral/YAF_shirt_neutral.wav,tess,neutral,normal,tess_YAF,female,2.025927746375031,24414,1.9619375,train
data/raw/tess/YAF_neutral/YAF_should_neutral.wav,tess,neutral,normal,tess_YAF,female,1.956336528221512,24414,1.856,train
data/raw/tess/YAF_neutral/YAF_shout_neutral.wav,tess,neutral,normal,tess_YAF,female,1.912877856967314,24414,1.8809375,train
data/raw/tess/YAF_neutral/YAF_size_neutral.wav,tess,neutral,normal,tess_YAF,female,2.0814696485623,24414,1.952,train
data/raw/tess/YAF_neutral/YAF_soap_neutral.wav,tess,neutral,normal,tess_YAF,female,2.1058818710575897,24414,1.9139375,train
data/raw/tess/YAF_neutral/YAF_soup_neutral.wav,tess,neutral,normal,tess_YAF,female,2.1873515196198903,24414,1.76,train
data/raw/tess/YAF_neutral/YAF_sour_neutral.wav,tess,neutral,normal,tess_YAF,female,2.025804866060457,24414,1.9618125,train
data/raw/tess/YAF_neutral/YAF_south_neutral.wav,tess,neutral,normal,tess_YAF,female,2.206152207749652,24414,1.888,val
data/raw/tess/YAF_neutral/YAF_sub_neutral.wav,tess,neutral,normal,tess_YAF,female,1.9213565986728929,24414,1.889375,train
data/raw/tess/YAF_neutral/YAF_such_neutral.wav,tess,neutral,normal,tess_YAF,female,2.058900630785615,24414,1.888,test
data/raw/tess/YAF_neutral/YAF_sure_neutral.wav,tess,neutral,normal,tess_YAF,female,1.88047841402474,24414,1.8165,train
data/raw/tess/YAF_neutral/YAF_take_neutral.wav,tess,neutral,normal,tess_YAF,female,1.9186941918571312,24414,1.632,test
data/raw/tess/YAF_neutral/YAF_talk_neutral.wav,tess,neutral,normal,tess_YAF,female,2.151060866715819,24414,1.856,train
data/raw/tess/YAF_neutral/YAF_tape_neutral.wav,tess,neutral,normal,tess_YAF,female,2.0048742524780865,24414,1.940875,train
data/raw/tess/YAF_neutral/YAF_team_neutral.wav,tess,neutral,normal,tess_YAF,female,2.2230277709510937,24414,2.1590625,train
data/raw/tess/YAF_neutral/YAF_tell_neutral.wav,tess,neutral,normal,tess_YAF,female,2.252805767182764,24414,2.1888125,train
data/raw/tess/YAF_neutral/YAF_thin_neutral.wav,tess,neutral,normal,tess_YAF,female,2.206725649217662,24414,2.14275,train
data/raw/tess/YAF_neutral/YAF_third_neutral.wav,tess,neutral,normal,tess_YAF,female,1.8597116408618009,24414,1.82775,train
data/raw/tess/YAF_neutral/YAF_thought_neutral.wav,tess,neutral,normal,tess_YAF,female,2.1857131154255756,24414,1.952,train
data/raw/tess/YAF_neutral/YAF_thumb_neutral.wav,tess,neutral,normal,tess_YAF,female,2.11010076185795,24414,1.918125,train
data/raw/tess/YAF_neutral/YAF_time_neutral.wav,tess,neutral,normal,tess_YAF,female,2.1728516425002047,24414,2.044875,train
data/raw/tess/YAF_neutral/YAF_tip_neutral.wav,tess,neutral,normal,tess_YAF,female,2.006512656672401,24414,1.9425625,train
data/raw/tess/YAF_neutral/YAF_tire_neutral.wav,tess,neutral,normal,tess_YAF,female,2.0197018104366347,24414,1.85975,train
data/raw/tess/YAF_neutral/YAF_ton_neutral.wav,tess,neutral,normal,tess_YAF,female,2.1022773818300973,24414,2.0383125,test
data/raw/tess/YAF_neutral/YAF_tool_neutral.wav,tess,neutral,normal,tess_YAF,female,2.1355369869746865,24414,2.1035625,train
data/raw/tess/YAF_neutral/YAF_tough_neutral.wav,tess,neutral,normal,tess_YAF,female,1.9357335954780044,24414,1.696,train
data/raw/tess/YAF_neutral/YAF_turn_neutral.wav,tess,neutral,normal,tess_YAF,female,2.110510362906529,24414,2.0145625,val
data/raw/tess/YAF_neutral/YAF_vine_neutral.wav,tess,neutral,normal,tess_YAF,female,1.9941427050053249,24414,1.9621875,test
data/raw/tess/YAF_neutral/YAF_voice_neutral.wav,tess,neutral,normal,tess_YAF,female,2.3221102646022773,24414,2.176,val
data/raw/tess/YAF_neutral/YAF_void_neutral.wav,tess,neutral,normal,tess_YAF,female,2.197018104366347,24414,2.1010625,train
data/raw/tess/YAF_neutral/YAF_vote_neutral.wav,tess,neutral,normal,tess_YAF,female,2.094617842221676,24414,1.984,train
data/raw/tess/YAF_neutral/YAF_wag_neutral.wav,tess,neutral,normal,tess_YAF,female,2.122634553944458,24414,2.0266875,train
data/raw/tess/YAF_neutral/YAF_walk_neutral.wav,tess,neutral,normal,tess_YAF,female,2.2585811419677233,24414,1.92,train
data/raw/tess/YAF_neutral/YAF_wash_neutral.wav,tess,neutral,normal,tess_YAF,female,2.082452691078889,24414,1.888,test
data/raw/tess/YAF_neutral/YAF_week_neutral.wav,tess,neutral,normal,tess_YAF,female,2.011223068731056,24414,1.696,train
data/raw/tess/YAF_neutral/YAF_wheat_neutral.wav,tess,neutral,normal,tess_YAF,female,2.1393462767264686,24414,1.888,test
data/raw/tess/YAF_neutral/YAF_when_neutral.wav,tess,neutral,normal,tess_YAF,female,2.2287212255263373,24414,2.16475,train
data/raw/tess/YAF_neutral/YAF_which_neutral.wav,tess,neutral,normal,tess_YAF,female,2.0209715736872287,24414,1.984,train
data/raw/tess/YAF_neutral/YAF_whip_neutral.wav,tess,neutral,normal,tess_YAF,female,2.0670516916523307,24414,2.0670625,train
data/raw/tess/YAF_neutral/YAF_white_neutral.wav,tess,neutral,normal,tess_YAF,female,2.161300892930286,24414,2.016,val
data/raw/tess/YAF_neutral/YAF_wife_neutral.wav,tess,neutral,normal,tess_YAF,female,1.9272958138772835,24414,1.632,train
data/raw/tess/YAF_neutral/YAF_wire_neutral.wav,tess,neutral,normal,tess_YAF,female,2.228516425002048,24414,2.1005625,train
data/raw/tess/YAF_neutral/YAF_witch_neutral.wav,tess,neutral,normal,tess_YAF,female,2.1457770131891536,24414,2.112,train
data/raw/tess/YAF_neutral/YAF_yearn_neutral.wav,tess,neutral,normal,tess_YAF,female,1.8989923814204963,24414,1.835,train
data/raw/tess/YAF_neutral/YAF_yes_neutral.wav,tess,neutral,normal,tess_YAF,female,1.980093389039076,24414,1.728,test
data/raw/tess/YAF_neutral/YAF_young_neutral.wav,tess,neutral,normal,tess_YAF,female,2.028426312771361,24414,1.9964375,train
data/raw/tess/YAF_neutral/YAF_youth_neutral.wav,tess,neutral,normal,tess_YAF,female,2.153805193741296,24414,1.92,train
data/raw/tess/YAF_pleasant_surprised/YAF_back_ps.wav,tess,surprised,normal,tess_YAF,female,1.8500860162202015,24414,1.472,val
data/raw/tess/YAF_pleasant_surprised/YAF_bar_ps.wav,tess,surprised,normal,tess_YAF,female,1.7885639387236831,24414,1.568,test
data/raw/tess/YAF_pleasant_surprised/YAF_base_ps.wav,tess,surprised,normal,tess_YAF,female,1.988490210534939,24414,1.6,train
data/raw/tess/YAF_pleasant_surprised/YAF_bath_ps.wav,tess,surprised,normal,tess_YAF,female,1.976325059392152,24414,1.536,train
data/raw/tess/YAF_pleasant_surprised/YAF_bean_ps.wav,tess,surprised,normal,tess_YAF,female,2.2567379372491194,24414,1.856,test
data/raw/tess/YAF_pleasant_surprised/YAF_beg_ps.wav,tess,surprised,normal,tess_YAF,female,1.7847136888670434,24414,1.632,val
data/raw/tess/YAF_pleasant_surprised/YAF_bite_ps.wav,tess,surprised,normal,tess_YAF,female,1.8200212992545264,24414,1.8200625,train
data/raw/tess/YAF_pleasant_surprised/YAF_boat_ps.wav,tess,surprised,normal,tess_YAF,female,2.179364299172606,24414,1.952,train
data/raw/tess/YAF_pleasant_surprised/YAF_bone_ps.wav,tess,surprised,normal,tess_YAF,female,1.876423363643811,24414,1.6844375,test
data/raw/tess/YAF_pleasant_surprised/YAF_book_ps.wav,tess,surprised,normal,tess_YAF,female,1.841197673466044,24414,1.76,train
data/raw/tess/YAF_pleasant_surprised/YAF_bought_ps.wav,tess,surprised,normal,tess_YAF,female,1.9424100925698369,24414,1.728,train
data/raw/tess/YAF_pleasant_surprised/YAF_burn_ps.wav,tess,surprised,normal,tess_YAF,female,2.209142295404276,24414,1.824,train
data/raw/tess/YAF_pleasant_surprised/YAF_cab_ps.wav,tess,surprised,normal,tess_YAF,female,1.802285573851069,24414,1.632,train
data/raw/tess/YAF_pleasant_surprised/YAF_calm_ps.wav,tess,surprised,normal,tess_YAF,female,1.702097157368723,24414,1.670125,train
data/raw/tess/YAF_pleasant_surprised/YAF_came_ps.wav,tess,surprised,normal,tess_YAF,female,2.187556320144179,24414,1.92,train
data/raw/tess/YAF_pleasant_surprised/YAF_cause_ps.wav,tess,surprised,normal,tess_YAF,female,1.93966576554436,24414,1.568,train
data/raw/tess/YAF_pleasant_surprised/YAF_chain_ps.wav,tess,surprised,normal,tess_YAF,female,1.8869091504874256,24414,1.6949375,val
data/raw/tess/YAF_pleasant_surprised/YAF_chair_ps.wav,tess,surprised,normal,tess_YAF,female,1.8308757270418612,24414,1.7989375,train
data/raw/tess/YAF_pleasant_surprised/YAF_chalk_ps.wav,tess,surprised,normal,tess_YAF,female,2.290530023756861,24414,1.824,train
data/raw/tess/YAF_pleasant_surprised/YAF_chat_ps.wav,tess,surprised,normal,tess_YAF,female,1.9209879577291715,24414,1.728,test
data/raw/tess/YAF_pleasant_surprised/YAF_check_ps.wav,tess,surprised,normal,tess_YAF,female,1.948717948717949,24414,1.504,val
data/raw/tess/YAF_pleasant_surprised/YAF_cheek_ps.wav,tess,surprised,normal,tess_YAF,female,1.8362824608831,24414,1.44,train
data/raw/tess/YAF_pleasant_surprised/YAF_chief_ps.wav,tess,surprised,normal,tess_YAF,female,1.9254526091586792,24414,1.664,train
data/raw/tess/YAF_pleasant_surprised/YAF_choice_ps.wav,tess,surprised,normal,tess_YAF,female,2.4191037929057098,24414,1.856,train
data/raw/tess/YAF_pleasant_surprised/YAF_cool_ps.wav,tess,surprised,normal,tess_YAF,female,1.8721635127385927,24414,1.76,train
data/raw/tess/YAF_pleasant_surprised/YAF_dab_ps.wav,tess,surprised,normal,tess_YAF,female,1.82378962890145,24414,1.76,train
data/raw/tess/YAF_pleasant_surprised/YAF_date_ps.wav,tess,surprised,normal,tess_YAF,female,1.8501679364299173,24414,1.6581875,train
data/raw/tess/YAF_pleasant_surprised/YAF_dead_ps.wav,tess,surprised,normal,tess_YAF,female,1.8391496682231507,24414,1.7751875,train
data/raw/tess/YAF_pleasant_surprised/YAF_death_ps.wav,tess,surprised,normal,tess_YAF,female,2.3942410092569837,24414,2.13825,val
data/raw/tess/YAF_pleasant_surprised/YAF_deep_ps.wav,tess,surprised,normal,tess_YAF,female,1.9275415745064308,24414,1.728,train
data/raw/tess/YAF_pleasant_surprised/YAF_dime_ps.wav,tess,surprised,normal,tess_YAF,female,2.3339067748013433,24414,2.016,train
data/raw/tess/YAF_pleasant_surprised/YAF_dip_ps.wav,tess,surprised,normal,tess_YAF,female,1.9603915786024413,24414,1.7364375,train
data/raw/tess/YAF_pleasant_surprised/YAF_ditch_ps.wav,tess,surprised,normal,tess_YAF,female,1.9543704431883344,24414,1.92,train
data/raw/tess/YAF_pleasant_surprised/YAF_dodge_ps.wav,tess,surprised,normal,tess_YAF,female,1.895387892193004,24414,1.824,train
data/raw/tess/YAF_pleasant_surprised/YAF_dog_ps.wav,tess,surprised,normal,tess_YAF,female,1.8332514131236175,24414,1.6093125,train
data/raw/tess/YAF_pleasant_surprised/YAF_doll_ps.wav,tess,surprised,normal,tess_YAF,female,1.8364053411976735,24414,1.6444375,test
data/raw/tess/YAF_pleasant_surprised/YAF_door_ps.wav,tess,surprised,normal,tess_YAF,female,2.454575243712624,24414,2.048,train
data/raw/tess/YAF_pleasant_surprised/YAF_fail_ps.wav,tess,surprised,normal,tess_YAF,female,1.8783894486769883,24414,1.8464375,train
data/raw/tess/YAF_pleasant_surprised/YAF_fall_ps.wav,tess,surprised,normal,tess_YAF,female,2.309453592201196,24414,1.856,test
data/raw/tess/YAF_pleasant_surprised/YAF_far_ps.wav,tess,surprised,normal,tess_YAF,female,1.8819120176947652,24414,1.8499375,train
data/raw/tess/YAF_pleasant_surprised/YAF_fat_ps.wav,tess,surprised,normal,tess_YAF,female,2.353977226181699,24414,1.856,train
data/raw/tess/YAF_pleasant_surprised/YAF_fit_ps.wav,tess,surprised,normal,tess_YAF,female,1.9264356516752683,24414,1.728,train
data/raw/tess/YAF_pleasant_surprised/YAF_five_ps.wav,tess,surprised,normal,tess_YAF,female,1.9145981813713444,24414,1.632,train
data/raw/tess/YAF_pleasant_surprised/YAF_food_ps.wav,tess,surprised,normal,tess_YAF,female,1.8295650036864095,24414,1.637625,val
data/raw/tess/YAF_pleasant_surprised/YAF_gap_ps.wav,tess,surprised,normal,tess_YAF,female,2.342672237240927,24414,1.856,train
data/raw/tess/YAF_pleasant_surprised/YAF_gas_ps.wav,tess,surprised,normal,tess_YAF,female,2.065495207667732,24414,1.6,test
data/raw/tess/YAF_pleasant_surprised/YAF_gaze_ps.wav,tess,surprised,normal,tess_YAF,female,2.0223232571475385,24414,1.792,train
data/raw/tess/YAF_pleasant_surprised/YAF_germ_ps.wav,tess,surprised,normal,tess_YAF,female,1.815966248873597,24414,1.752,train
data/raw/tess/YAF_pleasant_surprised/YAF_get_ps.wav,tess,surprised,normal,tess_YAF,female,1.933972310969116,24414,1.902,train
data/raw/tess/YAF_pleasant_surprised/YAF_gin_ps.wav,tess,surprised,normal,tess_YAF,female,1.8151060866715816,24414,1.783125,val
data/raw/tess/YAF_pleasant_surprised/YAF_goal_ps.wav,tess,surprised,normal,tess_YAF,female,1.770828213320226,24414,1.728,train
data/raw/tess/YAF_pleasant_surprised/YAF_good_ps.wav,tess,surprised,normal,tess_YAF,female,1.8665110182682068,24414,1.6425625,train
data/raw/tess/YAF_pleasant_surprised/YAF_goose_ps.wav,tess,surprised,normal,tess_YAF,female,2.2821332022609977,24414,1.76,train
data/raw/tess/YAF_pleasant_surprised/YAF_gun_ps.wav,tess,surprised,normal,tess_YAF,female,1.8106004751372164,24414,1.778625,train
data/raw/tess/YAF_pleasant_surprised/YAF_half_ps.wav,tess,surprised,normal,tess_YAF,female,1.91218153518473,24414,1.632,train
data/raw/tess/YAF_pleasant_surprised/YAF_hall_ps.wav,tess,surprised,normal,tess_YAF,female,1.7593184238551651,24414,1.695375,train
data/raw/tess/YAF_pleasant_surprised/YAF_hash_ps.wav,tess,surprised,normal,tess_YAF,female,2.3734332759891865,24414,2.048,test
data/raw/tess/YAF_pleasant_surprised/YAF_hate_ps.wav,tess,surprised,normal,tess_YAF,female,1.903170312115999,24414,1.888,train
data/raw/tess/YAF_pleasant_surprised/YAF_have_ps.wav,tess,surprised,normal,tess_YAF,female,1.822192184811993,24414,1.696,test
data/raw/tess/YAF_pleasant_surprised/YAF_haze_ps.wav,tess,surprised,normal,tess_YAF,female,1.918776112066847,24414,1.792,test
data/raw/tess/YAF_pleasant_surprised/YAF_hire_ps.wav,tess,surprised,normal,tess_YAF,female,1.7595232243794543,24414,1.5675625,train
data/raw/tess/YAF_pleasant_surprised/YAF_hit_ps.wav,tess,surprised,normal,tess_YAF,female,1.8214139428196936,24414,1.6294375,train
data/raw/tess/YAF_pleasant_surprised/YAF_hole_ps.wav,tess,surprised,normal,tess_YAF,female,1.7205292045547638,24414,1.6565625,val
data/raw/tess/YAF_pleasant_surprised/YAF_home_ps.wav,tess,surprised,normal,tess_YAF,female,2.1352912263455393,24414,1.9113125,train
data/raw/tess/YAF_pleasant_surprised/YAF_hurl_ps.wav,tess,surprised,normal,tess_YAF,female,2.162693536495454,24414,1.90675,val
data/raw/tess/YAF_pleasant_surprised/YAF_hush_ps.wav,tess,surprised,normal,tess_YAF,female,1.8094126320963384,24414,1.6494375,train
data/raw/tess/YAF_pleasant_surprised/YAF_jail_ps.wav,tess,surprised,normal,tess_YAF,female,2.3861718685999835,24414,2.0661875,val
data/raw/tess/YAF_pleasant_surprised/YAF_jar_ps.wav,tess,surprised,normal,tess_YAF,female,2.2816007208978455,24414,2.025625,val
data/raw/tess/YAF_pleasant_surprised/YAF_join_ps.wav,tess,surprised,normal,tess_YAF,female,1.8896534775129024,24414,1.696,val
data/raw/tess/YAF_pleasant_surprised/YAF_judge_ps.wav,tess,surprised,normal,tess_YAF,female,2.0511591709674777,24414,1.76,train
data/raw/tess/YAF_pleasant_surprised/YAF_jug_ps.wav,tess,surprised,normal,tess_YAF,female,1.8981322192184813,24414,1.6,train
data/raw/tess/YAF_pleasant_surprised/YAF_juice_ps.wav,tess,surprised,normal,tess_YAF,female,2.029900876546244,24414,1.792,train
data/raw/tess/YAF_pleasant_surprised/YAF_keen_ps.wav,tess,surprised,normal,tess_YAF,female,2.3227656262800034,24414,2.112,test
data/raw/tess/YAF_pleasant_surprised/YAF_keep_ps.wav,tess,surprised,normal,tess_YAF,female,1.909723928893258,24414,1.90975,train
data/raw/tess/YAF_pleasant_surprised/YAF_keg_ps.wav,tess,surprised,normal,tess_YAF,female,1.7809453592201197,24414,1.536,train
data/raw/tess/YAF_pleasant_surprised/YAF_kick_ps.wav,tess,surprised,normal,tess_YAF,female,1.9721061685917916,24414,1.888,train
data/raw/tess/YAF_pleasant_surprised/YAF_kill_ps.wav,tess,surprised,normal,tess_YAF,female,1.7965921192758254,24414,1.796625,train
data/raw/tess/YAF_pleasant_surprised/YAF_king_ps.wav,tess,surprised,normal,tess_YAF,female,2.3217006635536985,24414,1.984,train
data/raw/tess/YAF_pleasant_surprised/YAF_kite_ps.wav,tess,surprised,normal,tess_YAF,female,2.2778323912509215,24414,1.984,test
data/raw/tess/YAF_pleasant_surprised/YAF_knock_ps.wav,tess,surprised,normal,tess_YAF,female,2.308306709265176,24414,1.824,train
data/raw/tess/YAF_pleasant_surprised/YAF_late_ps.wav,tess,surprised,normal,tess_YAF,female,1.9270500532481365,24414,1.7030625,train
data/raw/tess/YAF_pleasant_surprised/YAF_laud_ps.wav,tess,surprised,normal,tess_YAF,female,2.333046612599328,24414,2.0130625,train
data/raw/tess/YAF_pleasant_surprised/YAF_lean_ps.wav,tess,surprised,normal,tess_YAF,female,1.8519292209388056,24414,1.6279375,train
data/raw/tess/YAF_pleasant_surprised/YAF_learn_ps.wav,tess,surprised,normal,tess_YAF,female,1.701441795690997,24414,1.5415,train
data/raw/tess/YAF_pleasant_surprised/YAF_lease_ps.wav,tess,surprised,normal,tess_YAF,female,1.9200868354222984,24414,1.76,train
data/raw/tess/YAF_pleasant_surprised/YAF_lid_ps.wav,tess,surprised,normal,tess_YAF,female,1.710821659703449,24414,1.646875,train
data/raw/tess/YAF_pleasant_surprised/YAF_life_ps.wav,tess,surprised,normal,tess_YAF,female,1.9644056688785123,24414,1.632,train
data/raw/tess/YAF_pleasant_surprised/YAF_limb_ps.wav,tess,surprised,normal,tess_YAF,female,2.214467109035799,24414,1.984,train
data/raw/tess/YAF_pleasant_surprised/YAF_live_ps.wav,tess,surprised,normal,tess_YAF,female,1.7363398050299008,24414,1.6,train
data/raw/tess/YAF_pleasant_surprised/YAF_loaf_ps.wav,tess,surprised,normal,tess_YAF,female,1.839968870320308,24414,1.696,train
data/raw/tess/YAF_pleasant_surprised/YAF_long_ps.wav,tess,surprised,normal,tess_YAF,female,1.919759154583436,24414,1.824,test
data/raw/tess/YAF_pleasant_surprised/YAF_lore_ps.wav,tess,surprised,normal,tess_YAF,female,1.7648480380109772,24414,1.664,train
data/raw/tess/YAF_pleasant_surprised/YAF_lose_ps.wav,tess,surprised,normal,tess_YAF,female,1.968952240517736,24414,1.536,train
data/raw/tess/YAF_pleasant_surprised/YAF_lot_ps.wav,tess,surprised,normal,tess_YAF,female,2.2445318260014746,24414,2.016,train
data/raw/tess/YAF_pleasant_surprised/YAF_love_ps.wav,tess,surprised,normal,tess_YAF,female,2.3604489227492422,24414,1.92,train
data/raw/tess/YAF_pleasant_surprised/YAF_luck_ps.wav,tess,surprised,normal,tess_YAF,female,1.9544523633980504,24414,1.6,val
data/raw/tess/YAF_pleasant_surprised/YAF_make_ps.wav,tess,surprised,normal,tess_YAF,female,1.8730646350454656,24414,1.6,train
data/raw/tess/YAF_pleasant_surprised/YAF_match_ps.wav,tess,surprised,normal,tess_YAF,female,1.87240927336774,24414,1.7764375,train
data/raw/tess/YAF_pleasant_surprised/YAF_merge_ps.wav,tess,surprised,normal,tess_YAF,female,1.843450479233227,24414,1.7475,train
data/raw/tess/YAF_pleasant_surprised/YAF_mess_ps.wav,tess,surprised,normal,tess_YAF,female,1.9049315966248872,24414,1.472,train
data/raw/tess/YAF_pleasant_surprised/YAF_met_ps.wav,tess,surprised,normal,tess_YAF,female,2.1525763905955597,24414,1.92,val
data/raw/tess/YAF_pleasant_surprised/YAF_mill_ps.wav,tess,surprised,normal,tess_YAF,female,1.68120750389121,24414,1.664,train
data/raw/tess/YAF_pleasant_surprised/YAF_mob_ps.wav,tess,surprised,normal,tess_YAF,female,1.854263946915704,24414,1.632,val
data/raw/tess/YAF_pleasant_surprised/YAF_mode_ps.wav,tess,surprised,normal,tess_YAF,female,2.1538461538461537,24414,1.856,test
data/raw/tess/YAF_pleasant_surprised/YAF_mood_ps.wav,tess,surprised,normal,tess_YAF,female,1.82628819529778,24414,1.6023125,train
data/raw/tess/YAF_pleasant_surprised/YAF_moon_ps.wav,tess,surprised,normal,tess_YAF,female,2.3130580814286885,24414,1.952,val
data/raw/tess/YAF_pleasant_surprised/YAF_mop_ps.wav,tess,surprised,normal,tess_YAF,female,1.9074711231260753,24414,1.7155,train
data/raw/tess/YAF_pleasant_surprised/YAF_mouse_ps.wav,tess,surprised,normal,tess_YAF,female,1.970754485131482,24414,1.664,train
data/raw/tess/YAF_pleasant_surprised/YAF_nag_ps.wav,tess,surprised,normal,tess_YAF,female,2.2377324485950685,24414,1.984,train
data/raw/tess/YAF_pleasant_surprised/YAF_name_ps.wav,tess,surprised,normal,tess_YAF,female,1.6962808224789054,24414,1.696,test
data/raw/tess/YAF_pleasant_surprised/YAF_near_ps.wav,tess,surprised,normal,tess_YAF,female,1.9073072827066435,24414,1.8433125,train
data/raw/tess/YAF_pleasant_surprised/YAF_neat_ps.wav,tess,surprised,normal,tess_YAF,female,1.834398296059638,24414,1.632,train
data/raw/tess/YAF_pleasant_surprised/YAF_nice_ps.wav,tess,surprised,normal,tess_YAF,female,1.8697059064471204,24414,1.664,test
data/raw/tess/YAF_pleasant_surprised/YAF_note_ps.wav,tess,surprised,normal,tess_YAF,female,1.8129352011141149,24414,1.6529375,train
data/raw/tess/YAF_pleasant_surprised/YAF_numb_ps.wav,tess,surprised,normal,tess_YAF,female,1.650036864094372,24414,1.6,train
data/raw/tess/YAF_pleasant_surprised/YAF_pad_ps.wav,tess,surprised,normal,tess_YAF,female,1.864544933235029,24414,1.6,train
data/raw/tess/YAF_pleasant_surprised/YAF_page_ps.wav,tess,surprised,normal,tess_YAF,female,2.25960514458917,24414,2.08,train
data/raw/tess/YAF_pleasant_surprised/YAF_pain_ps.wav,tess,surprised,normal,tess_YAF,female,1.9424920127795529,24414,1.6865,train
data/raw/tess/YAF_pleasant_surprised/YAF_pass_ps.wav,tess,surprised,normal,tess_YAF,female,2.0290816744490865,24414,1.632,train
data/raw/tess/YAF_pleasant_surprised/YAF_pearl_ps.wav,tess,surprised,normal,tess_YAF,female,1.8688047841402473,24414,1.8048125,train
data/raw/tess/YAF_pleasant_surprised/YAF_peg_ps.wav,tess,surprised,normal,tess_YAF,female,1.875768001966085,24414,1.6,val
data/raw/tess/YAF_pleasant_surprised/YAF_perch_ps.wav,tess,surprised,normal,tess_YAF,female,2.14565413287458,24414,1.792,val
data/raw/tess/YAF_pleasant_surprised/YAF_phone_ps.wav,tess,surprised,normal,tess_YAF,female,1.7077496518391089,24414,1.70775,train
data/raw/tess/YAF_pleasant_surprised/YAF_pick_ps.wav,tess,surprised,normal,tess_YAF,female,1.804456459408536,24414,1.6,train
data/raw/tess/YAF_pleasant_surprised/YAF_pike_ps.wav,tess,surprised,normal,tess_YAF,female,1.919390513639715,24414,1.536,train
data/raw/tess/YAF_pleasant_surprised/YAF_pole_ps.wav,tess,surprised,normal,tess_YAF,female,1.6605226509379865,24414,1.5325625,train
data/raw/tess/YAF_pleasant_surprised/YAF_pool_ps.wav,tess,surprised,normal,tess_YAF,female,2.071434422872122,24414,2.0714375,train
data/raw/tess/YAF_pleasant_surprised/YAF_puff_ps.wav,tess,surprised,normal,tess_YAF,female,2.211722782010322,24414,1.696,train
data/raw/tess/YAF_pleasant_surprised/YAF_rag_ps.wav,tess,surprised,normal,tess_YAF,female,2.157204882444499,24414,1.824,train
data/raw/tess/YAF_pleasant_surprised/YAF_raid_ps.wav,tess,surprised,normal,tess_YAF,female,2.007208978454985,24414,1.728,train
data/raw/tess/YAF_pleasant_surprised/YAF_rain_ps.wav,tess,surprised,normal,tess_YAF,female,1.7550585729499468,24414,1.7550625,test
data/raw/tess/YAF_pleasant_surprised/YAF_raise_ps.wav,tess,surprised,normal,tess_YAF,female,2.3338658146964857,24414,2.016,test
data/raw/tess/YAF_pleasant_surprised/YAF_rat_ps.wav,tess,surprised,normal,tess_YAF,female,1.7940116326697797,24414,1.568,train
data/raw/tess/YAF_pleasant_surprised/YAF_reach_ps.wav,tess,surprised,normal,tess_YAF,female,2.234209879577292,24414,1.952,train
data/raw/tess/YAF_pleasant_surprised/YAF_read_ps.wav,tess,surprised,normal,tess_YAF,female,1.7193823216187434,24414,1.632,train
data/raw/tess/YAF_pleasant_surprised/YAF_red_ps.wav,tess,surprised,normal,tess_YAF,female,1.8598345211763745,24414,1.632,val
data/raw/tess/YAF_pleasant_surprised/YAF_ring_ps.wav,tess,surprised,normal,tess_YAF,female,1.752150405505038,24414,1.5601875,train
data/raw/tess/YAF_pleasant_surprised/YAF_ripe_ps.wav,tess,surprised,normal,tess_YAF,female,1.8744163185057752,24414,1.7144375,train
data/raw/tess/YAF_pleasant_surprised/YAF_road_ps.wav,tess,surprised,normal,tess_YAF,female,1.7494470385844187,24414,1.6535,train
data/raw/tess/YAF_pleasant_surprised/YAF_room_ps.wav,tess,surprised,normal,tess_YAF,female,1.8115015974440896,24414,1.8115625,train
data/raw/tess/YAF_pleasant_surprised/YAF_rose_ps.wav,tess,surprised,normal,tess_YAF,female,2.05668878512329,24414,1.696,val
data/raw/tess/YAF_pleasant_surprised/YAF_rot_ps.wav,tess,surprised,normal,tess_YAF,female,1.7812320799541246,24414,1.6,test
data/raw/tess/YAF_pleasant_surprised/YAF_rough_ps.wav,tess,surprised,normal,tess_YAF,female,2.032809043991153,24414,1.632,train
data/raw/tess/YAF_pleasant_surprised/YAF_rush_ps.wav,tess,surprised,normal,tess_YAF,female,1.9616203817481772,24414,1.728,test
data/raw/tess/YAF_pleasant_surprised/YAF_said_ps.wav,tess,surprised,normal,tess_YAF,female,1.8077332677971656,24414,1.536,train
data/raw/tess/YAF_pleasant_surprised/YAF_sail_ps.wav,tess,surprised,normal,tess_YAF,female,1.9855001228803144,24414,1.9215625,test
data/raw/tess/YAF_pleasant_surprised/YAF_search_ps.wav,tess,surprised,normal,tess_YAF,female,2.030474318014254,24414,1.952,train
data/raw/tess/YAF_pleasant_surprised/YAF_seize_ps.wav,tess,surprised,normal,tess_YAF,female,1.9861145244531824,24414,1.632,test
data/raw/tess/YAF_pleasant_surprised/YAF_sell_ps.wav,tess,surprised,normal,tess_YAF,female,2.066846891128041,24414,1.810875,val
data/raw/tess/YAF_pleasant_surprised/YAF_shack_ps.wav,tess,surprised,normal,tess_YAF,female,1.8062587040222824,24414,1.632,train
data/raw/tess/YAF_pleasant_surprised/YAF_shall_ps.wav,tess,surprised,normal,tess_YAF,female,1.814450724993856,24414,1.6225,train
data/raw/tess/YAF_pleasant_surprised/YAF_shawl_ps.wav,tess,surprised,normal,tess_YAF,female,1.8792905709838617,24414,1.6873125,train
data/raw/tess/YAF_pleasant_surprised/YAF_sheep_ps.wav,tess,surprised,normal,tess_YAF,female,1.923609404440075,24414,1.76,train
data/raw/tess/YAF_pleasant_surprised/YAF_shirt_ps.wav,tess,surprised,normal,tess_YAF,female,2.0276480707790614,24414,1.9636875,test
data/raw/tess/YAF_pleasant_surprised/YAF_should_ps.wav,tess,surprised,normal,tess_YAF,female,1.8624969279921355,24414,1.7985,train
data/raw/tess/YAF_pleasant_surprised/YAF_shout_ps.wav,tess,surprised,normal,tess_YAF,female,2.3742934381912018,24414,2.048,train
data/raw/tess/YAF_pleasant_surprised/YAF_size_ps.wav,tess,surprised,normal,tess_YAF,female,2.4507249938559843,24414,1.92,train
data/raw/tess/YAF_pleasant_surprised/YAF_soap_ps.wav,tess,surprised,normal,tess_YAF,female,1.9541656426640452,24414,1.6661875,train
data/raw/tess/YAF_pleasant_surprised/YAF_soup_ps.wav,tess,surprised,normal,tess_YAF,female,1.9846399606782992,24414,1.792,train
data/raw/tess/YAF_pleasant_surprised/YAF_sour_ps.wav,tess,surprised,normal,tess_YAF,female,1.9075940034406489,24414,1.683625,test
data/raw/tess/YAF_pleasant_surprised/YAF_south_ps.wav,tess,surprised,normal,tess_YAF,female,1.959203735561563,24414,1.568,val
data/raw/tess/YAF_pleasant_surprised/YAF_sub_ps.wav,tess,surprised,normal,tess_YAF,female,2.215532071762104,24414,1.984,train
data/raw/tess/YAF_pleasant_surprised/YAF_such_ps.wav,tess,surprised,normal,tess_YAF,female,1.9879986892766448,24414,1.888,train
data/raw/tess/YAF_pleasant_surprised/YAF_sure_ps.wav,tess,surprised,normal,tess_YAF,female,2.2311378717129515,24414,1.888,train
data/raw/tess/YAF_pleasant_surprised/YAF_take_ps.wav,tess,surprised,normal,tess_YAF,female,2.373924797247481,24414,1.824,train
data/raw/tess/YAF_pleasant_surprised/YAF_talk_ps.wav,tess,surprised,normal,tess_YAF,female,1.9873023674940609,24414,1.76,train
data/raw/tess/YAF_pleasant_surprised/YAF_tape_ps.wav,tess,surprised,normal,tess_YAF,female,1.9761202588678628,24414,1.880125,train
data/raw/tess/YAF_pleasant_surprised/YAF_team_ps.wav,tess,surprised,normal,tess_YAF,female,1.8797411321372983,24414,1.664,train
data/raw/tess/YAF_pleasant_surprised/YAF_tell_ps.wav,tess,surprised,normal,tess_YAF,female,1.8744163185057752,24414,1.6824375,train
data/raw/tess/YAF_pleasant_surprised/YAF_thin_ps.wav,tess,surprised,normal,tess_YAF,female,1.8729007946260343,24414,1.7769375,train
data/raw/tess/YAF_pleasant_surprised/YAF_third_ps.wav,tess,surprised,normal,tess_YAF,female,2.3420168755632016,24414,1.92,train
data/raw/tess/YAF_pleasant_surprised/YAF_thought_ps.wav,tess,surprised,normal,tess_YAF,female,1.908126484803801,24414,1.504,train
data/raw/tess/YAF_pleasant_surprised/YAF_thumb_ps.wav,tess,surprised,normal,tess_YAF,female,1.8785123289915624,24414,1.8465625,train
data/raw/tess/YAF_pleasant_surprised/YAF_time_ps.wav,tess,surprised,normal,tess_YAF,female,1.952363398050299,24414,1.856375,train
data/raw/tess/YAF_pleasant_surprised/YAF_tip_ps.wav,tess,surprised,normal,tess_YAF,female,2.23232571475383,24414,2.008375,val
data/raw/tess/YAF_pleasant_surprised/YAF_tire_ps.wav,tess,surprised,normal,tess_YAF,female,1.9102154501515525,24414,1.87825,test
data/raw/tess/YAF_pleasant_surprised/YAF_ton_ps.wav,tess,surprised,normal,tess_YAF,female,1.7916359465880232,24414,1.7276875,test
data/raw/tess/YAF_pleasant_surprised/YAF_tool_ps.wav,tess,surprised,normal,tess_YAF,female,1.7164741541738346,24414,1.6205,train
data/raw/tess/YAF_pleasant_surprised/YAF_tough_ps.wav,tess,surprised,normal,tess_YAF,female,2.2893831408208407,24414,1.888,test
data/raw/tess/YAF_pleasant_surprised/YAF_turn_ps.wav,tess,surprised,normal,tess_YAF,female,1.7473990333415257,24414,1.5874375,val
data/raw/tess/YAF_pleasant_surprised/YAF_vine_ps.wav,tess,surprised,normal,tess_YAF,female,2.4500286720734006,24414,2.08,train
data/raw/tess/YAF_pleasant_surprised/YAF_voice_ps.wav,tess,surprised,normal,tess_YAF,female,1.9008355861391004,24414,1.536,train
data/raw/tess/YAF_pleasant_surprised/YAF_void_ps.wav,tess,surprised,normal,tess_YAF,female,1.828049479806668,24414,1.728,test
data/raw/tess/YAF_pleasant_surprised/YAF_vote_ps.wav,tess,surprised,normal,tess_YAF,female,2.015360039321701,24414,1.728,val
data/raw/tess/YAF_pleasant_surprised/YAF_wag_ps.wav,tess,surprised,normal,tess_YAF,female,1.805685262554272,24414,1.536,test
data/raw/tess/YAF_pleasant_surprised/YAF_walk_ps.wav,tess,surprised,normal,tess_YAF,female,1.918653231752273,24414,1.664,train
data/raw/tess/YAF_pleasant_surprised/YAF_wash_ps.wav,tess,surprised,normal,tess_YAF,female,2.0136397149176704,24414,1.76,train
data/raw/tess/YAF_pleasant_surprised/YAF_week_ps.wav,tess,surprised,normal,tess_YAF,female,2.3574588350946177,24414,1.76,train
data/raw/tess/YAF_pleasant_surprised/YAF_wheat_ps.wav,tess,surprised,normal,tess_YAF,female,1.8618825264192675,24414,1.632,test
data/raw/tess/YAF_pleasant_surprised/YAF_when_ps.wav,tess,surprised,normal,tess_YAF,female,1.881707217170476,24414,1.62575,val
data/raw/tess/YAF_pleasant_surprised/YAF_which_ps.wav,tess,surprised,normal,tess_YAF,female,2.3027361350045057,24414,1.984,train
data/raw/tess/YAF_pleasant_surprised/YAF_whip_ps.wav,tess,surprised,normal,tess_YAF,female,2.0377652166789546,24414,1.8458125,train
data/raw/tess/YAF_pleasant_surprised/YAF_white_ps.wav,tess,surprised,normal,tess_YAF,female,1.7940935528794957,24414,1.6,val
data/raw/tess/YAF_pleasant_surprised/YAF_wife_ps.wav,tess,surprised,normal,tess_YAF,female,1.944908658966167,24414,1.504,train
data/raw/tess/YAF_pleasant_surprised/YAF_wire_ps.wav,tess,surprised,normal,tess_YAF,female,1.922462521504055,24414,1.6985,train
data/raw/tess/YAF_pleasant_surprised/YAF_witch_ps.wav,tess,surprised,normal,tess_YAF,female,1.841648234619481,24414,1.632,train
data/raw/tess/YAF_pleasant_surprised/YAF_yearn_ps.wav,tess,surprised,normal,tess_YAF,female,1.9169738674531007,24414,1.885,train
data/raw/tess/YAF_pleasant_surprised/YAF_yes_ps.wav,tess,surprised,normal,tess_YAF,female,2.297616121897272,24414,1.792,train
data/raw/tess/YAF_pleasant_surprised/YAF_young_ps.wav,tess,surprised,normal,tess_YAF,female,1.7859424920127795,24414,1.664,train
data/raw/tess/YAF_pleasant_surprised/YAF_youth_ps.wav,tess,surprised,normal,tess_YAF,female,1.7759482264274598,24414,1.504,test
data/raw/tess/YAF_sad/YAF_back_sad.wav,tess,sad,normal,tess_YAF,female,2.144712050462849,24414,1.888,test
data/raw/tess/YAF_sad/YAF_bar_sad.wav,tess,sad,normal,tess_YAF,female,2.190792168427951,24414,2.016,train
data/raw/tess/YAF_sad/YAF_base_sad.wav,tess,sad,normal,tess_YAF,female,2.286106332432211,24414,2.144,train
data/raw/tess/YAF_sad/YAF_bath_sad.wav,tess,sad,normal,tess_YAF,female,2.2973703612681247,24414,2.08,train
data/raw/tess/YAF_sad/YAF_bean_sad.wav,tess,sad,normal,tess_YAF,female,2.2221676087490785,24414,2.112,train
data/raw/tess/YAF_sad/YAF_beg_sad.wav,tess,sad,normal,tess_YAF,female,2.14700581633489,24414,1.92,test
data/raw/tess/YAF_sad/YAF_bite_sad.wav,tess,sad,normal,tess_YAF,female,2.042025067584173,24414,1.696,train
data/raw/tess/YAF_sad/YAF_boat_sad.wav,tess,sad,normal,tess_YAF,female,2.3641353321864504,24414,2.08,train
data/raw/tess/YAF_sad/YAF_bone_sad.wav,tess,sad,normal,tess_YAF,female,2.1940689768165806,24414,1.938125,test
data/raw/tess/YAF_sad/YAF_book_sad.wav,tess,sad,normal,tess_YAF,female,2.054231178831818,24414,1.792,train
data/raw/tess/YAF_sad/YAF_bought_sad.wav,tess,sad,normal,tess_YAF,female,2.0362087326943556,24414,2.00425,train
data/raw/tess/YAF_sad/YAF_burn_sad.wav,tess,sad,normal,tess_YAF,female,2.19177521094454,24414,2.1278125,test
data/raw/tess/YAF_sad/YAF_cab_sad.wav,tess,sad,normal,tess_YAF,female,2.4022691898091257,24414,2.24,train
data/raw/tess/YAF_sad/YAF_calm_sad.wav,tess,sad,normal,tess_YAF,female,2.080363725731138,24414,2.048,test
data/raw/tess/YAF_sad/YAF_came_sad.wav,tess,sad,normal,tess_YAF,female,2.4804210698779388,24414,2.4,val
data/raw/tess/YAF_sad/YAF_cause_sad.wav,tess,sad,normal,tess_YAF,female,2.5203162120095026,24414,2.112,train
data/raw/tess/YAF_sad/YAF_chain_sad.wav,tess,sad,normal,tess_YAF,female,2.206438928483657,24414,2.1745,train
data/raw/tess/YAF_sad/YAF_chair_sad.wav,tess,sad,normal,tess_YAF,female,1.942041451626116,24414,1.9420625,train
data/raw/tess/YAF_sad/YAF_chalk_sad.wav,tess,sad,normal,tess_YAF,female,2.1878840009830425,24414,1.888,train
data/raw/tess/YAF_sad/YAF_chat_sad.wav,tess,sad,normal,tess_YAF,female,2.286024412222495,24414,2.176,train
data/raw/tess/YAF_sad/YAF_check_sad.wav,tess,sad,normal,tess_YAF,female,2.3482428115015974,24414,1.824,train
data/raw/tess/YAF_sad/YAF_cheek_sad.wav,tess,sad,normal,tess_YAF,female,2.4301630212173344,24414,1.92,train
data/raw/tess/YAF_sad/YAF_chief_sad.wav,tess,sad,normal,tess_YAF,female,2.11010076185795,24414,1.824,train
data/raw/tess/YAF_sad/YAF_choice_sad.wav,tess,sad,normal,tess_YAF,female,2.395346932088146,24414,2.048,train
data/raw/tess/YAF_sad/YAF_cool_sad.wav,tess,sad,normal,tess_YAF,female,2.333701974277054,24414,2.208,val
data/raw/tess/YAF_sad/YAF_dab_sad.wav,tess,sad,normal,tess_YAF,female,2.212050462849185,24414,2.048,train
data/raw/tess/YAF_sad/YAF_date_sad.wav,tess,sad,normal,tess_YAF,female,2.3837552224133693,24414,2.048,train
data/raw/tess/YAF_sad/YAF_dead_sad.wav,tess,sad,normal,tess_YAF,female,2.324076349635455,24414,2.016,train
data/raw/tess/YAF_sad/YAF_death_sad.wav,tess,sad,normal,tess_YAF,female,2.296100598017531,24414,2.016,train
data/raw/tess/YAF_sad/YAF_deep_sad.wav,tess,sad,normal,tess_YAF,female,2.1828868681903826,24414,2.048,test
data/raw/tess/YAF_sad/YAF_dime_sad.wav,tess,sad,normal,tess_YAF,female,2.12066846891128,24414,2.0566875,train
data/raw/tess/YAF_sad/YAF_dip_sad.wav,tess,sad,normal,tess_YAF,female,2.2215122470713524,24414,2.1895625,val
data/raw/tess/YAF_sad/YAF_ditch_sad.wav,tess,sad,normal,tess_YAF,female,2.543991152617351,24414,2.208,train
data/raw/tess/YAF_sad/YAF_dodge_sad.wav,tess,sad,normal,tess_YAF,female,2.4257802899975425,24414,2.272,val
data/raw/tess/YAF_sad/YAF_dog_sad.wav,tess,sad,normal,tess_YAF,female,2.3482428115015974,24414,2.08,train
data/raw/tess/YAF_sad/YAF_doll_sad.wav,tess,sad,normal,tess_YAF,female,2.223560252314246,24414,2.1275625,train
data/raw/tess/YAF_sad/YAF_door_sad.wav,tess,sad,normal,tess_YAF,female,2.2476857540755306,24414,2.112,test
data/raw/tess/YAF_sad/YAF_fail_sad.wav,tess,sad,normal,tess_YAF,female,2.269353649545343,24414,2.144,train
data/raw/tess/YAF_sad/YAF_fall_sad.wav,tess,sad,normal,tess_YAF,female,2.0561563037601376,24414,2.0241875,test
data/raw/tess/YAF_sad/YAF_far_sad.wav,tess,sad,normal,tess_YAF,female,2.365855656590481,24414,2.24,test
data/raw/tess/YAF_sad/YAF_fat_sad.wav,tess,sad,normal,tess_YAF,female,2.026501187843041,24414,1.952,train
data/raw/tess/YAF_sad/YAF_fit_sad.wav,tess,sad,normal,tess_YAF,female,2.421315638568035,24414,2.176,train
data/raw/tess/YAF_sad/YAF_five_sad.wav,tess,sad,normal,tess_YAF,female,2.4260260506266897,24414,2.144,train
data/raw/tess/YAF_sad/YAF_food_sad.wav,tess,sad,normal,tess_YAF,female,2.314245924469567,24414,2.24,train
data/raw/tess/YAF_sad/YAF_gap_sad.wav,tess,sad,normal,tess_YAF,female,2.233390677480134,24414,2.048,test
data/raw/tess/YAF_sad/YAF_gas_sad.wav,tess,sad,normal,tess_YAF,female,2.3893257966740395,24414,2.24,test
data/raw/tess/YAF_sad/YAF_gaze_sad.wav,tess,sad,normal,tess_YAF,female,2.5369050544769394,24414,2.432,test
data/raw/tess/YAF_sad/YAF_germ_sad.wav,tess,sad,normal,tess_YAF,female,2.2818874416318504,24414,2.208,test
data/raw/tess/YAF_sad/YAF_get_sad.wav,tess,sad,normal,tess_YAF,female,2.3140001638404195,24414,2.112,val
data/raw/tess/YAF_sad/YAF_gin_sad.wav,tess,sad,normal,tess_YAF,female,2.140411239452773,24414,2.0764375,val
data/raw/tess/YAF_sad/YAF_goal_sad.wav,tess,sad,normal,tess_YAF,female,2.2632915540263783,24414,2.112,test
data/raw/tess/YAF_sad/YAF_good_sad.wav,tess,sad,normal,tess_YAF,female,2.2535020889653476,24414,2.112,train
data/raw/tess/YAF_sad/YAF_goose_sad.wav,tess,sad,normal,tess_YAF,female,2.384492504300811,24414,2.112,val
data/raw/tess/YAF_sad/YAF_gun_sad.wav,tess,sad,normal,tess_YAF,female,2.288973539772262,24414,2.176,train
data/raw/tess/YAF_sad/YAF_half_sad.wav,tess,sad,normal,tess_YAF,female,2.3952650118784304,24414,2.08,train
data/raw/tess/YAF_sad/YAF_hall_sad.wav,tess,sad,normal,tess_YAF,female,2.1019906610960923,24414,2.07,train
data/raw/tess/YAF_sad/YAF_hash_sad.wav,tess,sad,normal,tess_YAF,female,2.1948062587040225,24414,2.016,train
data/raw/tess/YAF_sad/YAF_hate_sad.wav,tess,sad,normal,tess_YAF,female,2.076595396084214,24414,1.888,train
data/raw/tess/YAF_sad/YAF_have_sad.wav,tess,sad,normal,tess_YAF,female,2.200172032440403,24414,2.016,test
data/raw/tess/YAF_sad/YAF_haze_sad.wav,tess,sad,normal,tess_YAF,female,2.293274350782338,24414,2.176,train
data/raw/tess/YAF_sad/YAF_hire_sad.wav,tess,sad,normal,tess_YAF,female,2.244081264848038,24414,2.08,train
data/raw/tess/YAF_sad/YAF_hit_sad.wav,tess,sad,normal,tess_YAF,female,2.382116818219054,24414,2.112,test
data/raw/tess/YAF_sad/YAF_hole_sad.wav,tess,sad,normal,tess_YAF,female,2.264520357172114,24414,2.2005625,val
data/raw/tess/YAF_sad/YAF_home_sad.wav,tess,sad,normal,tess_YAF,female,2.102359302039813,24414,2.006375,train
data/raw/tess/YAF_sad/YAF_hurl_sad.wav,tess,sad,normal,tess_YAF,female,1.9873433275989187,24414,1.955375,train
data/raw/tess/YAF_sad/YAF_hush_sad.wav,tess,sad,normal,tess_YAF,female,2.185958876054723,24414,2.144,train
data/raw/tess/YAF_sad/YAF_jail_sad.wav,tess,sad,normal,tess_YAF,female,2.252805767182764,24414,2.144,train
data/raw/tess/YAF_sad/YAF_jar_sad.wav,tess,sad,normal,tess_YAF,female,2.050135168346031,24414,1.952,val
data/raw/tess/YAF_sad/YAF_join_sad.wav,tess,sad,normal,tess_YAF,female,2.235889243876464,24414,2.2039375,train
data/raw/tess/YAF_sad/YAF_judge_sad.wav,tess,sad,normal,tess_YAF,female,2.3735151961989023,24414,2.208,train
data/raw/tess/YAF_sad/YAF_jug_sad.wav,tess,sad,normal,tess_YAF,female,2.4311051036290654,24414,2.08,train
data/raw/tess/YAF_sad/YAF_juice_sad.wav,tess,sad,normal,tess_YAF,female,2.3808880150733187,24414,2.24,train
data/raw/tess/YAF_sad/YAF_keen_sad.wav,tess,sad,normal,tess_YAF,female,2.2251986565085606,24414,2.144,val
data/raw/tess/YAF_sad/YAF_keep_sad.wav,tess,sad,normal,tess_YAF,female,2.690218726959941,24414,2.144,train
data/raw/tess/YAF_sad/YAF_keg_sad.wav,tess,sad,normal,tess_YAF,female,2.2036946014581797,24414,1.984,train
data/raw/tess/YAF_sad/YAF_kick_sad.wav,tess,sad,normal,tess_YAF,female,2.4169738674531005,24414,1.888,train
data/raw/tess/YAF_sad/YAF_kill_sad.wav,tess,sad,normal,tess_YAF,female,2.1651101826820676,24414,1.984,val
data/raw/tess/YAF_sad/YAF_king_sad.wav,tess,sad,normal,tess_YAF,female,2.1825591873515195,24414,2.1505625,train
data/raw/tess/YAF_sad/YAF_kite_sad.wav,tess,sad,normal,tess_YAF,female,2.2691078889161957,24414,1.888,train
data/raw/tess/YAF_sad/YAF_knock_sad.wav,tess,sad,normal,tess_YAF,female,2.107192594413042,24414,1.856,train
data/raw/tess/YAF_sad/YAF_late_sad.wav,tess,sad,normal,tess_YAF,female,2.266199721471287,24414,2.016,train
data/raw/tess/YAF_sad/YAF_laud_sad.wav,tess,sad,normal,tess_YAF,female,2.192676333251413,24414,2.08,train
data/raw/tess/YAF_sad/YAF_lean_sad.wav,tess,sad,normal,tess_YAF,female,2.3100270336692064,24414,2.144,train
data/raw/tess/YAF_sad/YAF_learn_sad.wav,tess,sad,normal,tess_YAF,female,2.1943556975505856,24414,2.112,train
data/raw/tess/YAF_sad/YAF_lease_sad.wav,tess,sad,normal,tess_YAF,female,2.323420987957729,24414,2.08,val
data/raw/tess/YAF_sad/YAF_lid_sad.wav,tess,sad,normal,tess_YAF,female,2.3205128205128207,24414,1.952,train
data/raw/tess/YAF_sad/YAF_life_sad.wav,tess,sad,normal,tess_YAF,female,2.515851560579995,24414,1.984,test
data/raw/tess/YAF_sad/YAF_limb_sad.wav,tess,sad,normal,tess_YAF,female,2.2775047104120585,24414,2.08,val
data/raw/tess/YAF_sad/YAF_live_sad.wav,tess,sad,normal,tess_YAF,female,2.207708691734251,24414,1.952,train
data/raw/tess/YAF_sad/YAF_loaf_sad.wav,tess,sad,normal,tess_YAF,female,2.2420332596051447,24414,1.92,val
data/raw/tess/YAF_sad/YAF_long_sad.wav,tess,sad,normal,tess_YAF,female,2.1931268944048496,24414,2.1611875,test
data/raw/tess/YAF_sad/YAF_lore_sad.wav,tess,sad,normal,tess_YAF,female,2.1146882936020317,24414,1.952,test
data/raw/tess/YAF_sad/YAF_lose_sad.wav,tess,sad,normal,tess_YAF,female,2.36798558204309,24414,2.24,train
data/raw/tess/YAF_sad/YAF_lot_sad.wav,tess,sad,normal,tess_YAF,female,2.0349799295486197,24414,1.984,train
data/raw/tess/YAF_sad/YAF_love_sad.wav,tess,sad,normal,tess_YAF,female,2.141558122388793,24414,2.048,train
data/raw/tess/YAF_sad/YAF_luck_sad.wav,tess,sad,normal,tess_YAF,female,2.2795117555500943,24414,1.792,val
data/raw/tess/YAF_sad/YAF_make_sad.wav,tess,sad,normal,tess_YAF,female,2.4114032931924307,24414,2.048,train
data/raw/tess/YAF_sad/YAF_match_sad.wav,tess,sad,normal,tess_YAF,female,2.2569427377734086,24414,2.048,train
data/raw/tess/YAF_sad/YAF_merge_sad.wav,tess,sad,normal,tess_YAF,female,2.403170312115999,24414,2.208,test
data/raw/tess/YAF_sad/YAF_mess_sad.wav,tess,sad,normal,tess_YAF,female,2.468665519783731,24414,1.984,train
data/raw/tess/YAF_sad/YAF_met_sad.wav,tess,sad,normal,tess_YAF,female,2.1944376177603013,24414,2.08,train
data/raw/tess/YAF_sad/YAF_mill_sad.wav,tess,sad,normal,tess_YAF,female,2.1667485868763823,24414,2.048,test
data/raw/tess/YAF_sad/YAF_mob_sad.wav,tess,sad,normal,tess_YAF,female,2.341730154829196,24414,2.30975,train
data/raw/tess/YAF_sad/YAF_mode_sad.wav,tess,sad,normal,tess_YAF,female,2.2444089456869007,24414,2.112,train
data/raw/tess/YAF_sad/YAF_mood_sad.wav,tess,sad,normal,tess_YAF,female,2.3012206111247644,24414,2.144,test
data/raw/tess/YAF_sad/YAF_moon_sad.wav,tess,sad,normal,tess_YAF,female,2.08781846481527,24414,1.952,train
data/raw/tess/YAF_sad/YAF_mop_sad.wav,tess,sad,normal,tess_YAF,female,2.31322192184812,24414,2.24925,train
data/raw/tess/YAF_sad/YAF_mouse_sad.wav,tess,sad,normal,tess_YAF,female,2.4999590398951423,24414,2.4,train
data/raw/tess/YAF_sad/YAF_nag_sad.wav,tess,sad,normal,tess_YAF,female,2.311542557548947,24414,2.08,test
data/raw/tess/YAF_sad/YAF_name_sad.wav,tess,sad,normal,tess_YAF,female,2.28323912509216,24414,2.18725,train
data/raw/tess/YAF_sad/YAF_near_sad.wav,tess,sad,normal,tess_YAF,female,2.236339805029901,24414,2.08,train
data/raw/tess/YAF_sad/YAF_neat_sad.wav,tess,sad,normal,tess_YAF,female,2.2130744654706316,24414,2.048,train
data/raw/tess/YAF_sad/YAF_nice_sad.wav,tess,sad,normal,tess_YAF,female,2.252478086343901,24414,2.112,train
data/raw/tess/YAF_sad/YAF_note_sad.wav,tess,sad,normal,tess_YAF,female,2.4231588432866387,24414,2.304,train
data/raw/tess/YAF_sad/YAF_numb_sad.wav,tess,sad,normal,tess_YAF,female,2.2066027689030885,24414,2.142625,test
data/raw/tess/YAF_sad/YAF_pad_sad.wav,tess,sad,normal,tess_YAF,female,2.298885885147866,24414,2.112,test
data/raw/tess/YAF_sad/YAF_page_sad.wav,tess,sad,normal,tess_YAF,female,2.345252723846973,24414,1.984,val
data/raw/tess/YAF_sad/YAF_pain_sad.wav,tess,sad,normal,tess_YAF,female,2.1987793888752356,24414,1.92,train
data/raw/tess/YAF_sad/YAF_pass_sad.wav,tess,sad,normal,tess_YAF,female,2.505038092897518,24414,2.144,val
data/raw/tess/YAF_sad/YAF_pearl_sad.wav,tess,sad,normal,tess_YAF,female,2.304743180142541,24414,2.176,train
data/raw/tess/YAF_sad/YAF_peg_sad.wav,tess,sad,normal,tess_YAF,female,2.361186204636684,24414,2.144,train
data/raw/tess/YAF_sad/YAF_perch_sad.wav,tess,sad,normal,tess_YAF,female,2.5567707053330055,24414,2.272,val
data/raw/tess/YAF_sad/YAF_phone_sad.wav,tess,sad,normal,tess_YAF,female,2.224420414516261,24414,2.144,train
data/raw/tess/YAF_sad/YAF_pick_sad.wav,tess,sad,normal,tess_YAF,female,2.459818137134431,24414,1.76,val
data/raw/tess/YAF_sad/YAF_pike_sad.wav,tess,sad,normal,tess_YAF,female,2.218849840255591,24414,1.888,val
data/raw/tess/YAF_sad/YAF_pole_sad.wav,tess,sad,normal,tess_YAF,female,2.3392725485377244,24414,1.952,train
data/raw/tess/YAF_sad/YAF_pool_sad.wav,tess,sad,normal,tess_YAF,female,2.116162857376915,24414,2.112,train
data/raw/tess/YAF_sad/YAF_puff_sad.wav,tess,sad,normal,tess_YAF,female,2.052920455476366,24414,1.728,train
data/raw/tess/YAF_sad/YAF_rag_sad.wav,tess,sad,normal,tess_YAF,female,2.171540919144753,24414,1.984,train
data/raw/tess/YAF_sad/YAF_raid_sad.wav,tess,sad,normal,tess_YAF,female,2.142623085115098,24414,2.048,train
data/raw/tess/YAF_sad/YAF_rain_sad.wav,tess,sad,normal,tess_YAF,female,2.141558122388793,24414,2.08,train
data/raw/tess/YAF_sad/YAF_raise_sad.wav,tess,sad,normal,tess_YAF,female,2.5368231342672236,24414,2.208,train
data/raw/tess/YAF_sad/YAF_rat_sad.wav,tess,sad,normal,tess_YAF,female,2.3638076513475874,24414,2.144,train
data/raw/tess/YAF_sad/YAF_reach_sad.wav,tess,sad,normal,tess_YAF,female,2.2641926763332516,24414,2.112,train
data/raw/tess/YAF_sad/YAF_read_sad.wav,tess,sad,normal,tess_YAF,female,2.2616531498320636,24414,2.048,train
data/raw/tess/YAF_sad/YAF_red_sad.wav,tess,sad,normal,tess_YAF,female,2.2051282051282053,24414,1.856,train
data/raw/tess/YAF_sad/YAF_ring_sad.wav,tess,sad,normal,tess_YAF,female,2.2828295240435814,24414,2.08,train
data/raw/tess/YAF_sad/YAF_ripe_sad.wav,tess,sad,normal,tess_YAF,female,2.124191037929057,24414,2.06025,train
data/raw/tess/YAF_sad/YAF_road_sad.wav,tess,sad,normal,tess_YAF,female,2.3567215532071764,24414,2.176,train
data/raw/tess/YAF_sad/YAF_room_sad.wav,tess,sad,normal,tess_YAF,female,2.345867125419841,24414,2.208,train
data/raw/tess/YAF_sad/YAF_rose_sad.wav,tess,sad,normal,tess_YAF,female,2.301056770705333,24414,2.208,test
data/raw/tess/YAF_sad/YAF_rot_sad.wav,tess,sad,normal,tess_YAF,female,2.229704268042926,24414,2.08,train
data/raw/tess/YAF_sad/YAF_rough_sad.wav,tess,sad,normal,tess_YAF,female,2.285860571803064,24414,1.984,test
data/raw/tess/YAF_sad/YAF_rush_sad.wav,tess,sad,normal,tess_YAF,female,2.4157860244122227,24414,2.304,train
data/raw/tess/YAF_sad/YAF_said_sad.wav,tess,sad,normal,tess_YAF,female,2.2495289587941345,24414,2.016,train
data/raw/tess/YAF_sad/YAF_sail_sad.wav,tess,sad,normal,tess_YAF,female,2.126320963381666,24414,2.094375,train
data/raw/tess/YAF_sad/YAF_search_sad.wav,tess,sad,normal,tess_YAF,female,2.3834275415745063,24414,2.24,train
data/raw/tess/YAF_sad/YAF_seize_sad.wav,tess,sad,normal,tess_YAF,female,2.353936266076841,24414,2.112,train
data/raw/tess/YAF_sad/YAF_sell_sad.wav,tess,sad,normal,tess_YAF,female,2.1859179159498647,24414,2.1539375,train
data/raw/tess/YAF_sad/YAF_shack_sad.wav,tess,sad,normal,tess_YAF,female,2.250102400262145,24414,2.016,test
data/raw/tess/YAF_sad/YAF_shall_sad.wav,tess,sad,normal,tess_YAF,female,2.198615548455804,24414,2.112,train
data/raw/tess/YAF_sad/YAF_shawl_sad.wav,tess,sad,normal,tess_YAF,female,2.177684934873433,24414,2.112,train
data/raw/tess/YAF_sad/YAF_sheep_sad.wav,tess,sad,normal,tess_YAF,female,2.342795117555501,24414,2.048,train
data/raw/tess/YAF_sad/YAF_shirt_sad.wav,tess,sad,normal,tess_YAF,female,2.200172032440403,24414,2.112,train
data/raw/tess/YAF_sad/YAF_should_sad.wav,tess,sad,normal,tess_YAF,female,2.0962972065208487,24414,1.984,test
data/raw/tess/YAF_sad/YAF_shout_sad.wav,tess,sad,normal,tess_YAF,female,2.279470795445236,24414,2.08,train
data/raw/tess/YAF_sad/YAF_size_sad.wav,tess,sad,normal,tess_YAF,female,2.349307774227902,24414,2.112,train
data/raw/tess/YAF_sad/YAF_soap_sad.wav,tess,sad,normal,tess_YAF,female,2.0825755713934626,24414,2.018625,test
data/raw/tess/YAF_sad/YAF_soup_sad.wav,tess,sad,normal,tess_YAF,female,2.4415499303678216,24414,2.144,val
data/raw/tess/YAF_sad/YAF_sour_sad.wav,tess,sad,normal,tess_YAF,female,2.295977717702957,24414,2.176,train
data/raw/tess/YAF_sad/YAF_south_sad.wav,tess,sad,normal,tess_YAF,female,2.274391742442861,24414,2.112,train
data/raw/tess/YAF_sad/YAF_sub_sad.wav,tess,sad,normal,tess_YAF,female,2.282706643729008,24414,2.112,train
data/raw/tess/YAF_sad/YAF_such_sad.wav,tess,sad,normal,tess_YAF,female,2.3031457360530845,24414,2.208,train
data/raw/tess/YAF_sad/YAF_sure_sad.wav,tess,sad,normal,tess_YAF,female,2.253420168755632,24414,2.048,val
data/raw/tess/YAF_sad/YAF_take_sad.wav,tess,sad,normal,tess_YAF,female,2.184771033013845,24414,1.856,val
data/raw/tess/YAF_sad/YAF_talk_sad.wav,tess,sad,normal,tess_YAF,female,2.2891373801916934,24414,2.016,test
data/raw/tess/YAF_sad/YAF_tape_sad.wav,tess,sad,normal,tess_YAF,female,2.322601785860572,24414,2.208,train
data/raw/tess/YAF_sad/YAF_team_sad.wav,tess,sad,normal,tess_YAF,female,2.3653641353321864,24414,2.144,train
data/raw/tess/YAF_sad/YAF_tell_sad.wav,tess,sad,normal,tess_YAF,female,2.3059310231834194,24414,2.144,train
data/raw/tess/YAF_sad/YAF_thin_sad.wav,tess,sad,normal,tess_YAF,female,2.2924551486851805,24414,2.24,train
data/raw/tess/YAF_sad/YAF_third_sad.wav,tess,sad,normal,tess_YAF,female,2.2902842631277136,24414,2.144,train
data/raw/tess/YAF_sad/YAF_thought_sad.wav,tess,sad,normal,tess_YAF,female,2.19427377734087,24414,2.112,train
data/raw/tess/YAF_sad/YAF_thumb_sad.wav,tess,sad,normal,tess_YAF,female,2.1585565659048087,24414,2.144,train
data/raw/tess/YAF_sad/YAF_time_sad.wav,tess,sad,normal,tess_YAF,female,2.18427951175555,24414,2.1523125,val
data/raw/tess/YAF_sad/YAF_tip_sad.wav,tess,sad,normal,tess_YAF,female,2.1511837470303923,24414,1.984,train
data/raw/tess/YAF_sad/YAF_tire_sad.wav,tess,sad,normal,tess_YAF,female,2.1483984599000574,24414,2.144,val
data/raw/tess/YAF_sad/YAF_ton_sad.wav,tess,sad,normal,tess_YAF,female,2.169247153272712,24414,2.112,val
data/raw/tess/YAF_sad/YAF_tool_sad.wav,tess,sad,normal,tess_YAF,female,2.246948472188089,24414,2.176,val
data/raw/tess/YAF_sad/YAF_tough_sad.wav,tess,sad,normal,tess_YAF,female,2.1778487752928646,24414,1.856,train
data/raw/tess/YAF_sad/YAF_turn_sad.wav,tess,sad,normal,tess_YAF,female,2.207995412468256,24414,2.176,test
data/raw/tess/YAF_sad/YAF_vine_sad.wav,tess,sad,normal,tess_YAF,female,2.1872286393053164,24414,2.09125,train
data/raw/tess/YAF_sad/YAF_voice_sad.wav,tess,sad,normal,tess_YAF,female,2.231383632342099,24414,2.08,train
data/raw/tess/YAF_sad/YAF_void_sad.wav,tess,sad,normal,tess_YAF,female,2.491930859343,24414,2.176,train
data/raw/tess/YAF_sad/YAF_vote_sad.wav,tess,sad,normal,tess_YAF,female,2.1913246497911034,24414,2.048,train
data/raw/tess/YAF_sad/YAF_wag_sad.wav,tess,sad,normal,tess_YAF,female,2.21483574997952,24414,2.016,train
data/raw/tess/YAF_sad/YAF_walk_sad.wav,tess,sad,normal,tess_YAF,female,2.408699926271811,24414,2.048,train
data/raw/tess/YAF_sad/YAF_wash_sad.wav,tess,sad,normal,tess_YAF,female,2.4238961251740805,24414,2.304,val
data/raw/tess/YAF_sad/YAF_week_sad.wav,tess,sad,normal,tess_YAF,female,2.3245269107888915,24414,1.824,val
data/raw/tess/YAF_sad/YAF_wheat_sad.wav,tess,sad,normal,tess_YAF,female,2.4223396411894815,24414,2.304,test
data/raw/tess/YAF_sad/YAF_when_sad.wav,tess,sad,normal,tess_YAF,female,2.223150651265667,24414,2.2231875,train
data/raw/tess/YAF_sad/YAF_which_sad.wav,tess,sad,normal,tess_YAF,female,2.3563529122634552,24414,2.208,train
data/raw/tess/YAF_sad/YAF_whip_sad.wav,tess,sad,normal,tess_YAF,female,2.2523142459244694,24414,2.176,val
data/raw/tess/YAF_sad/YAF_white_sad.wav,tess,sad,normal,tess_YAF,female,2.2822560825755716,24414,2.048,train
data/raw/tess/YAF_sad/YAF_wife_sad.wav,tess,sad,normal,tess_YAF,female,2.2968378799049725,24414,1.984,val
data/raw/tess/YAF_sad/YAF_wire_sad.wav,tess,sad,normal,tess_YAF,female,2.459490456295568,24414,2.304,train
data/raw/tess/YAF_sad/YAF_witch_sad.wav,tess,sad,normal,tess_YAF,female,2.218972720570165,24414,2.187,train
data/raw/tess/YAF_sad/YAF_yearn_sad.wav,tess,sad,normal,tess_YAF,female,2.1360694683378387,24414,2.136125,train
data/raw/tess/YAF_sad/YAF_yes_sad.wav,tess,sad,normal,tess_YAF,female,2.218890800360449,24414,2.016,train
data/raw/tess/YAF_sad/YAF_young_sad.wav,tess,sad,normal,tess_YAF,female,2.329605963791267,24414,2.144,train
data/raw/tess/YAF_sad/YAF_youth_sad.wav,tess,sad,normal,tess_YAF,female,2.375358400917506,24414,2.144,train
